timestamp,ear,mar,pitch,yaw,roll,blink_count,yawn_count,phone_detected,is_drowsy,is_distracted,driver_state
2026-07-21T12:38:22.115599,0.23033203522679224,0.6958587080051778,0.5408072101304242,-30.856101420212312,-3.0914466999518595,0,0,0,0,0,SAFE
2026-07-21T12:38:22.210827,0.18744764238097933,0.22621261758684758,-8.96087756023826,1.7601080205232154,-6.255663951464071,0,0,0,0,0,SAFE
2026-07-21T12:38:22.294503,0.1656723576911097,0.22756200179424027,-4.534267930231778,-0.814578598228823,-6.567313035231228,0,0,0,0,0,SAFE
2026-07-21T12:38:22.383897,0.15604259162001036,0.2318610252989273,-4.082895657718296,-1.7269070118640841,-6.4391035456667645,0,0,0,0,0,SAFE
2026-07-21T12:38:22.466989,0.20239512624134554,0.23088703629569973,-0.3969965295893303,1.8434491198027503,-4.7825910764967,1,0,0,0,0,SAFE
2026-07-21T12:38:22.547086,0.20828374571141,0.22466819187831216,-3.079351497814258,0.7501172418781317,-4.569685256019032,1,0,0,0,0,SAFE
2026-07-21T12:38:22.814123,0.18687324839818295,0.22544686174612413,10.41557613639469,3.107787064699057,0.023515181009059916,1,0,0,0,0,SAFE
2026-07-21T12:38:22.897713,0.23333210261799775,0.22549019607843138,10.18989725443896,-2.9207637290228092,-0.2753576959493387,1,0,0,0,0,SAFE
2026-07-21T12:38:22.980322,0.20913720774896943,0.22133452190798272,10.328353613864124,-1.1959361541302085,-1.7775104446612602,1,0,0,0,0,SAFE
2026-07-21T12:38:23.065337,0.23335881923724405,0.24067546419554464,10.44367749666793,-3.597524253880679,-1.3603600640496438,1,0,0,0,0,SAFE
2026-07-21T12:38:23.144436,0.2071059568614691,0.22132185644549565,2.4707312315247805,9.109639730992704,0.26369507257518876,1,0,0,0,0,SAFE
2026-07-21T12:38:23.301738,0.1852598083554648,0.22565984890911553,2.4722227658758413,7.612692856783853,-0.1222502822457443,1,0,0,0,0,SAFE
2026-07-21T12:38:23.381384,0.20416829148614105,0.23961204722866333,-8.99720525172242,5.716632663809932,-1.0224786471977063,1,0,0,0,0,SAFE
2026-07-21T12:38:23.460458,0.21937286534263828,0.23580708684517032,2.3545874775636833,5.352792032179311,-0.0959218462834599,1,0,0,0,0,SAFE
2026-07-21T12:38:23.537535,0.20799946283636983,0.22018312323358763,2.3404990631731266,13.854200046205005,1.074698418999958,1,0,0,0,0,SAFE
2026-07-21T12:38:23.615959,0.23321578904147272,0.21875,-0.36826217703873,21.96253919648168,2.76321148425896,1,0,0,0,0,SAFE
2026-07-21T12:38:23.699387,0.2190469622900333,0.22995401379540162,-1.6832543464747118,30.11301407764708,4.172793214331477,1,0,0,0,0,SAFE
2026-07-21T12:38:23.782009,0.29880223641774345,0.20707085328199076,-19.868020776365626,39.57835056772282,-3.5939207741453743,1,0,0,0,0,SAFE
2026-07-21T12:38:23.868992,0.3234379452053856,0.2304442994812384,-18.86678563356614,41.17214107324439,-4.218396921626701,1,0,0,0,0,SAFE
2026-07-21T12:38:23.955080,0.35183749264790093,0.22283970527393757,-17.58917242560915,43.15320143108558,-4.1626194692804495,1,0,0,0,0,SAFE
2026-07-21T12:38:24.035680,0.33537679575670953,0.2153831276974845,-19.495284257932042,43.24884830564241,-5.030971695465456,1,0,0,0,0,SAFE
2026-07-21T12:38:24.114792,0.33222072492790145,0.22923051369191785,-17.04367528787023,43.125053097838915,-3.163729257884607,1,0,0,0,0,SAFE
2026-07-21T12:38:24.198876,0.3610256767956286,0.2153831276974845,-16.70419632166096,42.754181903110634,-2.854360260576872,1,0,0,0,0,SAFE
2026-07-21T12:38:24.280005,0.3486035036898484,0.22452825823806485,-16.52167406919375,41.717621709454164,-3.6907358277930413,1,0,0,0,0,SAFE
2026-07-21T12:38:24.353578,0.3078129452053856,0.22339988461332028,-19.302889856139984,40.818028891237404,-6.0725838650479576,1,0,0,0,0,SAFE
2026-07-21T12:38:24.440356,0.2485239940585779,0.23649291959934365,-18.930884632039977,42.07128023204745,-4.182536653090531,1,0,0,0,0,SAFE
2026-07-21T12:38:24.524349,0.3186640603751872,0.24393309000773994,-5.509266531873948,40.64025362943564,5.449619513664288,1,0,0,0,0,SAFE
2026-07-21T12:38:24.607441,0.26529373613156376,0.23327574149404232,-3.942464131551077,37.81634036030346,4.771539807944976,1,0,0,0,0,SAFE
2026-07-21T12:38:24.687351,0.2794254330171304,0.23249527748763854,-7.202096738982817,38.92624064133458,3.132798318986403,1,0,0,0,0,SAFE
2026-07-21T12:38:24.771480,0.3066661270008113,0.23834075731577775,-20.311889835498107,36.4383634594711,-5.45946636756682,1,0,0,0,0,SAFE
2026-07-21T12:38:24.849495,0.2763550898929914,0.21568638936358742,-3.8359471606251248,37.423691528572974,4.8296878931390665,1,0,0,0,0,SAFE
2026-07-21T12:38:24.933236,0.25001027585750846,0.23249527748763854,-4.243062458301949,36.71065956561912,4.115979861346943,1,0,0,0,0,SAFE
2026-07-21T12:38:25.013861,0.25001027585750846,0.22703830459324992,-2.5371962080684227,36.62291638241621,4.940243658748528,1,0,0,0,0,SAFE
2026-07-21T12:38:25.097549,0.25700161211806793,0.22087051361325663,-15.053432472163138,31.5320637711456,-2.874674615815616,1,0,0,0,0,SAFE
2026-07-21T12:38:25.180448,0.26369415445386946,0.22721405353294152,-2.7393950295749505,33.62925245292342,4.141759306412439,1,0,0,0,0,SAFE
2026-07-21T12:38:25.264813,0.26308590821159644,0.2273219253216873,-2.509524373918623,33.42254002566765,4.356952354050549,1,0,0,0,0,SAFE
2026-07-21T12:38:25.357493,0.257499307277818,0.21598491738101175,-12.269701075354021,29.714541491996194,-2.006050317111329,1,0,0,0,0,SAFE
2026-07-21T12:38:25.438561,0.24708935820186856,0.21598491738101175,-1.577815816745101,32.73992436613515,4.568475771553466,1,0,0,0,0,SAFE
2026-07-21T12:38:25.525917,0.26886863455196236,0.22721405353294152,-0.2743314287682779,31.940116213635733,4.904532116403033,1,0,0,0,0,SAFE
2026-07-21T12:38:25.612538,0.26521580470741934,0.22200306810360193,-0.11627123714734466,31.794337030670032,4.7969106189606805,1,0,0,0,0,SAFE
2026-07-21T12:38:25.692630,0.2637498423731554,0.23338055212047631,-1.3337199675250702,30.840453533981098,3.77209287980628,1,0,0,0,0,SAFE
2026-07-21T12:38:25.770815,0.26594393912327774,0.22069164692422386,-11.625521521554276,28.726651869040197,-1.9044500201219385,1,0,0,0,0,SAFE
2026-07-21T12:38:25.854822,0.2637498423731554,0.22087051361325663,-11.761127274526814,28.52071812758606,-2.027348034415852,1,0,0,0,0,SAFE
2026-07-21T12:38:26.088849,0.24678548941372713,0.2261263904897451,-11.86412212578037,28.068255366223994,-2.2596728145327982,1,0,0,0,0,SAFE
2026-07-21T12:38:26.169365,0.2685782607685816,0.21585335085629445,-12.90122350525985,27.520486655230634,-2.340617111429697,1,0,0,0,0,SAFE
2026-07-21T12:38:26.248456,0.26956241379849044,0.21135112753791932,-12.73304084636328,27.061286831184493,-2.1841239376225756,1,0,0,0,0,SAFE
2026-07-21T12:38:26.336373,0.2555619778429683,0.2261263904897451,-12.457459153433575,30.17460654275388,-2.6192830352612497,1,0,0,0,0,SAFE
2026-07-21T12:38:26.422269,0.273893535269929,0.21585335085629445,-12.282541166372027,29.602562022770183,-2.5426976414226505,1,0,0,0,0,SAFE
2026-07-21T12:38:26.513430,0.27902159427444917,0.21585335085629445,-12.497762081361401,29.713836177980347,-2.7022926854145917,1,0,0,0,0,SAFE
2026-07-21T12:38:26.594493,0.27180305195803534,0.2385747562095886,-2.0208058879411794,31.98679569656758,3.3717839820205313,1,0,0,0,0,SAFE
2026-07-21T12:38:26.677566,0.2782322599577832,0.22087051361325663,-13.011349648319595,29.402055677810022,-3.2691721427808966,1,0,0,0,0,SAFE
2026-07-21T12:38:26.780355,0.2703747476615892,0.2261904761904762,-12.355725428803595,29.281757309787817,-3.459737012032722,1,0,0,0,1,DISTRACTED
2026-07-21T12:38:26.858802,0.2879221988058936,0.22093023255813954,-12.628271423854812,29.503220063921116,-3.935499635340537,1,0,0,0,1,DISTRACTED
2026-07-21T12:38:26.942822,0.28737696484815545,0.2261263904897451,-11.673486897666692,29.5023339028573,-3.692383902083118,1,0,0,0,1,DISTRACTED
2026-07-21T12:38:27.025416,0.28046954812244396,0.22087051361325663,-11.625344210427329,28.97340049851352,-3.599651421556098,1,0,0,0,1,DISTRACTED
2026-07-21T12:38:27.164360,0.28046954812244396,0.23885859648706811,-0.38717537089166854,31.471326380259793,3.0142913110005907,1,0,0,0,1,DISTRACTED
2026-07-21T12:38:27.256464,0.2551727127176754,0.23333333333333334,-0.6440470402775418,30.990827350805244,2.518563673336587,1,0,0,0,1,DISTRACTED
2026-07-21T12:38:27.342971,0.24452278712782205,0.22727272727272727,0.0332137780849564,30.750955708445268,2.6513800550430346,1,0,0,0,1,DISTRACTED
2026-07-21T12:38:27.434802,0.2497538908542113,0.23787697844163624,0.9083605896805977,29.978594206101178,3.001919872068129,1,0,0,0,1,DISTRACTED
2026-07-21T12:38:27.539395,0.24735473603531927,0.23938908740900694,1.7339128893500515,24.359051312267642,1.7431854682600942,1,0,0,0,0,SAFE
2026-07-21T12:38:27.671367,0.22581438064953144,0.23408386192813352,0.16741801713266113,22.872869270227056,0.054485926691086206,1,0,0,0,0,SAFE
2026-07-21T12:38:27.759861,0.22739724337890105,0.2222803987152962,1.8340646308549253,20.851075997595355,-0.593468625612644,1,0,0,0,0,SAFE
2026-07-21T12:38:27.846487,0.23064284584588027,0.22803508501982758,1.9082272423093514,17.19936837514262,-1.5153248884559503,1,0,0,0,0,SAFE
2026-07-21T12:38:27.930700,0.20940197027692403,0.24003405654927845,2.064618240689242,10.59167492709649,-3.160604992873033,1,0,0,0,0,SAFE
2026-07-21T12:38:28.011022,0.20223670860291376,0.23368903271386757,4.8987975991071835,5.098370184211142,-3.9921391069951255,1,0,0,0,0,SAFE
2026-07-21T12:38:28.091834,0.1993957477962623,0.22466819187831216,0.11202652994276718,-18.76894651915998,-6.637010966761693,1,0,0,0,0,SAFE
2026-07-21T12:38:28.174536,0.21757083454209136,0.2189807895841472,-1.371971642438922,-24.93808216254561,-6.932422187328939,1,0,0,0,0,SAFE
2026-07-21T12:38:28.259124,0.2117713687399071,0.22804797451645786,-15.008874709844662,-19.167425005369875,-0.24461329943631624,1,0,0,0,0,SAFE
2026-07-21T12:38:28.346221,0.22452249698790114,0.2345304000897878,-4.229993131513737,-30.820947548791928,-5.208698231696786,1,0,0,0,0,SAFE
2026-07-21T12:38:28.425309,0.2256060515587986,0.23916314201896605,-5.267997849805909,-33.44279796677887,-5.282313279868248,1,0,0,0,0,SAFE
2026-07-21T12:38:28.504894,0.2229305941593131,0.22320317504229872,-3.380568759242749,-32.26217554010213,-5.46932655374161,1,0,0,0,0,SAFE
2026-07-21T12:38:28.587473,0.23471313323714843,0.2444250884895526,-2.915290667473897,-32.49315845005982,-5.648493358453663,1,0,0,0,0,SAFE
2026-07-21T12:38:28.678639,0.24196826880100009,0.23380839611866294,-2.909102423272685,-32.07674460105853,-5.571612346832325,1,0,0,0,0,SAFE
2026-07-21T12:38:28.755475,0.23832129592989937,0.2220070246127011,-1.4912004666628036,-32.49999871566301,-5.741529423946929,1,0,0,0,0,SAFE
2026-07-21T12:38:28.836045,0.2333277157918387,0.23308035169046204,-0.48329227906941696,-32.48386447866673,-5.925153795318181,1,0,0,0,0,SAFE
2026-07-21T12:38:28.920642,0.2542596972588003,0.22787720501522898,-1.345877959601836,-32.45345591941763,-5.948947173355634,1,0,0,0,0,SAFE
2026-07-21T12:38:29.001731,0.24898031642299773,0.2339224291552822,-1.1431047278350945,-32.417242419508554,-5.715004665796556,1,0,0,0,0,SAFE
2026-07-21T12:38:29.082343,0.24290778202913782,0.2220070246127011,-2.934379216800181,-34.16933465776441,-5.48793602726721,1,0,0,0,0,SAFE
2026-07-21T12:38:29.167288,0.23236117739714407,0.22099710263708916,-3.480683702850314,-36.27461695909269,-5.6395410505544135,1,0,0,0,0,SAFE
2026-07-21T12:38:29.254752,0.26902584130715346,0.22162598984066928,-4.192614508090088,-37.384954108446074,-6.611777581300572,1,0,0,0,0,SAFE
2026-07-21T12:38:29.339346,0.2433144367499943,0.23228402123939385,-3.41394576705153,-36.63479536260816,-6.335255437252357,1,0,0,0,0,SAFE
2026-07-21T12:38:29.417295,0.23546597866611196,0.22733683261067425,-3.486591483782007,-37.82922982776643,-6.63032895743936,1,0,0,0,0,SAFE
2026-07-21T12:38:29.505885,0.22199571406884888,0.2268621631307206,-15.170441126158607,-26.156983980435324,0.6898021450436476,1,0,0,0,0,SAFE
2026-07-21T12:38:29.585466,0.23003969795134938,0.22161215745427704,-3.508926345777894,-37.62435693174577,-6.901235831471865,1,0,0,0,0,SAFE
2026-07-21T12:38:29.666831,0.2626004690980255,0.2322992539320906,-3.857291410517689,-39.07867101702168,-6.852290730310102,1,0,0,0,0,SAFE
2026-07-21T12:38:29.742826,0.203370683579923,0.21981939337598005,-18.762576159911532,-31.97145854783037,1.1553975499531617,1,0,0,0,0,SAFE
2026-07-21T12:38:29.831919,0.22752578959914604,0.22641564642007453,-8.09883439295325,-46.320721479027945,-7.601618982512264,1,0,0,0,0,SAFE
2026-07-21T12:38:29.909822,0.23893816888303165,0.2310602157056046,-5.308458292408744,-47.842551249353946,-9.984061397663766,1,0,0,0,0,SAFE
2026-07-21T12:38:30.002412,0.2531886831771648,0.22330215619469082,-16.834171850096567,-35.6762751341804,-0.37055132178903694,1,0,0,0,0,SAFE
2026-07-21T12:38:30.083500,0.2315075254293255,0.22330215619469082,-1.585877413034865,-48.45484547821918,-11.203701941509848,1,0,0,0,0,SAFE
2026-07-21T12:38:30.163271,0.2280123939664902,0.23030437141505775,-2.263178107177481,-48.531371540882816,-10.811466619745573,1,0,0,0,0,SAFE
2026-07-21T12:38:30.247886,0.24440024595916857,0.2311781316451289,-14.818298605924355,-36.241510229387394,-0.3893272544061407,1,0,0,0,0,SAFE
2026-07-21T12:38:30.326481,0.20149261660732187,0.22833140676815789,-14.439751468206936,-34.930724289790554,0.010745489337977716,1,0,0,0,0,SAFE
2026-07-21T12:38:30.407350,0.23678013621915325,0.23717082451262847,-15.90058411805444,-34.87592668295096,-0.18550580074488748,1,0,0,0,0,SAFE
2026-07-21T12:38:30.495827,0.19045436154208323,0.22394508356782777,-15.718951880598496,-34.64219363288801,0.0867703388526936,1,0,0,0,0,SAFE
2026-07-21T12:38:30.579872,0.2202815521300987,0.23562127044189124,-15.818355211553211,-36.07569959626966,0.3172206683334485,1,0,0,0,0,SAFE
2026-07-21T12:38:30.660836,0.22059207828318594,0.2294277702495303,-14.613173084585895,-36.03495668606837,-0.49707157226707777,1,0,0,0,0,SAFE
2026-07-21T12:38:30.735922,0.26403591484594885,0.22886047109462462,-15.80513676984117,-35.83114768133132,0.4231598439777968,1,0,0,0,0,SAFE
2026-07-21T12:38:30.817911,0.20495475341329875,0.21593611893461728,-16.872326573555483,-35.11199711634736,0.8828991852498437,1,0,0,0,0,SAFE
2026-07-21T12:38:30.905506,0.21237785029410958,0.22182233344603253,-17.003459171361186,-35.23277231272949,0.5765533454508409,1,0,0,0,0,SAFE
2026-07-21T12:38:30.986346,0.21565653606811688,0.2187428317937372,-14.952652582272748,-34.54828282484988,-0.0795847666542033,1,0,0,0,0,SAFE
2026-07-21T12:38:31.068864,0.24655504126961936,0.22394508356782777,-14.872439861675758,-36.19912588620188,0.047347151308603994,1,0,0,0,0,SAFE
2026-07-21T12:38:31.153408,0.2257869096208323,0.22803508501982758,-13.345867450402494,-35.58075286917371,-0.43115565883208357,1,0,0,0,0,SAFE
2026-07-21T12:38:31.232461,0.25768032465588275,0.23626317086838036,0.09443013280485957,-47.82145573606794,-11.687772705802331,1,0,0,0,0,SAFE
2026-07-21T12:38:31.314882,0.24484198599132467,0.22301846837703204,-14.369962818065005,-37.05565535642614,-1.070001713843558,1,0,0,0,0,SAFE
2026-07-21T12:38:31.414845,0.26307721469161127,0.23547912083929876,-13.356451515332878,-38.166486917648605,-0.6745743387021516,1,0,0,0,1,DISTRACTED
2026-07-21T12:38:31.501938,0.27093161614905104,0.22394508356782777,-14.455481127757281,-36.02295466787842,-0.423586165162039,1,0,0,0,1,DISTRACTED
2026-07-21T12:38:31.585611,0.30474869317525666,0.21915410899623328,2.6408205614213784,-49.53890768114279,-12.922249815312256,1,0,0,0,1,DISTRACTED
2026-07-21T12:38:31.677244,0.289078571870033,0.250089345900949,-0.8377431565700988,-49.11672256912956,-11.042617980728267,1,0,0,0,1,DISTRACTED
2026-07-21T12:38:31.761902,0.2716093016244816,0.21593611893461728,-15.359476287913907,-38.098567220229754,0.13015796148960382,1,0,0,0,1,DISTRACTED
2026-07-21T12:38:31.842039,0.2558381439767232,0.24262230329205736,-14.87333334678695,-37.73804335073752,0.06833801385181053,1,0,0,0,1,DISTRACTED
2026-07-21T12:38:31.920610,0.2865111951753704,0.23460201043956594,-13.937419618565201,-37.90691447948758,-0.4865658212585958,1,0,0,0,1,DISTRACTED
2026-07-21T12:38:31.998898,0.26889785396833077,0.22921096945183483,3.0268609052604063,-49.53290722951225,-13.743108919297441,1,0,0,0,1,DISTRACTED
2026-07-21T12:38:32.084786,0.2772135279061178,0.22519940486979534,-0.22047679572239076,-46.577692991991654,-11.215469497706351,1,0,0,0,1,DISTRACTED
2026-07-21T12:38:32.178444,0.27615938425388686,0.22330215619469082,0.6397616571116771,-48.284778127255606,-11.01894547741378,1,0,0,0,1,DISTRACTED
2026-07-21T12:38:32.254379,0.26923273238877726,0.22921096945183483,-14.604614928781785,-38.45470769641434,0.045765580142294086,1,0,0,0,1,DISTRACTED
2026-07-21T12:38:32.331237,0.25547895666936493,0.22101611449596656,-14.855435388163158,-37.324681600751134,0.7294857744333357,1,0,0,0,1,DISTRACTED
2026-07-21T12:38:32.418930,0.3003544023225278,0.22803508501982758,-16.315098668043078,-36.9471344164262,0.8323953429776337,1,0,0,0,1,DISTRACTED
2026-07-21T12:38:32.505080,0.28968251881698104,0.2275362913912429,-16.674752870968803,-36.746155968977185,1.3646787778318492,1,0,0,0,1,DISTRACTED
2026-07-21T12:38:32.588065,0.26316312325578206,0.21593611893461728,-15.806059802647695,-35.092959447104725,0.14577337988522443,1,0,0,0,1,DISTRACTED
2026-07-21T12:38:32.667003,0.2787576947945772,0.22669667488903553,-13.717530312819463,-38.27788500157765,0.1702267725630412,1,0,0,0,1,DISTRACTED
2026-07-21T12:38:32.749084,0.2940987456443802,0.22017235954713318,-14.8518677396236,-37.92099859620665,0.727046720777917,1,0,0,0,1,DISTRACTED
2026-07-21T12:38:32.835590,0.28647246263193893,0.22101611449596656,-14.745497277811467,-38.03435211046365,0.7058126446492323,1,0,0,0,1,DISTRACTED
2026-07-21T12:38:32.921691,0.2709355861966578,0.22886047109462462,-15.09943799201065,-37.70550680763437,0.7459750722206187,1,0,0,0,1,DISTRACTED
2026-07-21T12:38:33.005291,0.28783372974059707,0.2558071253776689,-14.753783574185292,-37.0698032553071,1.2988615522999816,1,0,0,0,1,DISTRACTED
2026-07-21T12:38:33.091349,0.20781389670472844,0.21981939337598005,-12.325644205362096,-33.08467655284955,0.7286159404993376,1,0,0,0,1,DISTRACTED
2026-07-21T12:38:33.165906,0.11297630791322762,0.22398935884704954,-11.519469022195096,-31.379851687680148,-0.9143012663350346,1,0,0,0,1,DISTRACTED
2026-07-21T12:38:33.252260,0.20265277746695098,0.21931189799813686,4.18511000381892,-22.190914561646554,-5.810661423493656,1,0,0,0,0,SAFE
2026-07-21T12:38:33.339755,0.21620562031246987,0.22895654203569393,4.613518736400721,-16.036806507407196,-3.830328335271048,1,0,0,0,0,SAFE
2026-07-21T12:38:33.415864,0.24614076753486502,0.23381986741318836,-6.798445213934059,6.103137887456937,-2.8519267764584457,1,0,0,0,0,SAFE
2026-07-21T12:38:33.490665,0.21720044175733239,0.23916314201896605,-7.764556888152953,6.045572184158389,-2.9702378699267133,1,0,0,0,0,SAFE
2026-07-21T12:38:33.575286,0.2364988319698052,0.22803508501982758,-7.386129126985651,6.909390863739563,-3.21668289277267,1,0,0,0,0,SAFE
2026-07-21T12:38:33.656030,0.21812117587846436,0.22880765104443207,-9.37388437102939,4.684202354131082,-3.6284066027161717,1,0,0,0,0,SAFE
2026-07-21T12:38:33.733609,0.23383899592185597,0.22880765104443207,4.09073837087027,7.599865373528863,-1.9250418108710505,1,0,0,0,0,SAFE
2026-07-21T12:38:33.816346,0.22602559997399146,0.22395937091280052,3.9564894208782277,6.454505681694709,-2.2988426907760697,1,0,0,0,0,SAFE
2026-07-21T12:38:33.896939,0.24613543974585336,0.2296635634057943,4.434506320977505,-0.05003604299841595,-3.1414769161089566,1,0,0,0,0,SAFE
2026-07-21T12:38:33.980818,0.25204179025799167,0.22360679774997896,-8.905100812722964,0.46534821312452873,-3.135635262466633,1,0,0,0,0,SAFE
2026-07-21T12:38:34.063045,0.24138652674851635,0.22880765104443207,-7.30174177456297,9.077051597404477,-5.715186716597765,1,0,0,0,0,SAFE
2026-07-21T12:38:34.147866,0.25285373787958104,0.24453608905637428,-11.248207427024852,7.191104394599452,-5.492608478151036,1,0,0,0,0,SAFE
2026-07-21T12:38:34.228495,0.249043364093617,0.2334686152709,-11.902977784101154,5.8357114057758235,-5.556965704068097,1,0,0,0,0,SAFE
2026-07-21T12:38:34.307076,0.2289771066897845,0.22803508501982758,-15.97192427401086,8.551047882228433,-5.5065820617389045,1,0,0,0,0,SAFE
2026-07-21T12:38:34.391043,0.23433982838841222,0.22360679774997896,-19.84660733853883,6.390176094808163,-5.752838839674361,1,0,0,0,0,SAFE
2026-07-21T12:38:34.476985,0.2564498841315733,0.23921384688252834,-22.622393800552715,5.846877737846665,-6.119325082061948,1,0,0,0,0,SAFE
2026-07-21T12:38:34.550789,0.23479621781442156,0.23921384688252834,-26.97262820896509,5.538997577250611,-6.301517466213193,1,0,0,0,0,SAFE
2026-07-21T12:38:34.635378,0.1991892987944323,0.23931632796930877,-31.19701072257456,6.7852649049247535,-7.449215575858185,1,0,0,0,0,SAFE
2026-07-21T12:38:34.714044,0.2178020598830828,0.22440610967415045,-31.47198372888417,5.135878386444338,-7.340667843856235,1,0,0,0,0,SAFE
2026-07-21T12:38:34.800336,0.22382009123124663,0.23440832183229082,-33.65959726684355,4.5764932384030725,-7.343716624582308,1,0,0,0,0,SAFE
2026-07-21T12:38:34.879855,0.18636758296578398,0.24887792895513616,-33.74863494052576,4.78681242237489,-7.531728613274301,1,0,0,0,0,SAFE
2026-07-21T12:38:34.963037,0.205806492585406,0.2295015036354668,-34.182916286079234,5.0540558600836,-7.461083851503444,1,0,0,0,0,SAFE
2026-07-21T12:38:35.040612,0.205806492585406,0.22960073270919137,-33.90360928880031,5.093714721457064,-7.662337999332785,1,0,0,0,0,SAFE
2026-07-21T12:38:35.125700,0.19581021629145737,0.2295015036354668,-34.62810215297296,4.953304831485223,-7.52550010568307,1,0,0,0,0,SAFE
2026-07-21T12:38:35.200634,0.18869500265977784,0.2448596722397309,-34.56736632094896,4.7232675917473435,-7.747983881861075,1,0,0,0,0,SAFE
2026-07-21T12:38:35.286900,0.19118153795976967,0.22960073270919137,-34.15130397119489,3.8168718638465693,-7.244873597817481,1,0,0,0,0,SAFE
2026-07-21T12:38:35.373571,0.18643982687475463,0.22488769823126625,-34.68755330565145,4.232177389113163,-7.443894363201018,1,0,0,0,0,SAFE
2026-07-21T12:38:35.452970,0.1899809420940352,0.2284317199004123,-29.280071808633295,1.0637684014451232,-6.2728900449140275,1,0,0,0,0,SAFE
2026-07-21T12:38:35.533336,0.17186433502430182,0.22770795501893354,-25.183004082729212,2.7237607091267164,-7.325701932031547,1,0,0,0,0,SAFE
2026-07-21T12:38:35.612416,0.21357170846416906,0.23766669780148683,-17.451442595465807,2.5631911457702574,-6.668345452413876,2,0,0,0,0,SAFE
2026-07-21T12:38:35.701013,0.234069136681048,0.22066407970617247,-15.145031468889641,3.315323878516641,-7.025629228671262,2,0,0,0,0,SAFE
2026-07-21T12:38:35.775077,0.24023435444817562,0.21797692657812684,-11.835181570030642,-1.1275003388352822,-6.481195672681105,2,0,0,0,0,SAFE
2026-07-21T12:38:35.854247,0.22636718510590506,0.23247814118672872,-13.843110142640342,-4.86556133751503,-6.196168419299173,2,0,0,0,0,SAFE
2026-07-21T12:38:35.935660,0.2265544119727952,0.22694566425292736,-12.406919369261544,-6.336402087344658,-6.240409522544265,2,0,0,0,0,SAFE
2026-07-21T12:38:36.018807,0.25060699658593455,0.22488769823126625,-2.17687214253732,-8.8349581593963,-7.542923488801364,2,0,0,0,0,SAFE
2026-07-21T12:38:36.099781,0.2304842647517279,0.23983773151790083,-1.1763419807297453,-8.258787574669212,-7.218330549684595,2,0,0,0,0,SAFE
2026-07-21T12:38:36.189845,0.2558558757671302,0.24388430433987698,-13.639688693706091,-2.800727676803955,-6.900946475774853,2,0,0,0,0,SAFE
2026-07-21T12:38:36.266907,0.2572378885188593,0.2375322591057717,-13.233130225538957,-3.9041500766806414,-6.4991012612985255,2,0,0,0,0,SAFE
2026-07-21T12:38:36.347344,0.2659502754971065,0.2436684748179952,-13.935071725402992,-4.5581729197535985,-6.1955885562055135,2,0,0,0,0,SAFE
2026-07-21T12:38:36.433858,0.2342921162905996,0.2337345320930934,-1.3986581424839528,-10.07351513944106,-7.355742105255416,2,0,0,0,0,SAFE
2026-07-21T12:38:36.517334,0.23937379741087567,0.22315592663374112,-12.21588157612942,-3.0860871586986742,-5.85625677372187,2,0,0,0,0,SAFE
2026-07-21T12:38:36.605869,0.24712252333255913,0.22360679774997896,-0.419120177760675,-9.133195959441627,-6.784318474850323,2,0,0,0,0,SAFE
2026-07-21T12:38:36.685120,0.21976533326577685,0.2202741702042516,-13.57697970049901,24.828419058089143,-7.455613623104296,2,0,0,0,0,SAFE
2026-07-21T12:38:36.776278,0.22953153370418394,0.216210374934942,-13.966138720631733,25.10908392825988,-7.335219904653655,2,0,0,0,0,SAFE
2026-07-21T12:38:36.854940,0.24174406062809706,0.2316384283197311,-15.935789625775357,32.83544620404047,-7.598389794920351,2,0,0,0,0,SAFE
2026-07-21T12:38:36.935565,0.23664240614079843,0.24393309000773994,-20.31588742498235,33.71586178253236,-9.344594712146192,2,0,0,0,0,SAFE
2026-07-21T12:38:37.014558,0.28895717630088963,0.22506579808210345,-21.36812100245689,35.78018577302456,-10.110273927807883,2,0,0,0,0,SAFE
2026-07-21T12:38:37.095635,0.26167767529206754,0.2488745162138523,-18.559411832906648,37.237744293772586,-9.133311016078961,2,0,0,0,0,SAFE
2026-07-21T12:38:37.176710,0.3024401600093496,0.22376116904744817,-19.489484247973763,38.01312665079791,-10.590888657091897,2,0,0,0,0,SAFE
2026-07-21T12:38:37.259763,0.3217688117156006,0.22979138073450212,-20.855700002140736,38.619333585751015,-11.292652921044299,2,0,0,0,0,SAFE
2026-07-21T12:38:37.342501,0.30599644706077145,0.2300428395521084,-20.818386748237373,40.61942723914774,-11.619362451224656,2,0,0,0,0,SAFE
2026-07-21T12:38:37.422872,0.28756995239607563,0.22979138073450212,-23.217015058741225,40.610817279376235,-12.201481296140532,2,0,0,0,0,SAFE
2026-07-21T12:38:37.504987,0.3722471972197247,0.22864442923531234,-20.97850395392112,42.26129895733169,-11.477212853373443,2,0,0,0,0,SAFE
2026-07-21T12:38:37.591590,0.3222456982852714,0.2361805205459142,-21.249718258735186,40.56119706484265,-10.863288754138184,2,0,0,0,0,SAFE
2026-07-21T12:38:37.668672,0.3785040062922014,0.22892400271969554,-21.505032674136203,41.299678123278724,-11.351132923890612,2,0,0,0,0,SAFE
2026-07-21T12:38:37.750276,0.33384347668573106,0.22098232798716613,-22.770906303715577,40.631112315387604,-11.925454121468114,2,0,0,0,0,SAFE
2026-07-21T12:38:37.829781,0.3326898230594723,0.22215635997166966,-23.693042147483624,41.498819387591475,-12.656887783371563,2,0,0,0,0,SAFE
2026-07-21T12:38:37.915186,0.3276662092676952,0.22867405000701818,-23.019702495792842,41.137147955324885,-11.989652085797811,2,0,0,0,0,SAFE
2026-07-21T12:38:37.998819,0.34175744731881763,0.2289536597100068,-22.35570777704612,41.391302984678816,-11.792869446280267,2,0,0,0,0,SAFE
2026-07-21T12:38:38.084400,0.33513183164076515,0.2146737727605683,-20.706459375566197,41.61989351773563,-11.10163154855533,2,0,0,0,0,SAFE
2026-07-21T12:38:38.168495,0.27247662892291497,0.2223130156402835,-23.06439164520893,40.55091972516048,-11.153204376975268,2,0,0,0,0,SAFE
2026-07-21T12:38:38.250826,0.30720162626624187,0.22997505790396763,-25.037528731174802,41.00863895558956,-12.52436586640119,2,0,0,0,0,SAFE
2026-07-21T12:38:38.334936,0.28020968679639735,0.2289536597100068,-23.932196296881813,41.53371667317206,-11.64846053625127,2,0,0,0,0,SAFE
2026-07-21T12:38:38.414518,0.2696698757507213,0.22867405000701818,-25.34130900583213,41.2907602964302,-12.500071384377659,2,0,0,0,0,SAFE
2026-07-21T12:38:38.495596,0.28445799298368424,0.20788268748151587,-24.165627005854304,40.92533871729528,-12.370264655854223,2,0,0,0,0,SAFE
2026-07-21T12:38:38.579376,0.29529662616620084,0.22069638998344338,-22.899242474476694,41.21336330153501,-12.068394368749452,2,0,0,0,0,SAFE
2026-07-21T12:38:38.655951,0.33498352340063753,0.22864442923531234,-22.607448640358456,41.216827984796595,-12.284892175615978,2,0,0,0,0,SAFE
2026-07-21T12:38:38.737294,0.32770262696734304,0.20871527569122003,-22.50283098808376,41.278684972961365,-12.630020928115725,2,0,0,0,0,SAFE
2026-07-21T12:38:38.820317,0.3242613806533019,0.22864442923531234,-22.53246934484679,41.4178126593602,-13.165818587419261,2,0,0,0,0,SAFE
2026-07-21T12:38:38.896907,0.31591441634875317,0.23486858255361875,-22.74140923032064,41.21384218053446,-13.550871915276463,2,0,0,0,0,SAFE
2026-07-21T12:38:38.980983,0.30127132356062125,0.23009244432064824,-23.546023071115258,40.49100249245416,-13.302807310311094,2,0,0,0,0,SAFE
2026-07-21T12:38:39.070294,0.2757751251453342,0.22215635997166966,-23.206101642419355,40.901092796734446,-13.176200721447666,2,0,0,0,0,SAFE
2026-07-21T12:38:39.149472,0.31744679132398945,0.2153922959786092,-22.51034129086409,41.110073889200756,-12.676844793985396,2,0,0,0,0,SAFE
2026-07-21T12:38:39.236835,0.31680328105012845,0.22215635997166966,-23.020103662531795,41.70598333592407,-12.901238986876587,2,0,0,0,0,SAFE
2026-07-21T12:38:39.316918,0.31674045139802565,0.22997505790396763,-22.615157783476008,40.919798875921074,-12.409127378940394,2,0,0,0,0,SAFE
2026-07-21T12:38:39.396990,0.327048446107876,0.23009244432064824,-22.87563762992565,41.72845871150678,-12.636059227040706,2,0,0,0,0,SAFE
2026-07-21T12:38:39.477302,0.3378455575217093,0.22215635997166966,-22.815697509644366,42.04370469161131,-12.915019343909542,2,0,0,0,0,SAFE
2026-07-21T12:38:39.560014,0.34408864174347864,0.2223130156402835,-22.752140002961568,41.14678007835971,-12.534199716928242,2,0,0,0,0,SAFE
2026-07-21T12:38:39.635579,0.3361939558586572,0.2225699754821432,-21.55540015161523,40.74879647520777,-11.416954077679382,2,0,0,0,0,SAFE
2026-07-21T12:38:39.715365,0.3215155655559335,0.2225699754821432,-21.450633677707998,41.023277723290846,-11.359071956769483,2,0,0,0,0,SAFE
2026-07-21T12:38:39.806938,0.32152093453423236,0.2223130156402835,-21.64462094235401,40.638423149294404,-11.82434890500811,2,0,0,0,1,DISTRACTED
2026-07-21T12:38:39.888876,0.375065567331449,0.22997505790396763,-22.275340068118027,42.728078956774816,-12.9768004833813,2,0,0,0,1,DISTRACTED
2026-07-21T12:38:39.971467,0.3215581923570935,0.2223130156402835,-22.813071456425035,41.98871011596745,-13.679143384836115,2,0,0,0,1,DISTRACTED
2026-07-21T12:38:40.056292,0.26941649958331126,0.22258185668834118,-24.58563415413161,38.790024769937844,-14.665637683652886,2,0,0,0,1,DISTRACTED
2026-07-21T12:38:40.140797,0.3152641958993765,0.23550106338027926,-24.59882259300886,40.482048731829124,-15.362876001369392,2,0,0,0,1,DISTRACTED
2026-07-21T12:38:40.225570,0.2945537190727143,0.23701893444628538,-24.553383490321806,40.2502123767401,-15.334803518495093,2,0,0,0,1,DISTRACTED
2026-07-21T12:38:40.308662,0.3179181978256176,0.22803508501982758,-24.612559379681954,39.90708965641815,-15.015212844318919,2,0,0,0,1,DISTRACTED
2026-07-21T12:38:40.391256,0.32828825420575103,0.22101611449596656,-24.92758190384626,40.36753431223559,-15.551371580749581,2,0,0,0,1,DISTRACTED
2026-07-21T12:38:40.478650,0.2934852728836207,0.2430537949897161,-25.365261253881073,39.64792741105979,-15.333358683293476,2,0,0,0,1,DISTRACTED
2026-07-21T12:38:40.564853,0.3048744036072579,0.22950867117794718,-25.00519124890218,39.64296945583483,-14.88556091320954,2,0,0,0,1,DISTRACTED
2026-07-21T12:38:40.651115,0.2600911758636241,0.2430537949897161,-24.91831359759692,39.20155248204095,-15.263128757963996,2,0,0,0,1,DISTRACTED
2026-07-21T12:38:40.732698,0.31094937284646296,0.20945102482624975,-25.653229661281102,39.87023128505289,-15.243461241085624,2,0,0,0,1,DISTRACTED
2026-07-21T12:38:40.813289,0.2966130921281306,0.22329193813520645,-24.42510571915045,39.208213532919864,-14.71315262503593,2,0,0,0,1,DISTRACTED
2026-07-21T12:38:40.889006,0.2843560063671143,0.2430537949897161,-25.242406944794396,39.95872983647537,-15.15997637286885,2,0,0,0,1,DISTRACTED
2026-07-21T12:38:40.966842,0.2814970415363386,0.23701893444628538,-25.129812663264403,39.16727897145041,-14.923812200659112,2,0,0,0,1,DISTRACTED
2026-07-21T12:38:41.048828,0.27457612695604805,0.22258185668834118,-24.996433764866282,39.65428146285078,-14.820077320346755,2,0,0,0,1,DISTRACTED
2026-07-21T12:38:41.126125,0.27454614112136944,0.22258185668834118,-24.81664280185288,39.765936516351964,-14.690365985432482,2,0,0,0,1,DISTRACTED
2026-07-21T12:38:41.208528,0.25951510153583424,0.236385797447697,-25.015271409873208,39.514413264120044,-14.667373144043827,2,0,0,0,1,DISTRACTED
2026-07-21T12:38:41.290112,0.26813471431897673,0.23623460432552118,-25.10235615023072,39.11645767109853,-14.719732116647267,2,0,0,0,1,DISTRACTED
2026-07-21T12:38:41.372813,0.24924016482924943,0.22188671991603237,-24.079931762313095,40.069458971668965,-14.126237227733432,2,0,0,0,1,DISTRACTED
2026-07-21T12:38:41.450393,0.2667787945168524,0.2139767781520477,-23.974001935582493,40.16657791403877,-14.370650047864082,2,0,0,0,1,DISTRACTED
2026-07-21T12:38:41.536948,0.2643052490751292,0.20129242055711866,-23.430685146831536,40.53663716351745,-14.06786757648275,2,0,0,0,1,DISTRACTED
2026-07-21T12:38:41.617043,0.2750140724970822,0.22950867117794718,-23.119971300934765,40.42066058791707,-14.265111243142014,2,0,0,0,1,DISTRACTED
2026-07-21T12:38:41.701650,0.29466967463506144,0.21441160237238993,-22.896301194840277,40.01652347537665,-13.697777365427726,2,0,0,0,1,DISTRACTED
2026-07-21T12:38:41.780230,0.2651915383980469,0.228210301709787,-23.397753444279545,40.19466831547461,-14.024397049649231,2,0,0,0,1,DISTRACTED
2026-07-21T12:38:41.860815,0.2942100020116405,0.22897728859155878,-24.036293916304203,39.69556793234821,-14.373848413940747,2,0,0,0,1,DISTRACTED
2026-07-21T12:38:41.941384,0.28422351987540234,0.22950867117794718,-23.856936447498896,38.778641774961166,-14.26116901205506,2,0,0,0,1,DISTRACTED
2026-07-21T12:38:42.016986,0.31170987027066405,0.22329193813520645,-23.80209846340935,39.80438094522203,-14.23731177928524,2,0,0,0,1,DISTRACTED
2026-07-21T12:38:42.097570,0.2979679219796313,0.24374219473568648,-23.143844365360792,39.946599330249654,-13.93110933716493,2,0,0,0,1,DISTRACTED
2026-07-21T12:38:42.180673,0.30484317300607144,0.24374219473568648,-23.78206171507634,40.75219391895679,-13.892018123299358,2,0,0,0,1,DISTRACTED
2026-07-21T12:38:42.266943,0.3173862069540708,0.2427520284544855,-23.149656949459484,40.730826460832134,-13.25152620056172,2,0,0,0,1,DISTRACTED
2026-07-21T12:38:42.348619,0.2696698757507213,0.2153922959786092,-22.908641351067814,40.84161312818621,-13.671219263234999,2,0,0,0,1,DISTRACTED
2026-07-21T12:38:42.428785,0.27070101708357763,0.22167911697155318,-23.254737515443594,40.7182510144919,-13.804144574838622,2,0,0,0,1,DISTRACTED
2026-07-21T12:38:42.510794,0.30444344408121893,0.22950867117794718,-22.917703681400866,40.55036537967226,-13.505707347555777,2,0,0,0,1,DISTRACTED
2026-07-21T12:38:42.589389,0.27040009301951456,0.21441160237238993,-22.429349689174046,40.58398028361623,-13.40331161746508,2,0,0,0,1,DISTRACTED
2026-07-21T12:38:42.675924,0.3227304037004317,0.22215635997166966,-22.8390615284448,40.7076940194135,-13.596635147643932,2,0,0,0,1,DISTRACTED
2026-07-21T12:38:42.777454,0.2906396915782082,0.22317802113732874,-23.954249620359036,39.9880132968565,-14.115358549098213,2,0,0,0,1,DISTRACTED
2026-07-21T12:38:42.872242,0.2913699088470014,0.22317802113732874,-24.020908650707526,40.31772075412688,-14.193000804711529,2,0,0,0,1,DISTRACTED
2026-07-21T12:38:42.967321,0.2757751251453342,0.24374219473568648,-24.27096673109145,40.040836425658696,-14.413769704111761,2,0,0,0,1,DISTRACTED
2026-07-21T12:38:43.054464,0.288420877440858,0.21718612138153467,-24.25598794794439,39.163168841412784,-14.495706322657808,2,0,0,0,1,DISTRACTED
2026-07-21T12:38:43.149961,0.2377868357704342,0.22317802113732874,-23.587393208431138,38.88283200633522,-14.419557311520126,2,0,0,0,1,DISTRACTED
2026-07-21T12:38:43.269750,0.26579693273153565,0.236385797447697,-24.30335884776281,39.30016217708924,-14.611986276317635,2,0,0,0,1,DISTRACTED
2026-07-21T12:38:43.365362,0.302923869901897,0.22950867117794718,-23.18012074483289,39.61531093564281,-14.359421282990274,2,0,0,0,1,DISTRACTED
2026-07-21T12:38:43.466861,0.29104362502034253,0.22101611449596656,-23.26262398283069,40.099928780762646,-14.718585618491602,2,0,0,0,1,DISTRACTED
2026-07-21T12:38:43.558485,0.27208694300725794,0.2409390530965629,-22.314900144756677,39.41972613299925,-13.883826062045264,2,0,0,0,1,DISTRACTED
2026-07-21T12:38:43.649046,0.29466967463506144,0.21582999668601996,-22.85471794147645,40.02542513250626,-14.174797842172984,2,0,0,0,1,DISTRACTED
2026-07-21T12:38:43.749492,0.27178764123813803,0.22950867117794718,-22.36927345325671,39.92589401841137,-14.271492344080755,2,0,0,0,1,DISTRACTED
2026-07-21T12:38:43.837292,0.27869112180458744,0.22950867117794718,-21.97738128301998,39.63480794630563,-14.119376303516285,2,0,0,0,1,DISTRACTED
2026-07-21T12:38:43.926010,0.2680077785408171,0.2348712517176631,-22.359103994862807,40.02113048763098,-14.43523501536393,2,0,0,0,1,DISTRACTED
2026-07-21T12:38:44.022903,0.24053973895919376,0.22167911697155318,-22.206524739939084,39.98385618930853,-14.279997246271336,2,0,0,0,1,DISTRACTED
2026-07-21T12:38:44.110923,0.2813012035475497,0.22317802113732874,-21.94121389496152,39.82303648817689,-14.163261413919136,2,0,0,0,1,DISTRACTED
2026-07-21T12:38:44.196497,0.29529662616620084,0.2159294891094167,-22.053597812805805,39.73705399846794,-14.27057998639077,2,0,0,0,1,DISTRACTED
2026-07-21T12:38:44.281901,0.28856442524044856,0.2088915286260008,-22.352036161159162,39.75927568119315,-14.289032138770088,2,0,0,0,1,DISTRACTED
2026-07-21T12:38:44.358845,0.31203495845293666,0.22258185668834118,-22.911234517299306,38.83788821417575,-14.791070993119847,2,0,0,0,1,DISTRACTED
2026-07-21T12:38:44.443465,0.267338188516574,0.23701893444628538,-22.908010915027972,39.38054556347203,-14.658388690013712,2,0,0,0,1,DISTRACTED
2026-07-21T12:38:44.518531,0.2555142181451798,0.2306554328425438,-21.968709948054965,39.31422729831979,-14.731679856362122,2,0,0,0,1,DISTRACTED
2026-07-21T12:38:44.600175,0.2830067325361354,0.21758122107392536,-21.75979134699668,39.46051327589089,-14.319984622323618,2,0,0,0,1,DISTRACTED
2026-07-21T12:38:44.682258,0.28192657912757274,0.21718612138153467,-21.175177239995463,39.007139038669436,-14.25513957369311,2,0,0,0,1,DISTRACTED
2026-07-21T12:38:44.769796,0.2777663232272025,0.21870970490138417,-21.453132935312368,39.05188859248558,-14.453057917195206,2,0,0,0,1,DISTRACTED
2026-07-21T12:38:44.861902,0.300172891536849,0.2247118751407417,-21.463211105484447,38.58892109961217,-14.434272475906374,2,0,0,0,1,DISTRACTED
2026-07-21T12:38:44.953539,0.3317625499324389,0.23007181071442478,-21.476479705760454,38.602662625107335,-14.795337604195586,2,0,0,0,1,DISTRACTED
2026-07-21T12:38:45.036030,0.3045179967214908,0.23055747420429878,-22.40400601939791,38.38462835435767,-14.639482267982848,2,0,0,0,1,DISTRACTED
2026-07-21T12:38:45.120994,0.28569065029451074,0.22452825823806485,-22.99531817322125,38.54316858047433,-14.920110032848676,2,0,0,0,1,DISTRACTED
2026-07-21T12:38:45.204737,0.2777663232272025,0.23563686534832598,-22.7756914368926,38.45423635984522,-15.213679921199216,2,0,0,0,1,DISTRACTED
2026-07-21T12:38:45.295379,0.31560864417609547,0.2219355584587808,-22.55284503130187,39.359849115983614,-15.869569768116419,2,0,0,0,1,DISTRACTED
2026-07-21T12:38:45.376044,0.30053896819916415,0.23007181071442478,-22.770244534748144,38.87123226311509,-15.07973449570899,2,0,0,0,1,DISTRACTED
2026-07-21T12:38:45.451100,0.28582002658073574,0.23007181071442478,-22.038192015216453,38.32946601340952,-15.042106000975123,2,0,0,0,1,DISTRACTED
2026-07-21T12:38:45.535835,0.2934852728836207,0.22317802113732874,-22.12109004975639,38.299428858132174,-15.425999719173511,2,0,0,0,1,DISTRACTED
2026-07-21T12:38:45.620816,0.2989417397670068,0.2453632660180788,-22.796483917019316,38.449346962617206,-15.900310625560074,2,0,0,0,1,DISTRACTED
2026-07-21T12:38:45.699393,0.2818073197488227,0.22330215619469082,-22.08381336940778,38.67938047463875,-15.452653229545616,2,0,0,0,1,DISTRACTED
2026-07-21T12:38:45.780072,0.267338188516574,0.22923051369191785,-21.201521947701707,38.377479071815124,-15.128256008520772,2,0,0,0,1,DISTRACTED
2026-07-21T12:38:45.866730,0.267338188516574,0.22923051369191785,-21.11882612873967,38.00594347330551,-14.956263750337211,2,0,0,0,1,DISTRACTED
2026-07-21T12:38:45.945745,0.2749226747054696,0.25123666614460355,-20.962340808648975,38.92259832260629,-15.57614558577797,2,0,0,0,1,DISTRACTED
2026-07-21T12:38:46.031812,0.275002282168284,0.22398935884704954,-21.38359355996033,38.1246109501336,-15.123452754197542,2,0,0,0,1,DISTRACTED
2026-07-21T12:38:46.116911,0.2318070648857824,0.23097766807419187,-21.417948247553824,37.184638834533324,-14.805233077102825,2,0,0,0,1,DISTRACTED
2026-07-21T12:38:46.203366,0.26316981340491885,0.22330215619469082,-21.661299997941512,38.52180350210881,-15.71450177613926,2,0,0,0,1,DISTRACTED
2026-07-21T12:38:46.283944,0.2702175577751261,0.23824485612693408,-21.56199739080344,37.98348910672428,-15.641989241051213,2,0,0,0,1,DISTRACTED
2026-07-21T12:38:46.373221,0.26163358646573404,0.21508915638806508,-22.562978357427454,37.90150203554661,-16.403864116301225,2,0,0,0,1,DISTRACTED
2026-07-21T12:38:46.466345,0.29581703220601274,0.22016141236629175,-21.85593750843873,37.65526071294666,-15.525620224351973,2,0,0,0,1,DISTRACTED
2026-07-21T12:38:46.555953,0.25284220722412204,0.22330215619469082,-20.926394202838026,37.467945175648794,-14.879141741377504,2,0,0,0,1,DISTRACTED
2026-07-21T12:38:46.643042,0.2937838463772035,0.22330215619469082,-19.705104356619273,37.31720629196915,-14.460761129254164,2,0,0,0,1,DISTRACTED
2026-07-21T12:38:46.727505,0.2563645625012304,0.2394095250099703,-17.63305760953034,34.24219245410918,-13.176242786446199,2,0,0,0,1,DISTRACTED
2026-07-21T12:38:46.808822,0.27137151087932054,0.20776045768729076,-17.996227245932033,34.36994029928488,-13.227518882878528,2,0,0,0,1,DISTRACTED
2026-07-21T12:38:46.887902,0.21748496545608204,0.23874562426333737,-15.54880699445593,30.2529013483037,-13.052486411051447,2,0,0,0,1,DISTRACTED
2026-07-21T12:38:46.972920,0.15793947311140705,0.23030437141505775,-16.74177545906153,29.779160500771216,-13.334526337492491,2,0,0,0,1,DISTRACTED
2026-07-21T12:38:47.056348,0.24978500882340057,0.22803508501982758,-2.5530872641976146,32.17632398572946,-6.282544110696847,2,0,0,0,1,DISTRACTED
2026-07-21T12:38:47.140822,0.22043711561849233,0.24499077204466432,-13.343364423982791,15.39237678889651,-12.25565996296243,2,0,0,0,0,SAFE
2026-07-21T12:38:47.229781,0.18765545324758906,0.2438111251560624,-9.43428098703501,9.040041187229638,-11.620698519487997,2,0,0,0,0,SAFE
2026-07-21T12:38:47.315946,0.20289271536214543,0.2227371520720083,-11.582038787586981,-10.179923437646782,-6.830325945402691,2,0,0,0,0,SAFE
2026-07-21T12:38:47.410833,0.16176339723112176,0.22746824674817476,-14.869981332583137,-15.199263379111665,-4.15551738422663,2,0,0,0,0,SAFE
2026-07-21T12:38:47.492433,0.2167359223607901,0.22864153531863465,-2.803877652504724,-28.161474404454406,-7.059573921228349,2,0,0,0,0,SAFE
2026-07-21T12:38:47.578862,0.22481709089231075,0.249151819022385,-0.029343445997454864,-24.15858126765946,-6.749825911702629,2,0,0,0,0,SAFE
2026-07-21T12:38:47.662453,0.21687640830286303,0.22887332084456283,0.4208337558735593,-24.20787655412965,-6.103410164400401,2,0,0,0,0,SAFE
2026-07-21T12:38:47.754003,0.24378778398764545,0.23727776136929574,-9.273825492149399,-13.820088554887416,-2.0030275234275203,2,0,0,0,0,SAFE
2026-07-21T12:38:47.839937,0.23247081573233064,0.23727776136929574,2.046878171169226,-23.522130199105664,-5.863604634802385,2,0,0,0,0,SAFE
2026-07-21T12:38:47.937386,0.22714531235744073,0.23926042194601754,3.779904686777968,-22.67443593665609,-5.85098303704504,2,0,0,0,0,SAFE
2026-07-21T12:38:48.013207,0.19678520525723775,0.23899155750199538,4.088566905920942,-20.19313766407242,-5.5951874062324976,2,0,0,0,0,SAFE
2026-07-21T12:38:48.100309,0.21345730371273558,0.2293614745658647,4.863257789278379,-19.57938673029741,-5.563268616721132,2,0,0,0,0,SAFE
2026-07-21T12:38:48.181915,0.24051163087973976,0.22803508501982758,6.242368016673538,-18.056597503190783,-5.247854016322123,2,0,0,0,0,SAFE
2026-07-21T12:38:48.264468,0.24557584376193678,0.22421223242600577,8.961612053347721,-18.170710024347457,-4.791061752280001,2,0,0,0,0,SAFE
2026-07-21T12:38:48.354094,0.2462716383325943,0.2386738405513498,-3.361534165127324,0.18227839137346577,-1.1166027903956854,2,0,0,0,0,SAFE
2026-07-21T12:38:48.431887,0.2654170768048664,0.2224449087158951,7.7688006003095325,-4.229642887380286,-1.5245675086422636,2,0,0,0,0,SAFE
2026-07-21T12:38:48.518984,0.265894990896948,0.2174574345683693,6.664449668781373,-7.269158780056095,-1.9499250705629265,2,0,0,0,0,SAFE
2026-07-21T12:38:48.684347,0.25678445788395093,0.22830383594988932,7.4161085339223405,-10.737340715323313,-2.9664501287682867,2,0,0,0,0,SAFE
2026-07-21T12:38:48.793685,0.26789291180084285,0.22320317504229872,7.725397089706064,-8.783307038025198,-3.3003442707138504,2,0,0,0,0,SAFE
2026-07-21T12:38:48.903492,0.2694829372726796,0.23457606328369018,7.698394602383473,-9.231846405523791,-3.275551815039222,2,0,0,0,0,SAFE
2026-07-21T12:38:49.011094,0.256323385850035,0.23381986741318836,6.0962666964859125,-12.093016304813021,-4.1457031639249635,2,0,0,0,0,SAFE
2026-07-21T12:38:49.093682,0.22739526777627653,0.22360679774997896,5.395955551997417,-11.703681135175465,-5.284338872163943,2,0,0,0,0,SAFE
2026-07-21T12:38:49.179141,0.237563459774697,0.22360679774997896,6.51681699223937,-13.359201838777311,-5.382998287100918,2,0,0,0,0,SAFE
2026-07-21T12:38:49.269423,0.23763568278946395,0.22931682645752738,4.228652612935576,-11.090444145739248,-5.648100195096788,2,0,0,0,0,SAFE
2026-07-21T12:38:49.355912,0.25912915972936024,0.2284317199004123,5.551457946545554,-11.770461804182666,-5.940012064450514,2,0,0,0,0,SAFE
2026-07-21T12:38:49.444350,0.2556883477488805,0.2349847151335027,5.084254281883602,-8.66170461676193,-5.906611453882249,2,0,0,0,0,SAFE
2026-07-21T12:38:49.533955,0.267372538603115,0.24476116404253137,5.201914466381311,-7.428456795959967,-5.929823478546808,2,0,0,0,0,SAFE
2026-07-21T12:38:49.621938,0.25513222022462195,0.21853616859165065,-6.717777437451332,-3.4324059891858094,-5.585265307966734,2,0,0,0,0,SAFE
2026-07-21T12:38:49.708886,0.2628369814394579,0.23440832183229082,3.937793254357814,-3.333204333885174,-5.83492950738983,2,0,0,0,0,SAFE
2026-07-21T12:38:49.793875,0.2615593564385148,0.22385566460246265,4.581639925174784,-6.268178808524242,-6.020493330337871,2,0,0,0,0,SAFE
2026-07-21T12:38:49.879428,0.2694829372726796,0.23875700962966043,5.252888941860704,-4.116437928691996,-5.609110453595548,2,0,0,0,0,SAFE
2026-07-21T12:38:49.969992,0.2702348058019137,0.22315592663374112,5.522353008349285,-5.212848332785305,-5.902710060404729,2,0,0,0,0,SAFE
2026-07-21T12:38:50.051978,0.27915874319349665,0.22315592663374112,5.399714467644856,-5.788061448803678,-5.943277956447844,2,0,0,0,0,SAFE
2026-07-21T12:38:50.139721,0.27915874319349665,0.22440610967415045,-6.464046374767179,-1.6389752463095077,-5.417220920184774,2,0,0,0,0,SAFE
2026-07-21T12:38:50.220075,0.2848472893902141,0.22315592663374112,-6.863190228604623,-0.9272553857672089,-5.450252715145346,2,0,0,0,0,SAFE
2026-07-21T12:38:50.307420,0.2716952403395002,0.22315592663374112,-6.906336644813052,-0.5139009890976904,-5.593176582160734,2,0,0,0,0,SAFE
2026-07-21T12:38:50.393521,0.25980048103670894,0.22315592663374112,4.184273207263402,-6.226944453213742,-6.444964335949351,2,0,0,0,0,SAFE
2026-07-21T12:38:50.481046,0.26188923147837206,0.23368903271386757,4.727748457659715,-6.699455680476332,-6.453950244442012,2,0,0,0,0,SAFE
2026-07-21T12:38:50.566651,0.25529110477231093,0.2279510915528185,5.181272529378845,-4.7242803541284,-6.4469236200825435,2,0,0,0,0,SAFE
2026-07-21T12:38:50.656621,0.25315855191654313,0.2279510915528185,4.337568060518549,-4.803762965678383,-6.414257421381478,2,0,0,0,0,SAFE
2026-07-21T12:38:50.745923,0.250328452187509,0.22385566460246265,3.1273295877995793,-1.7784617679533563,-6.707203341467732,2,0,0,0,0,SAFE
2026-07-21T12:38:50.829002,0.2551756263707178,0.22639313050102786,5.306837350753341,-1.718874468426952,-7.981439525711579,2,0,0,0,0,SAFE
2026-07-21T12:38:50.920610,0.23386875762925666,0.21886882816266867,6.301925207419885,1.0429970793635766,-7.789432753547146,2,0,0,0,0,SAFE
2026-07-21T12:38:51.007211,0.25406277059838767,0.2249397124230798,-7.45641956621742,0.24932365580384847,-7.5870434591931994,2,0,0,0,0,SAFE
2026-07-21T12:38:51.099440,0.24458782623269984,0.22892849731026046,-6.594766933917583,0.6340244117775075,-7.647202374413113,2,0,0,0,0,SAFE
2026-07-21T12:38:51.186880,0.24496242734165702,0.22972018323735743,-7.132387659815606,2.244643004317629,-7.877046668057585,2,0,0,0,0,SAFE
2026-07-21T12:38:51.277481,0.25009304049891556,0.23869990602269134,-8.534906335991224,3.1107493911526074,-8.272851530046319,2,0,0,0,0,SAFE
2026-07-21T12:38:51.365024,0.2590812417329948,0.23941980065761534,-8.227481833013059,0.7052100977127054,-8.004041043295095,2,0,0,0,0,SAFE
2026-07-21T12:38:51.447602,0.2590812417329948,0.23041299594181913,-8.163727344083696,-0.07941343052540291,-7.853177884718725,2,0,0,0,0,SAFE
2026-07-21T12:38:51.535202,0.2531209936363411,0.2249397124230798,3.098071477152871,-4.344337315522038,-8.701337634616294,2,0,0,0,0,SAFE
2026-07-21T12:38:51.624344,0.261863207953548,0.2249397124230798,3.0868925012360364,-3.3574045888614803,-8.82860310237001,2,0,0,0,0,SAFE
2026-07-21T12:38:51.708834,0.25155231124014726,0.23373256741956455,-9.26600891930974,-0.5883298307118365,-8.66221273283058,2,0,0,0,0,SAFE
2026-07-21T12:38:51.793432,0.24886204677049184,0.22321033148465158,-8.990910688157584,-0.5561061862189233,-8.497390117473607,2,0,0,0,0,SAFE
2026-07-21T12:38:51.877010,0.26048076129747205,0.22972018323735743,2.4633908838804928,-3.723241071083508,-8.623728902842828,2,0,0,0,0,SAFE
2026-07-21T12:38:51.962912,0.245992293826108,0.22814061868043556,3.257480166736343,-3.48982590150007,-8.617415985983598,2,0,0,0,0,SAFE
2026-07-21T12:38:52.054380,0.26595736309480883,0.23941980065761534,4.203636292088845,-4.829175949310294,-8.489851455229939,2,0,0,0,0,SAFE
2026-07-21T12:38:52.141475,0.23699401215359303,0.2336315526453927,3.3120747105878934,-3.0624127364064506,-8.444067388756764,2,0,0,0,0,SAFE
2026-07-21T12:38:52.233953,0.24105203802238662,0.23546194835799278,3.5786157702624166,-4.772808100618105,-8.561966288772936,2,0,0,0,0,SAFE
2026-07-21T12:38:52.320919,0.26252214968019394,0.22864153531863465,3.713092394716199,-1.9627853867045018,-8.225013330914749,2,0,0,0,0,SAFE
2026-07-21T12:38:52.401940,0.25867685694377296,0.2249397124230798,3.0041339824822444,-1.90247199069568,-8.311379141776342,2,0,0,0,0,SAFE
2026-07-21T12:38:52.490561,0.260477527290452,0.22972018323735743,3.6759458086563086,-1.906098718566601,-8.477692890298556,2,0,0,0,0,SAFE
2026-07-21T12:38:52.577294,0.25066487305622775,0.22972018323735743,-8.962852557403522,0.10112407539256864,-8.29786745713183,2,0,0,0,0,SAFE
2026-07-21T12:38:52.665909,0.2393268398703965,0.22795404909508685,-9.623478553626512,-0.8058266059598695,-8.819708348305559,2,0,0,0,0,SAFE
2026-07-21T12:38:52.752084,0.24134742713943708,0.22321033148465158,-9.31444663152135,-0.8543040960693988,-8.568652369042429,2,0,0,0,0,SAFE
2026-07-21T12:38:52.835103,0.23849681188370297,0.23869990602269134,3.3641149540325443,-2.2036806406388822,-9.13761454337154,2,0,0,0,0,SAFE
2026-07-21T12:38:52.919390,0.25066487305622775,0.23869990602269134,3.2513142647291033,-0.7783447221323251,-9.028342468755909,2,0,0,0,0,SAFE
2026-07-21T12:38:53.002392,0.24085906629931852,0.22864153531863465,3.042219820246828,-2.569976804879725,-8.781725565870119,2,0,0,0,0,SAFE
2026-07-21T12:38:53.093341,0.22447816378834007,0.22795404909508685,-8.801177347643488,0.6083406008168342,-8.716194173218973,2,0,0,0,0,SAFE
2026-07-21T12:38:53.176919,0.2418216234404884,0.2249397124230798,4.626154967558023,-4.169653625190617,-8.916299787480597,2,0,0,0,0,SAFE
2026-07-21T12:38:53.265012,0.2535460540637986,0.21797692657812684,5.4634811864493145,-12.535016180241003,-10.059364947684202,2,0,0,0,0,SAFE
2026-07-21T12:38:53.348898,0.23909683177165397,0.2330170593662169,-5.797120850154556,-6.727711528331234,-7.8177236781601955,2,0,0,0,0,SAFE
2026-07-21T12:38:53.432848,0.22689076756798776,0.22393000697348195,-4.947455366683869,-6.24953577467206,-8.336026849180827,2,0,0,0,0,SAFE
2026-07-21T12:38:53.529890,0.26066094052827704,0.2271684498057685,6.055276148110579,-12.146367182840095,-10.188408407296038,2,0,0,0,0,SAFE
2026-07-21T12:38:53.654524,0.2346898411714738,0.22312459731343048,6.264905244709723,-13.627975704551368,-10.777946867443319,2,0,0,0,0,SAFE
2026-07-21T12:38:53.775057,0.2543423678124819,0.22312459731343048,-5.580778005324902,-6.306228845320868,-8.091999542996541,2,0,0,0,0,SAFE
2026-07-21T12:38:53.855158,0.23879398831133686,0.23386158262457032,-7.251759680179475,-6.1336840416967,-8.427527903250489,2,0,0,0,0,SAFE
2026-07-21T12:38:53.925978,0.24903040370717566,0.22795404909508685,-5.79567110703934,-5.956301097803456,-8.109283697485216,2,0,0,0,0,SAFE
2026-07-21T12:38:54.003059,0.24929454447725402,0.2220379874889404,5.453393661289454,-13.480427960789081,-10.353061279030896,2,0,0,0,0,SAFE
2026-07-21T12:38:54.081551,0.24929454447725402,0.2288950569655766,-7.006836705278602,-6.2510806517299216,-8.130291478968362,2,0,0,0,0,SAFE
2026-07-21T12:38:54.147950,0.2511690105426826,0.22972018323735743,7.637019298603406,-12.351889464599575,-10.190352821925387,2,0,0,0,0,SAFE
2026-07-21T12:38:54.231466,0.250271000059828,0.22972018323735743,6.918051823731673,-11.503685796323996,-10.257123295388766,2,0,0,0,0,SAFE
2026-07-21T12:38:54.302110,0.22848987511265156,0.23048573037869893,6.666136447398088,-8.060910162802179,-9.875749778335972,2,0,0,0,0,SAFE
2026-07-21T12:38:54.378713,0.23374423801476812,0.21732150701988728,-5.954979250281212,-3.514993700537188,-8.626108972098447,2,0,0,0,0,SAFE
2026-07-21T12:38:54.455892,0.24874330035798609,0.23869990602269134,6.841781722174801,-6.700450263310138,-9.666381007407693,2,0,0,0,0,SAFE
2026-07-21T12:38:54.534574,0.2440319769989152,0.2220379874889404,-5.9807144127749154,-2.3966777199720646,-8.789538599091253,2,0,0,0,0,SAFE
2026-07-21T12:38:54.606458,0.21803747033407472,0.2227371520720083,-5.025983462005229,-2.1603964399567452,-8.084358399889041,2,0,0,0,0,SAFE
2026-07-21T12:38:54.685867,0.24424305930065615,0.22770795501893354,-5.0532198262853,-0.5467098023423337,-7.579241529301262,2,0,0,0,0,SAFE
2026-07-21T12:38:54.762383,0.2529151540421384,0.23896738874670967,-5.265574695937801,-2.430915628058316,-7.575598591300125,2,0,0,0,0,SAFE
2026-07-21T12:38:54.837451,0.24578037228604843,0.23941980065761534,6.71158681828561,-12.101990698041053,-8.332468598956495,2,0,0,0,0,SAFE
2026-07-21T12:38:54.903911,0.25788656035820523,0.22864153531863465,6.625630135769256,-12.270660348933106,-8.316286773054145,2,0,0,0,0,SAFE
2026-07-21T12:38:54.997239,0.24182076184791507,0.22736775640858822,5.815975486717662,-10.717396188327509,-7.849518558874706,2,0,0,0,0,SAFE
2026-07-21T12:38:55.092862,0.24870639519277565,0.2227371520720083,-6.270273133927134,-3.904235852913254,-6.675197248810132,2,0,0,0,0,SAFE
2026-07-21T12:38:55.178470,0.24865903575844192,0.21664045213638827,7.041952311926849,-12.739008615747549,-8.827775846258703,2,0,0,0,0,SAFE
2026-07-21T12:38:55.255954,0.269470545721774,0.21664045213638827,7.3553592991661105,-11.796958702297388,-8.438278135244047,2,0,0,0,0,SAFE
2026-07-21T12:38:55.332970,0.2487255991167927,0.22864153531863465,6.8336640798934525,-12.854001893144574,-9.246931712791394,2,0,0,0,0,SAFE
2026-07-21T12:38:55.408945,0.2544709664478173,0.22864153531863465,6.882523061955567,-10.825552362954744,-8.790312335086156,2,0,0,0,0,SAFE
2026-07-21T12:38:55.479862,0.24392746833455664,0.22864153531863465,6.5533357347318315,-10.75423201653314,-9.17018488756824,2,0,0,0,0,SAFE
2026-07-21T12:38:55.554732,0.2440319769989152,0.23363465675799888,-7.144582426098367,-3.2453830987506334,-8.22754867189177,2,0,0,0,0,SAFE
2026-07-21T12:38:55.640036,0.2631716000140091,0.2220379874889404,5.060665309210947,-10.71964754804036,-9.599962409799389,2,0,0,0,0,SAFE
2026-07-21T12:38:55.708572,0.2537619711310609,0.23941980065761534,5.418106240441773,-8.808647012108688,-9.313466404061018,2,0,0,0,0,SAFE
2026-07-21T12:38:55.781970,0.24864482210465838,0.23941980065761534,5.241735825600813,-9.039534697305761,-9.499140589622073,2,0,0,0,0,SAFE
2026-07-21T12:38:55.863360,0.2346898411714738,0.21917333665652564,-7.25836402701654,-2.677990548057796,-9.1050612890074,2,0,0,0,0,SAFE
2026-07-21T12:38:55.957387,0.23753091151546996,0.22393000697348195,-7.262671360586296,-2.005828213701166,-9.164952898192755,2,0,0,0,0,SAFE
2026-07-21T12:38:56.032454,0.24747876109166783,0.23546194835799278,6.373207614416941,-10.050744858348866,-10.433585418576115,2,0,0,0,0,SAFE
2026-07-21T12:38:56.104958,0.2221834855188693,0.22795404909508685,6.618138417028774,-7.91183812325825,-10.176152182242618,2,0,0,0,0,SAFE
2026-07-21T12:38:56.187112,0.2346898411714738,0.22892849731026046,7.270996910891171,-10.213182469799767,-10.555333764711293,2,0,0,0,0,SAFE
2026-07-21T12:38:56.265897,0.2221834855188693,0.22892849731026046,6.945311499425145,-9.118856031420181,-10.287504679481316,2,0,0,0,0,SAFE
2026-07-21T12:38:56.334380,0.22723671840684367,0.22393000697348195,7.098477437833054,-9.08327003202334,-10.238372330084275,2,0,0,0,0,SAFE
2026-07-21T12:38:56.402967,0.22350290373188253,0.21917333665652564,6.089706126404138,-8.886308015141235,-10.085038858865857,2,0,0,0,0,SAFE
2026-07-21T12:38:56.477281,0.22673960881235244,0.21841799838463088,6.023483799034096,-10.269785635175763,-10.460418541940982,2,0,0,0,0,SAFE
2026-07-21T12:38:56.547752,0.23753091151546996,0.21917333665652564,5.962042072598933,-8.37145683668327,-10.070666310042185,2,0,0,0,0,SAFE
2026-07-21T12:38:56.664381,0.23684525985553298,0.22393000697348195,6.7275793042147995,-9.826847717658788,-10.298461601435974,2,0,0,0,0,SAFE
2026-07-21T12:38:56.744128,0.23684525985553298,0.22892849731026046,6.185683942925891,-7.085649615735817,-10.363662253059829,2,0,0,0,0,SAFE
2026-07-21T12:38:56.821087,0.22580456584937536,0.23406418073327387,-7.4326846413293595,0.06707013504124242,-9.423741237619192,2,0,0,0,0,SAFE
2026-07-21T12:38:56.906570,0.226609338184793,0.22312459731343048,5.296936071593024,-2.0212845881275774,-9.78218635110639,2,0,0,0,0,SAFE
2026-07-21T12:38:56.991956,0.22580456584937536,0.23386158262457032,-7.384530510209544,-0.9210748744603384,-9.493008676062583,2,0,0,0,0,SAFE
2026-07-21T12:38:57.069890,0.23513020690604597,0.22892849731026046,6.12318773968542,-2.6436369555026076,-9.890461488436387,2,0,0,0,0,SAFE
2026-07-21T12:38:57.137463,0.2250245558628654,0.22892849731026046,6.501832658750942,-2.490847722063182,-9.829843981868919,2,0,0,0,0,SAFE
2026-07-21T12:38:57.209821,0.23827992918006385,0.22892849731026046,5.552736081011801,-1.6589491663455693,-10.018040731042817,2,0,0,0,0,SAFE
2026-07-21T12:38:57.300663,0.2277078002815454,0.21841799838463088,6.067115268525839,0.9207868395876038,-9.790097130941774,2,0,0,1,0,DROWSY
2026-07-21T12:38:57.369739,0.23289168109113023,0.21841799838463088,6.696457629303495,0.24794391941354793,-9.928575679457424,2,0,0,1,0,DROWSY
2026-07-21T12:38:57.440763,0.2332226040134544,0.2271684498057685,6.788137839589211,0.9062326999391828,-9.865320795685136,2,0,0,1,0,DROWSY
2026-07-21T12:38:57.512553,0.2518564543700228,0.24300319200565926,6.847110634949161,-1.3070654854912673,-9.938265064303636,2,0,0,0,0,SAFE
2026-07-21T12:38:57.579862,0.23768032375398535,0.22247260665689716,6.458613702095022,-3.3914798303796068,-10.370671718926218,2,0,0,0,0,SAFE
2026-07-21T12:38:57.653934,0.23768032375398535,0.22892849731026046,6.434637764231667,-1.07278905643869,-10.316961880238125,2,0,0,0,0,SAFE
2026-07-21T12:38:57.725644,0.23535807580149987,0.2271684498057685,6.468612973216864,-3.4002522436992857,-10.336619221698015,2,0,0,0,0,SAFE
2026-07-21T12:38:57.807413,0.24828759730995725,0.21732150701988728,6.295476614281682,-4.209748772873826,-10.359222150848979,2,0,0,0,0,SAFE
2026-07-21T12:38:57.883991,0.23513020690604597,0.22892849731026046,6.380544614687523,-4.7599770583423835,-10.427864653590518,2,0,0,0,0,SAFE
2026-07-21T12:38:57.965078,0.22523511465000282,0.22892849731026046,6.115539781136192,-6.793382205304577,-10.597936783787162,2,0,0,0,0,SAFE
2026-07-21T12:38:58.036278,0.23436599885595877,0.21841799838463088,6.186719566605319,-6.177320600596098,-10.480317754888262,2,0,0,0,0,SAFE
2026-07-21T12:38:58.110860,0.22983260147826082,0.22419627187756966,6.552592974088498,-6.23541065572197,-10.744476606978566,2,0,0,0,0,SAFE
2026-07-21T12:38:58.189344,0.23532903818521467,0.23386158262457032,6.446811682266286,-4.411098557069775,-10.51738504841083,2,0,0,0,0,SAFE
2026-07-21T12:38:58.264427,0.23978262427791827,0.2329012852667013,6.082233815808962,-8.439888370925415,-10.781789787922008,2,0,0,0,0,SAFE
2026-07-21T12:38:58.340394,0.24426571460423468,0.22892849731026046,5.656901870230172,-4.979242844010766,-10.448733824741083,2,0,0,0,0,SAFE
2026-07-21T12:38:58.406945,0.24299790208606817,0.22123938286047204,-6.756344832485439,-1.4604668772242135,-9.782909119663769,2,0,0,0,0,SAFE
2026-07-21T12:38:58.483017,0.21908077827360345,0.21841799838463088,-7.373449385748955,-1.4475613860304977,-9.905669263990982,2,0,0,0,0,SAFE
2026-07-21T12:38:58.563094,0.22303708704031203,0.21841799838463088,-7.5879858516704815,-1.1731321863705433,-9.95362118050554,2,0,0,0,0,SAFE
2026-07-21T12:38:58.630865,0.24337975172007975,0.22892849731026046,-6.910974231572453,-0.030986329992762223,-10.279723443696962,2,0,0,0,0,SAFE
2026-07-21T12:38:58.709182,0.23399862828653406,0.22804107304784774,6.567196221620321,0.23577245246072848,-10.346652623697224,2,0,0,0,0,SAFE
2026-07-21T12:38:58.790844,0.24461740982956143,0.223362552130663,6.616327264224566,-0.7734218000315961,-10.42460540574399,2,0,0,0,0,SAFE
2026-07-21T12:38:58.869536,0.24680848270542968,0.22419627187756966,5.3443543719816375,-1.5177070148180525,-10.471102409923418,2,0,0,0,0,SAFE
2026-07-21T12:38:58.947100,0.24198779659483377,0.21917333665652564,-5.887534484595392,-0.5379741532307344,-9.992821108481701,2,0,0,0,0,SAFE
2026-07-21T12:38:59.037721,0.22522702270800657,0.22972018323735743,6.8961007187474195,-4.807391749992227,-9.718043055161303,2,0,0,1,0,DROWSY
2026-07-21T12:38:59.115305,0.22774079217218962,0.21853616859165065,7.638364447446577,-14.133792039401971,-9.687070220795363,2,0,0,1,0,DROWSY
2026-07-21T12:38:59.196571,0.14908963947399906,0.22196462034055522,-6.895058081147283,-1.2556311912714726,-6.071211821861944,2,0,0,1,0,DROWSY
2026-07-21T12:38:59.271836,0.12693150125467048,0.21144378978144202,-8.010399374593618,-5.172116755722768,-5.992254431876589,2,0,0,1,0,DROWSY
2026-07-21T12:38:59.349393,0.19318842795309432,0.22848291943862545,-7.709903331466052,-3.008890748352923,-5.650938559945125,2,0,0,1,0,DROWSY
2026-07-21T12:38:59.419970,0.188644514916675,0.22746824674817476,-5.958068586786965,-4.031341264871594,-6.056631735197284,2,0,0,1,0,DROWSY
2026-07-21T12:38:59.493039,0.21937528151893296,0.23233306079898142,-3.547997094190862,-4.200634940795807,-6.998974887978149,3,0,0,1,0,DROWSY
2026-07-21T12:38:59.565445,0.23572947288727478,0.2249397124230798,9.50110666917405,-12.782328791672182,-9.67777136993351,3,0,0,1,0,DROWSY
2026-07-21T12:38:59.639349,0.22068068578875935,0.22559004542949573,10.172315568180068,-10.471704619465813,-9.22776770710226,3,0,0,1,0,DROWSY
2026-07-21T12:38:59.713407,0.24208878948657409,0.22795404909508685,-4.317134524174946,-8.112597815795498,-6.743399053575769,3,0,0,1,0,DROWSY
2026-07-21T12:38:59.787082,0.2448320822599485,0.24464830009891705,-4.864297285474436,-7.062646155073718,-6.902252215657883,3,0,0,1,0,DROWSY
2026-07-21T12:38:59.864929,0.26773129425419817,0.22321033148465158,8.681736951821307,-17.034294443786532,-9.896761949299304,3,0,0,0,0,SAFE
2026-07-21T12:38:59.939832,0.25323032595057743,0.22321033148465158,7.032182988219773,-17.41897273116155,-10.209952140473462,3,0,0,0,0,SAFE
2026-07-21T12:39:00.011103,0.24226181708714783,0.23296006590991977,8.01741790528689,-17.13526192258644,-11.489681639299675,3,0,0,0,0,SAFE
2026-07-21T12:39:00.089817,0.2453799128659344,0.22972018323735743,7.91642125064439,-18.92885638917884,-11.220995524235377,3,0,0,0,0,SAFE
2026-07-21T12:39:00.174488,0.25190436951277784,0.21732150701988728,-5.129343469561007,-8.060538804144063,-7.834336644869123,3,0,0,0,0,SAFE
2026-07-21T12:39:00.250072,0.26437290705682936,0.2227371520720083,-4.783087885009223,-7.103548403396579,-8.068936341859917,3,0,0,0,0,SAFE
2026-07-21T12:39:00.319906,0.2531379000458519,0.22795404909508685,7.881546998376109,-18.51462675553064,-10.81425776922373,3,0,0,0,0,SAFE
2026-07-21T12:39:00.399845,0.2631768335628021,0.22864153531863465,-6.700847416856021,-4.855481567754191,-7.758254057541933,3,0,0,0,0,SAFE
2026-07-21T12:39:00.472929,0.25740203479543894,0.22419627187756966,6.190445208716113,-13.751386246935317,-9.80992157832145,3,0,0,0,0,SAFE
2026-07-21T12:39:00.548896,0.24944017758777534,0.22864153531863465,-7.337397395071605,-0.31079352673629884,-6.588478609467099,3,0,0,0,0,SAFE
2026-07-21T12:39:00.624982,0.24293596744299933,0.23311581758816702,-6.957264541392334,-4.567692755899573,-5.483390352665967,3,0,0,0,0,SAFE
2026-07-21T12:39:00.703558,0.2510026098769269,0.21855727417617535,-7.816688174448302,-4.186430324882623,-4.6027591705328605,3,0,0,0,0,SAFE
2026-07-21T12:39:00.777395,0.2650500326898848,0.22360679774997896,-7.858782060921101,-5.389420326153474,-4.351973524836251,3,0,0,0,0,SAFE
2026-07-21T12:39:00.850080,0.24566769518380827,0.2234551827719301,-7.664340102460557,-6.582865065528367,-1.9278821578232805,3,0,0,0,0,SAFE
2026-07-21T12:39:00.923382,0.20253723880029256,0.22920441105061798,-8.647437065068885,-3.8042938545973906,-1.1581489774168339,3,0,0,0,0,SAFE
2026-07-21T12:39:01.006052,0.17834342220589,0.2188080202827005,3.29581579281043,-12.684958724750253,-2.9817308769908095,3,0,0,0,0,SAFE
2026-07-21T12:39:01.084174,0.20743667656864648,0.2234551827719301,3.2895020958445684,-5.697133706410515,-2.6780966472521754,3,0,0,0,0,SAFE
2026-07-21T12:39:01.160752,0.23076926127065508,0.22245346996806528,-9.993456957160276,-0.357397790816628,-4.040438524052525,3,0,0,0,0,SAFE
2026-07-21T12:39:01.239830,0.21292787764810284,0.22360679774997896,-9.740663547495984,-3.037319621979443,-3.961145889674701,3,0,0,0,0,SAFE
2026-07-21T12:39:01.324284,0.22511684612446012,0.22196462034055522,-5.662158337953997,3.252762963096657,-5.937664967130285,3,0,0,0,0,SAFE
2026-07-21T12:39:01.391358,0.208941914081146,0.23825576613270513,-8.209179576840597,1.5689820157220546,-8.937443874814194,3,0,0,0,0,SAFE
2026-07-21T12:39:01.460569,0.22923956835608544,0.21991225957571753,-8.038007565306486,-4.665338685702557,-7.477147441234183,3,0,0,0,0,SAFE
2026-07-21T12:39:01.537857,0.22061755246546236,0.22975456940431493,-8.523154631589108,-0.8797193765740193,-6.129225637772888,3,0,0,0,0,SAFE
2026-07-21T12:39:01.614511,0.24574601034638965,0.2295015036354668,-10.456773460899711,-3.8007021744060863,-4.1346584283209165,3,0,0,0,0,SAFE
2026-07-21T12:39:01.686826,0.23299628590290627,0.22360679774997896,-9.996641463103856,-1.6178759195600965,-3.068689643472335,3,0,0,0,0,SAFE
2026-07-21T12:39:01.765131,0.22193173441034086,0.22931682645752738,-11.217954438769453,-1.5843392666042908,-2.3793099625151273,3,0,0,0,0,SAFE
2026-07-21T12:39:01.837838,0.2150961983373993,0.22895654203569393,-12.354517231819614,-1.9550305837071547,-2.449292931221275,3,0,0,0,0,SAFE
2026-07-21T12:39:01.916938,0.242078771772021,0.22430159009579506,-13.360350007595827,-3.7983435043462173,-1.158727755317105,3,0,0,0,0,SAFE
2026-07-21T12:39:01.992921,0.23573527213189646,0.22830383594988932,-16.20598198712551,-2.6966752478217946,-0.4821074111640391,3,0,0,0,0,SAFE
2026-07-21T12:39:02.073346,0.2369526618298845,0.2342426884952669,-14.991876912436993,-4.473387864742202,-0.38211040999051926,3,0,0,0,0,SAFE
2026-07-21T12:39:02.142912,0.23705719850283186,0.2342426884952669,-14.531808327432486,-5.497772942436477,-0.07521728763345248,3,0,0,0,0,SAFE
2026-07-21T12:39:02.221514,0.2229631876769324,0.21895036531799858,-17.454229023650726,-2.9231444163707363,0.00048748606133658623,3,0,0,0,0,SAFE
2026-07-21T12:39:02.311897,0.23801800546325963,0.22467480431412123,-17.630326715068946,-2.808068799889343,0.041481619219740064,3,0,0,1,0,DROWSY
2026-07-21T12:39:02.392881,0.23075236534211005,0.22365740469817702,-15.953296886464983,-4.363679937978231,2.8203691747411965,3,0,0,1,0,DROWSY
2026-07-21T12:39:02.466653,0.24035111040740367,0.2294032869327629,-17.535075662579715,-5.109146475321303,2.8716171270452238,3,0,0,1,0,DROWSY
2026-07-21T12:39:02.534853,0.16778848711560235,0.22911695050019235,-16.578531416861352,-3.1431455180566155,2.7344460348322053,3,0,0,1,0,DROWSY
2026-07-21T12:39:02.607418,0.21319674101785074,0.23310322150878202,-14.492029970510885,-6.6670599391333765,4.02744167610978,3,0,0,1,0,DROWSY
2026-07-21T12:39:02.679498,0.25149516184880655,0.22803508501982758,-14.523035651266582,-6.04545808497345,6.145435323188228,3,0,0,0,0,SAFE
2026-07-21T12:39:02.757404,0.27619961980066554,0.2284317199004123,-14.626009067092468,-6.847645314481098,7.332478745060098,3,0,0,0,0,SAFE
2026-07-21T12:39:02.836121,0.25732979816340806,0.2279510915528185,-15.35448139763372,-5.972634108976618,7.27494435348863,3,0,0,0,0,SAFE
2026-07-21T12:39:02.913394,0.2374165336691838,0.2284317199004123,-15.011562208628447,-6.47730120729471,7.623455717162009,3,0,0,0,0,SAFE
2026-07-21T12:39:02.993922,0.23177073481463345,0.22320317504229872,-19.40307690820839,-9.926089997047752,5.422849590114891,3,0,0,0,0,SAFE
2026-07-21T12:39:03.064496,0.2058510075716617,0.2224998266055643,-16.62922360537371,-12.275402429878364,1.0651986422481585,3,0,0,0,0,SAFE
2026-07-21T12:39:03.137578,0.16766973450170675,0.22803508501982758,-11.558291433023072,-6.15984981197066,-2.151511331984918,3,0,0,0,0,SAFE
2026-07-21T12:39:03.213155,0.2346354756606451,0.216210374934942,-13.006343719015916,-3.788828721811033,-4.590044740934172,3,0,0,0,0,SAFE
2026-07-21T12:39:03.283885,0.2279880232966744,0.23693938112154736,-9.380616680204525,1.1888361716292692,-5.859424836347772,3,0,0,0,0,SAFE
2026-07-21T12:39:03.354414,0.2325758142394199,0.22152114580133261,-8.470862754194172,2.572577792100587,-6.4468496435747324,3,0,0,0,0,SAFE
2026-07-21T12:39:03.424253,0.2127069479297689,0.22696108700082152,-11.006738019418862,10.59962743294822,-7.5829374115590396,3,0,0,0,0,SAFE
2026-07-21T12:39:03.504383,0.25368664503797966,0.2157136561232084,-9.458721441990292,8.533061777505836,-6.039487814866185,3,0,0,0,0,SAFE
2026-07-21T12:39:03.582963,0.2262741509814643,0.2329555594591527,-0.620272619913095,16.922958240589395,-4.1834258876176875,3,0,0,0,0,SAFE
2026-07-21T12:39:03.660551,0.23000079104637744,0.2284317199004123,-12.778235794801304,6.850305097008619,-5.325545019763166,3,0,0,0,0,SAFE
2026-07-21T12:39:03.732130,0.24223174052036373,0.22245346996806528,-12.582481992830424,7.835840551751605,-5.339145266706479,3,0,0,0,0,SAFE
2026-07-21T12:39:03.812224,0.22974410219832064,0.22848291943862545,-10.857515238337811,7.318508696169565,-5.370276937474098,3,0,0,0,0,SAFE
2026-07-21T12:39:03.894379,0.22783763116113223,0.24297452049816382,1.7359907182993481,8.046948835120526,-3.1048859926764862,3,0,0,0,0,SAFE
2026-07-21T12:39:03.970359,0.22685058952090717,0.22787720501522898,-9.266055362292548,2.633053558557871,-3.863025930526691,3,0,0,0,0,SAFE
2026-07-21T12:39:04.045944,0.2520277284535272,0.22831674063744603,2.8716120314942373,11.280445187420899,-1.9092548936112905,3,0,0,0,0,SAFE
2026-07-21T12:39:04.126355,0.24749530989842605,0.243374384796775,0.6302045021190565,13.603797147006055,-1.937427508676791,3,0,0,0,0,SAFE
2026-07-21T12:39:04.200427,0.26133453257772243,0.22880765104443207,0.4951461475277483,14.220981589911846,-2.0750994359393644,3,0,0,0,0,SAFE
2026-07-21T12:39:04.268991,0.25139850223758375,0.23415799260381104,0.439454751159019,14.002105496705495,-2.1528870943570553,3,0,0,0,0,SAFE
2026-07-21T12:39:04.346845,0.24116006282702085,0.22907731248279398,0.42882826226005477,14.044312623650457,-2.04638590176026,3,0,0,0,0,SAFE
2026-07-21T12:39:04.423880,0.27287213576022545,0.23952258746889463,-11.089243125936349,8.572346872838958,-4.349139170604107,3,0,0,0,0,SAFE
2026-07-21T12:39:04.493939,0.26132891788511386,0.21598491738101175,-8.892817285679229,7.8550366312247775,-4.526983425150242,3,0,0,0,0,SAFE
2026-07-21T12:39:04.572315,0.2318032232828645,0.23352094375353957,-10.495381755351843,7.62470664384459,-4.968344329646259,3,0,0,0,0,SAFE
2026-07-21T12:39:04.656313,0.26858710900205085,0.24416685344442435,1.82084728234355,13.595027926798414,-2.860416504012534,3,0,0,0,0,SAFE
2026-07-21T12:39:04.732429,0.2521928689962103,0.22245346996806528,-8.840600817050387,2.9458907478450485,-4.620789305946108,3,0,0,0,0,SAFE
2026-07-21T12:39:04.805602,0.24997728306404754,0.2339224291552822,-7.859976060425993,2.4961117545997364,-4.442045258141737,3,0,0,0,0,SAFE
2026-07-21T12:39:04.873333,0.2355475271521692,0.22804797451645786,5.47875237477038,-9.150128018809381,-5.512711169201566,3,0,0,0,0,SAFE
2026-07-21T12:39:04.949898,0.23426179129522687,0.23308035169046204,-4.929580874950773,-4.477155960384221,-3.8315190642472547,3,0,0,0,0,SAFE
2026-07-21T12:39:05.030852,0.23637724557004158,0.22803508501982758,3.5315221435776323,-11.569249375145676,-5.607213793315253,3,0,0,0,0,SAFE
2026-07-21T12:39:05.109843,0.24635047613254177,0.22196462034055522,5.531100722905478,0.6745359244354014,-6.111457247079812,3,0,0,0,0,SAFE
2026-07-21T12:39:05.185854,0.2534291937784653,0.22631181705680714,7.295093093635387,-11.730555974455276,-7.619240405214214,3,0,0,0,0,SAFE
2026-07-21T12:39:05.262869,0.25891063397568503,0.23093160206445668,0.06880901213139623,-6.595125552525937,-5.195325897379263,3,0,0,0,0,SAFE
2026-07-21T12:39:05.338989,0.24758832170182893,0.22119587234172966,8.216168293159228,-14.67859517686459,-7.660879729099179,3,0,0,0,0,SAFE
2026-07-21T12:39:05.416112,0.25327541823687305,0.22592792925182587,2.3566360288508292,-7.393927908613908,-3.9053505341504517,3,0,0,0,0,SAFE
2026-07-21T12:39:05.491889,0.3032646907127497,0.23175245157938754,4.593439121582293,-2.5561819733277926,-3.7854353139334527,3,0,0,0,0,SAFE
2026-07-21T12:39:05.573532,0.2717238811352573,0.23960752222307702,16.957039465447508,-12.800582118185245,-6.222274171545479,3,0,0,0,0,SAFE
2026-07-21T12:39:05.647957,0.3050752151202867,0.24514709246067745,13.980026199865165,-13.906901581009265,-6.508450870266984,3,0,0,0,0,SAFE
2026-07-21T12:39:05.715114,0.2984397630125132,0.23513922775992793,14.987627500462509,-12.350417419226293,-6.150831513015106,3,0,0,0,0,SAFE
2026-07-21T12:39:05.794709,0.2797596060508939,0.23498310613223927,14.160519253391527,-11.4053997392642,-6.777937143316677,3,0,0,0,0,SAFE
2026-07-21T12:39:05.869957,0.29002758387189653,0.23967254590304995,15.242877143627851,-11.428690728491636,-6.68804176111442,3,0,0,0,0,SAFE
2026-07-21T12:39:05.944857,0.29822189786789277,0.23088703629569973,13.833136644243154,-14.979900843230151,-7.010442095066253,3,0,0,0,0,SAFE
2026-07-21T12:39:06.021870,0.2833169033384242,0.2351470082110033,12.816785900141383,0.782405682491365,-4.025962500679924,3,0,0,0,0,SAFE
2026-07-21T12:39:06.096559,0.2663118726924274,0.24091783095878427,16.617903759111556,-1.2651630506237805,-2.736796406013326,3,0,0,0,0,SAFE
2026-07-21T12:39:06.169373,0.2766190892050715,0.2399706083642888,14.742793399204317,-9.319729541894855,-4.26372975453333,3,0,0,0,0,SAFE
2026-07-21T12:39:06.241465,0.2578485166390453,0.23199494833068116,14.21305435325641,-12.448215193093056,-4.452208639698853,3,0,0,0,0,SAFE
2026-07-21T12:39:06.314046,0.28580508463064846,0.23217333465723158,12.131113742990749,-10.733991759807628,-3.836095706143425,3,0,0,0,0,SAFE
2026-07-21T12:39:06.392839,0.30230960724125344,0.23173095889556686,13.907301104976113,-12.013915559576716,-5.66613058042509,3,0,0,0,0,SAFE
2026-07-21T12:39:06.466960,0.30550157140937717,0.23642928992973614,12.609960183057893,-13.779101660294677,-6.6230262065354,3,0,0,0,0,SAFE
2026-07-21T12:39:06.542868,0.26954257619960076,0.24056301006964834,13.163279823949608,-16.634727872530313,-8.258238928763888,3,0,0,0,0,SAFE
2026-07-21T12:39:06.620485,0.2768532134325591,0.22248735743795722,14.368770392287246,-13.126491002829122,-8.543332992394198,3,0,0,0,0,SAFE
2026-07-21T12:39:06.694563,0.2663320356611072,0.230916756714639,15.93224586889778,-11.20001663596298,-8.599385152757549,3,0,0,0,0,SAFE
2026-07-21T12:39:06.772911,0.26001986146296663,0.23058692990163165,17.05162048637615,-10.716384461827928,-8.773644413950677,3,0,0,0,0,SAFE
2026-07-21T12:39:06.843496,0.2775999151263965,0.24179615731905216,16.407437085998396,-15.750343089303666,-9.865441769438803,3,0,0,0,0,SAFE
2026-07-21T12:39:06.913899,0.27860432623607095,0.23402572772478117,18.44136100533487,-14.493387926816474,-9.488593557368091,3,0,0,0,0,SAFE
2026-07-21T12:39:06.990866,0.2720269942270043,0.23034469096157234,17.872598163809187,-12.20697833226174,-8.774451196226579,3,0,0,0,0,SAFE
2026-07-21T12:39:07.060872,0.2571874593211936,0.23215740096651974,14.15283510786918,-16.836334918439697,-9.978576990546259,3,0,0,0,0,SAFE
2026-07-21T12:39:07.134974,0.2780721732912793,0.23080071531453691,3.5336860448964273,-8.16946587067971,-6.076031118485133,3,0,0,0,0,SAFE
2026-07-21T12:39:07.213327,0.2716632688736675,0.24888550887956076,17.04026628838909,-10.845609270634432,-9.300564342824458,3,0,0,0,0,SAFE
2026-07-21T12:39:07.293417,0.266205942752486,0.232503792394616,16.442986983745868,-10.247971309869463,-9.086422788234557,3,0,0,0,0,SAFE
2026-07-21T12:39:07.366528,0.26861894893594296,0.232503792394616,13.937945511510435,-12.150415987869012,-9.76576569190604,3,0,0,0,0,SAFE
2026-07-21T12:39:07.444107,0.21643236538238497,0.23287950590795897,14.835356657259553,1.4129198492791488,-9.216586686621497,3,0,0,0,0,SAFE
2026-07-21T12:39:07.517370,0.2380519193554541,0.23227081327661367,3.229686351241668,9.13439297482203,-10.899705936631797,3,0,0,0,0,SAFE
2026-07-21T12:39:07.597029,0.19950477318882834,0.23200481066821912,11.166781566897527,24.316545508928872,-6.343724882739707,3,0,0,0,0,SAFE
2026-07-21T12:39:07.675112,0.2054518972897176,0.23271520337916723,13.030587346261058,27.458881117760175,-5.8172805135727685,3,0,0,0,0,SAFE
2026-07-21T12:39:07.751024,0.18934686611352097,0.24036938325723775,2.3251992237649404,13.883956311430486,-10.79417834957534,3,0,0,0,0,SAFE
2026-07-21T12:39:07.821102,0.17938253080937572,0.23135549929474206,1.1548288813798422,13.592287077150374,-11.114986785478568,3,0,0,0,0,SAFE
2026-07-21T12:39:07.893036,0.17673932167014594,0.23565803443389272,0.7988474401311123,14.088844882254364,-10.860094535074621,3,0,0,0,0,SAFE
2026-07-21T12:39:07.971450,0.19454644793895026,0.2354778694264482,0.6345009400045285,14.109232072574837,-11.379251050011272,3,0,0,0,0,SAFE
2026-07-21T12:39:08.051450,0.1786886433510175,0.2264508776754906,0.727046208465282,13.520117176806629,-11.530228676084358,3,0,0,0,0,SAFE
2026-07-21T12:39:08.130551,0.1856532374446444,0.23271520337916723,11.805025689771753,29.07680949541021,-6.359141148671284,3,0,0,0,0,SAFE
2026-07-21T12:39:08.201628,0.1689314862444459,0.22875544463201455,10.626645663035163,29.09956996269339,-6.5903308057459355,3,0,0,0,0,SAFE
2026-07-21T12:39:08.279226,0.1730377590284239,0.22940712200720279,7.383513355859634,28.742392527676227,-6.087067486374195,3,0,0,0,0,SAFE
2026-07-21T12:39:08.361377,0.17300880115991285,0.23611403060364355,11.679335419882307,27.443285073050884,-4.580040535241835,3,0,0,0,0,SAFE
2026-07-21T12:39:08.431978,0.18907453895905824,0.23271520337916723,10.367114852607642,28.851645430702103,-4.958110940013654,3,0,0,0,0,SAFE
2026-07-21T12:39:08.518585,0.2037282081966371,0.22122125553018726,7.312358745124357,16.255755800825032,-7.922017666139027,4,0,0,0,0,SAFE
2026-07-21T12:39:08.587375,0.25887965495728105,0.23429363868400063,12.369124028600453,2.51303678589935,-8.302176918379331,4,0,0,0,0,SAFE
2026-07-21T12:39:08.658950,0.271218625647609,0.22212714353377633,8.421481298018932,-10.875387815616387,-8.372415587477093,4,0,0,0,0,SAFE
2026-07-21T12:39:08.740545,0.2591198551745275,0.22485950669875843,9.247886553477628,-8.561011800983898,-7.460652283783645,4,0,0,0,0,SAFE
2026-07-21T12:39:08.821043,0.2695129471371418,0.22566509855737515,10.284178826143858,-7.353379822805124,-5.978299054373025,4,0,0,0,0,SAFE
2026-07-21T12:39:08.890814,0.284044681392479,0.22604282962470248,11.289768876756,-5.670741705580799,-5.468914317455642,4,0,0,0,0,SAFE
2026-07-21T12:39:08.965129,0.27866440827895367,0.221784837978284,10.067622434225655,-9.035698747552939,-5.771008351702591,4,0,0,0,0,SAFE
2026-07-21T12:39:09.044021,0.2632227334597834,0.2299822553081758,9.55213963664744,-4.329504529974264,-4.752279435760727,4,0,0,0,0,SAFE
2026-07-21T12:39:09.116112,0.26976974159889383,0.22932385118860232,10.868707734836931,-0.9698513378559194,-4.0888156805363,4,0,0,0,0,SAFE
2026-07-21T12:39:09.188631,0.2869843832782285,0.23435817226571828,9.397239017887614,2.6084724311772693,-3.2166922422124173,4,0,0,0,0,SAFE
2026-07-21T12:39:09.270212,0.2841042713555863,0.22665839326474121,10.274695689498003,-9.61221417883249,-4.16461393292775,4,0,0,0,0,SAFE
2026-07-21T12:39:09.341454,0.2770022847221155,0.23319078890217093,10.901164767789425,-7.375583870324753,-3.4569874137320937,4,0,0,0,0,SAFE
2026-07-21T12:39:09.419422,0.25038372982794965,0.22568636839728043,11.083487853091924,-7.574844960287143,-3.9884450528891477,4,0,0,0,0,SAFE
2026-07-21T12:39:09.494844,0.2760027137604302,0.22953118254038876,8.804741745321223,-13.005673354823205,-4.592578439824479,4,0,0,0,0,SAFE
2026-07-21T12:39:09.571885,0.25078800096007503,0.2250292865389347,6.952312043295109,-6.379944294197808,-3.3386638081123863,4,0,0,0,0,SAFE
2026-07-21T12:39:09.650486,0.251169122357815,0.2280350850198276,8.655572266046505,-7.261154552493639,-3.0806905174524957,4,0,0,0,0,SAFE
2026-07-21T12:39:09.718556,0.24441020654526824,0.22932385118860232,8.517242247875515,7.396025463234772,-1.466670655498831,4,0,0,0,0,SAFE
2026-07-21T12:39:09.792924,0.2643144438866952,0.23735042557356767,5.914530447947982,-3.5110750381936278,-1.263186460964846,4,0,0,0,0,SAFE
2026-07-21T12:39:09.866352,0.2796249440296587,0.23439523538847012,8.078148119157788,-8.434281065807662,-1.2039304553709371,4,0,0,0,0,SAFE
2026-07-21T12:39:09.937806,0.28903001722791066,0.2196969696969697,12.373666144289984,-13.135209100960697,-2.4894307118562438,4,0,0,0,0,SAFE
2026-07-21T12:39:10.008877,0.2836459342248618,0.2265625,12.935722098609688,-19.607551667403552,-3.202278254025373,4,0,0,0,0,SAFE
2026-07-21T12:39:10.087192,0.3079476548477983,0.22727272727272727,13.712075408537373,1.966009133730025,0.6158050367252201,4,0,0,0,0,SAFE
2026-07-21T12:39:10.167409,0.30303836736803347,0.23076923076923078,15.3657936347999,-17.6260844197435,-2.490463136472414,4,0,0,0,0,SAFE
2026-07-21T12:39:10.239999,0.28622544201273803,0.23824496313070753,15.73901867276058,-13.34352058236773,-0.15208666978622887,4,0,0,0,0,SAFE
2026-07-21T12:39:10.313577,0.2875943353695788,0.24200765290817441,13.728298320037737,-20.583259257186725,-0.7745107845145185,4,0,0,0,0,SAFE
2026-07-21T12:39:10.392468,0.2900880464167318,0.2268515641469272,15.764814266483285,-18.16581390219726,-0.572873064524714,4,0,0,0,0,SAFE
2026-07-21T12:39:10.469573,0.29508718709337844,0.2295998310518819,14.935024002103404,-13.029869554209052,1.186514197961742,4,0,0,0,0,SAFE
2026-07-21T12:39:10.547135,0.30581188325565034,0.23061781057373523,14.483203154611232,-16.800259977879424,1.742761510533029,4,0,0,0,0,SAFE
2026-07-21T12:39:10.625742,0.31332055923897795,0.2500294809397072,16.043157852814943,-15.97627951175693,1.241002901334923,4,0,0,0,0,SAFE
2026-07-21T12:39:10.696393,0.30076088859072003,0.23753467666904157,15.456411672674875,-15.270473097366496,3.251971055249811,4,0,0,0,0,SAFE
2026-07-21T12:39:10.763003,0.2884164355659341,0.23097772844797085,17.28028421221103,-17.275999483800398,1.8415375722705107,4,0,0,0,0,SAFE
2026-07-21T12:39:10.832378,0.29608650027155436,0.2480113222950117,13.653827168993217,-14.53341539899939,3.652447464934113,4,0,0,0,0,SAFE
2026-07-21T12:39:10.905423,0.2984775910547273,0.2476885694117904,12.712831088114456,-14.688288713592195,3.4791705199876333,4,0,0,0,0,SAFE
2026-07-21T12:39:10.984520,0.3180443267201507,0.2417028189373494,16.152807643909313,-7.114655152923313,3.6400273293955934,4,0,0,0,0,SAFE
2026-07-21T12:39:11.064532,0.3096221894358677,0.23445567903413878,17.036150007506052,-4.680297053351324,4.411008559751309,4,0,0,0,0,SAFE
2026-07-21T12:39:11.143048,0.28785568414416735,0.23490571583923467,17.780426383255957,-16.393814023803646,1.3046400745111555,4,0,0,0,0,SAFE
2026-07-21T12:39:11.218652,0.29435622249457016,0.25855832373393145,17.48419091161304,-14.482562476941094,1.5468980265881669,4,0,0,0,0,SAFE
2026-07-21T12:39:11.294935,0.2986517802942643,0.23767658975326297,16.99532614175132,-18.761515044466336,0.2660655311874507,4,0,0,0,0,SAFE
2026-07-21T12:39:11.370514,0.2864155664884152,0.23805415997191373,16.986877621199085,-17.692460681895565,0.7615625501027807,4,0,0,0,0,SAFE
2026-07-21T12:39:11.445231,0.29138096637884214,0.23472827994650275,16.685505654185675,-14.41359084281551,1.008607929047713,4,0,0,0,0,SAFE
2026-07-21T12:39:11.514589,0.28132370864407574,0.23826988967203355,16.362578824280803,-12.468150294087948,1.628946626241202,4,0,0,0,0,SAFE
2026-07-21T12:39:11.590863,0.30497637773226804,0.23492192566253342,16.93446803875915,-11.902833901469316,1.6794825008170449,4,0,0,0,0,SAFE
2026-07-21T12:39:11.662336,0.2840154794182584,0.2453474320047928,16.86781903133084,-16.0787414367037,1.5809982897866348,4,0,0,0,0,SAFE
2026-07-21T12:39:11.735920,0.28331876744793927,0.23826988967203355,15.298923398488967,-19.64138822364551,1.0251856298559119,4,0,0,0,0,SAFE
2026-07-21T12:39:11.805387,0.28401818469128093,0.24551593620106485,15.311690919134463,-20.629854620980623,0.8237907448267663,4,0,0,0,0,SAFE
2026-07-21T12:39:11.893944,0.27262889493643055,0.23468049855553913,15.360587993215063,-20.37976154966558,0.2801492660911151,4,0,0,0,0,SAFE
2026-07-21T12:39:11.989544,0.2829640662622539,0.23181528893931289,17.26013220628292,-18.79014352381012,0.9481385393066546,4,0,0,0,0,SAFE
2026-07-21T12:39:12.070873,0.29008471499648514,0.2312370823101133,17.046407778915608,-20.161903086420356,0.48690486994615867,4,0,0,0,0,SAFE
2026-07-21T12:39:12.144415,0.2677028527658263,0.23327877483925868,16.34423259613132,-16.320048302630994,1.649327412272072,4,0,0,0,0,SAFE
2026-07-21T12:39:12.223999,0.26433742681621625,0.24610565488467054,16.99675228688193,-12.673336218189151,2.0857554384487287,4,0,0,0,0,SAFE
2026-07-21T12:39:12.309566,0.2806217793903921,0.23097772844797085,15.13372679449941,-9.713082919393699,3.1192338447922054,4,0,0,0,0,SAFE
2026-07-21T12:39:12.391302,0.31665380780424063,0.23859815764907394,15.093941313958169,2.7654844998894097,6.093994277687244,4,0,0,0,0,SAFE
2026-07-21T12:39:12.464469,0.298577686057122,0.23462966206362484,16.164579479636075,0.48696940567732355,5.565432060134867,4,0,0,0,0,SAFE
2026-07-21T12:39:12.547708,0.29251299740657344,0.23497664884177477,15.716633312736604,9.310040622293807,7.9492988236602855,4,0,0,0,0,SAFE
2026-07-21T12:39:12.629483,0.30064347857994245,0.23199842707024426,16.01897726501238,9.096157753845274,7.989240117929029,4,0,0,0,0,SAFE
2026-07-21T12:39:12.709042,0.3062542034801482,0.23116582300563038,16.367383697780582,8.127353392510589,7.773517776064239,4,0,0,0,0,SAFE
2026-07-21T12:39:12.785746,0.3104854547035999,0.2389669545336842,16.003542533041212,9.42703507862445,8.385439953924333,4,0,0,0,0,SAFE
2026-07-21T12:39:12.873911,0.316446715086258,0.24166252231265067,17.14601391268843,8.05432126587648,7.889614314773098,4,0,0,0,0,SAFE
2026-07-21T12:39:12.956973,0.31521055472105675,0.23942060235044968,16.775130272761345,9.693006351211803,8.232600258637177,4,0,0,0,0,SAFE
2026-07-21T12:39:13.046068,0.3058793115343577,0.23819827527392418,16.808925930425318,11.097736852118445,8.637981625734795,4,0,0,0,0,SAFE
2026-07-21T12:39:13.133258,0.2995828235858665,0.23199842707024426,16.936109759285245,9.007928382919566,8.22579119254911,4,0,0,0,0,SAFE
2026-07-21T12:39:13.210335,0.28182842478788145,0.23508356851500256,16.906598555923807,9.777468921308357,8.078026219460185,4,0,0,0,0,SAFE
2026-07-21T12:39:13.296921,0.28636554380254486,0.23135106669772706,16.892627655891033,9.244251373162907,8.020354808389698,4,0,0,0,0,SAFE
2026-07-21T12:39:13.384325,0.29567140453409374,0.2277536361634329,15.9943945661457,7.620260508249347,7.195958214157486,4,0,0,0,0,SAFE
2026-07-21T12:39:13.470430,0.304391755529613,0.2312370823101133,15.650891387499428,9.930604690180417,7.52286346677073,4,0,0,0,0,SAFE
2026-07-21T12:39:13.549539,0.2801843374544213,0.23858811026570056,14.89368665460259,5.322150920250476,6.837522449742806,4,0,0,0,0,SAFE
2026-07-21T12:39:13.635267,0.27968560682764904,0.23822664508157126,16.06454292579116,-15.588397904271133,0.309989818755696,4,0,0,0,0,SAFE
2026-07-21T12:39:13.716421,0.2925242646853901,0.23555464383995137,13.076202445700403,-21.63045648698256,-2.1325368063417898,4,0,0,0,0,SAFE
2026-07-21T12:39:13.796652,0.30400647844891177,0.2378670902851655,13.197514621920789,-23.09916428016275,-1.2539711959504132,4,0,0,0,0,SAFE
2026-07-21T12:39:13.879359,0.29022299437987,0.2357142857142857,14.87283672543984,-21.899927670909044,-2.2631139400402276,4,0,0,0,0,SAFE
2026-07-21T12:39:13.957263,0.28980401478430956,0.23453265156395475,14.930183580772649,-21.580189074393658,-1.6494391069961978,4,0,0,0,0,SAFE
2026-07-21T12:39:14.039822,0.2967798292440219,0.2417473587068523,15.047105927851504,-27.311914350240407,-3.66434754196942,4,0,0,0,0,SAFE
2026-07-21T12:39:14.132250,0.30272374613269376,0.230039740006882,14.66879424577732,-28.436873532098957,-3.6016209633702374,4,0,0,0,0,SAFE
2026-07-21T12:39:14.215826,0.31088515478123124,0.22739895484550962,12.619809498261816,-25.239626043166727,-4.798455417833168,4,0,0,0,0,SAFE
2026-07-21T12:39:14.304346,0.2934497212466295,0.23134328358208955,11.875606514841365,-23.329123459372223,-4.291728911843109,4,0,0,0,0,SAFE
2026-07-21T12:39:14.386359,0.3208333895383709,0.22669715825854544,-0.10734848739130598,-10.482416796111655,0.37841712687026385,4,0,0,0,0,SAFE
2026-07-21T12:39:14.472116,0.30550188311107096,0.234375,-2.2654849902257013,-12.086482874733772,0.8183725660204937,4,0,0,0,0,SAFE
2026-07-21T12:39:14.550669,0.31561873659749173,0.2323022193393983,11.09742975579826,-21.087175148149218,-4.334880595839337,4,0,0,0,0,SAFE
2026-07-21T12:39:14.632871,0.2741079890180392,0.23172890771212076,10.318894647159993,-24.862532678558555,-5.073937732395166,4,0,0,0,0,SAFE
2026-07-21T12:39:14.719408,0.2941730497889955,0.23833599405129,10.466972772165178,-26.386585479411483,-4.631964495802322,4,0,0,0,0,SAFE
2026-07-21T12:39:14.803561,0.29168223181911457,0.2380853670829055,10.508006075988078,-24.81014427785621,-4.100099626382814,4,0,0,0,0,SAFE
2026-07-21T12:39:14.892394,0.2951824997414446,0.2380853670829055,11.371558384588496,-25.32097263838307,-4.484007634880442,4,0,0,0,0,SAFE
2026-07-21T12:39:14.976020,0.3024700429160059,0.23074192564805976,11.452011950826119,-27.1896365043453,-4.68581742139159,4,0,0,0,0,SAFE
2026-07-21T12:39:15.061270,0.2620192566343519,0.2286632741927577,12.92369495569153,-28.637935866717367,-5.955254590147916,4,0,0,0,0,SAFE
2026-07-21T12:39:15.147594,0.26203711655242157,0.2286596770499558,13.353434781676384,-27.24632850604361,-6.209958489017936,4,0,0,0,0,SAFE
2026-07-21T12:39:15.227177,0.2835453145756352,0.25474161797152195,9.059221216788359,-31.216680176400033,-6.580941621734098,4,0,0,0,0,SAFE
2026-07-21T12:39:15.318772,0.29154229382214625,0.2571326654261869,9.313486964424499,-29.69005832538357,-7.01041929267538,4,0,0,0,0,SAFE
2026-07-21T12:39:15.407889,0.2883615422488943,0.23168656629409534,9.543316794286682,-28.429353780872205,-6.373802047654351,4,0,0,0,0,SAFE
2026-07-21T12:39:15.489057,0.30333752456695323,0.23530774743637192,10.063583432234964,-28.896445895632567,-6.533048540778765,4,0,0,0,0,SAFE
2026-07-21T12:39:15.579231,0.30299226445414407,0.24072097397360118,8.50910326607135,-27.50565237470292,-6.70007713413932,4,0,0,0,0,SAFE
2026-07-21T12:39:15.659439,0.27418301235235626,0.2618086354579483,9.383932281272934,-27.418609550865018,-5.8765134219035815,4,0,0,0,0,SAFE
2026-07-21T12:39:15.743029,0.29603669288886436,0.23468049855553913,8.660755134403558,-26.507155898856446,-6.550729156331869,4,0,0,0,0,SAFE
2026-07-21T12:39:15.827930,0.29256936544959444,0.2354442479327848,10.296240772321852,-19.442129027543064,-6.716632746132717,4,0,0,0,0,SAFE
2026-07-21T12:39:15.900041,0.298480794788499,0.2307051565613091,8.24879608319742,-23.20391683424867,-6.771365590756716,4,0,0,0,0,SAFE
2026-07-21T12:39:15.967224,0.2985177179257811,0.22209004025162507,9.323389913275179,-22.552442545831312,-6.749007537880743,4,0,0,0,0,SAFE
2026-07-21T12:39:16.043273,0.2760889037732027,0.2312370823101133,9.787278188339997,-22.59017499926492,-6.996660825883168,4,0,0,0,0,SAFE
2026-07-21T12:39:16.114875,0.2970592432027046,0.2423965912577493,7.935492587189657,-23.372350164459547,-8.042983804787667,4,0,0,0,0,SAFE
2026-07-21T12:39:16.188645,0.310492850696921,0.23419952100787386,8.379809662387288,-23.837202828359704,-7.698383774778563,4,0,0,0,0,SAFE
2026-07-21T12:39:16.261749,0.3079199810809245,0.22604282962470248,8.574432682388675,-24.012566299727155,-8.014688538325743,4,0,0,0,0,SAFE
2026-07-21T12:39:16.340572,0.3014263219834762,0.24198790374307136,7.4511568545685805,-24.646356359569467,-7.644340883794371,4,0,0,0,0,SAFE
2026-07-21T12:39:16.417209,0.2929573137896149,0.23066167260907525,10.049588826645447,-23.33279999311957,-7.781528639315042,4,0,0,0,0,SAFE
2026-07-21T12:39:16.494242,0.28867875354989336,0.2264107542785829,9.976425661218116,-22.961897099428963,-7.7956056386912564,4,0,0,0,0,SAFE
2026-07-21T12:39:16.572366,0.2829162004213134,0.24261717734318722,10.065864348006869,-22.164133787531032,-7.446335107463824,4,0,0,0,0,SAFE
2026-07-21T12:39:16.642392,0.28503628697542904,0.23455555164941788,10.155418622540083,-21.61396031053163,-7.808437008769545,4,0,0,0,0,SAFE
2026-07-21T12:39:16.718532,0.284582925883037,0.23058692990163165,11.096232718665078,-19.93721388348542,-7.675827225962848,4,0,0,0,0,SAFE
2026-07-21T12:39:16.795377,0.2765693189649424,0.22707962059333592,10.512297206289759,-21.956015776339996,-7.9484887717440245,4,0,0,0,0,SAFE
2026-07-21T12:39:16.881861,0.29176908097608356,0.2264212583846582,11.259273133728925,-19.986793299598133,-8.287604227641879,4,0,0,0,0,SAFE
2026-07-21T12:39:16.954192,0.275979258823976,0.2267771592583297,12.217732570743891,-18.45747329490717,-7.937928097758629,4,0,0,0,0,SAFE
2026-07-21T12:39:17.032736,0.27832552307949543,0.2264212583846582,12.193946451926024,-19.230822626765505,-8.126214997056394,4,0,0,0,0,SAFE
2026-07-21T12:39:17.103715,0.2779086479784736,0.2267771592583297,11.11029247692801,-20.33652595190231,-8.065405298703297,4,0,0,0,0,SAFE
2026-07-21T12:39:17.173483,0.2762601136728892,0.23350418073396892,8.544712692509165,-20.465586673661395,-7.968631261853318,4,0,0,0,0,SAFE
2026-07-21T12:39:17.247583,0.2937417436683789,0.22941508587466752,9.273096476637448,-18.335736801002163,-8.178431293379305,4,0,0,0,0,SAFE
2026-07-21T12:39:17.322622,0.28377074674587005,0.22535023506988355,7.433096227479979,-18.1752036589171,-7.394607991978717,4,0,0,0,0,SAFE
2026-07-21T12:39:17.400194,0.28133153952151757,0.22899997783245998,7.5518692185653435,-17.919359614122506,-6.990943124950718,4,0,0,0,0,SAFE
2026-07-21T12:39:17.475760,0.2921386348901688,0.2296855956972836,9.07430597915885,-20.460519257504394,-8.143812835528962,4,0,0,0,0,SAFE
2026-07-21T12:39:17.547065,0.29099341622794983,0.22297809885507142,12.9360901484917,-18.53026858353876,-8.096955455440849,4,0,0,0,0,SAFE
2026-07-21T12:39:17.616631,0.2807054915685979,0.2264212583846582,14.123225925524736,-18.370796213326997,-8.50728319790943,4,0,0,0,0,SAFE
2026-07-21T12:39:17.696386,0.2197384905044838,0.22861821657917233,-1.230845016703114,10.001995374641247,-8.71081187950026,4,0,0,0,0,SAFE
2026-07-21T12:39:17.768838,0.24159451499655266,0.23199454787783447,2.661619719493416,14.874536220388599,-9.15202602486541,4,0,0,0,0,SAFE
2026-07-21T12:39:17.841429,0.2317661202748389,0.23469358151410818,13.766631812143402,19.791134355045376,-3.7900558622322933,4,0,0,0,0,SAFE
2026-07-21T12:39:17.912503,0.2367240772611887,0.22886198271757893,12.004621936458307,24.827836640425108,-3.0798764889342465,4,0,0,0,0,SAFE
2026-07-21T12:39:17.991440,0.22158879200339704,0.23273792635495597,12.205607754089868,24.713254613231097,-2.969470205122434,4,0,0,0,0,SAFE
2026-07-21T12:39:18.071525,0.28180995899707295,0.2262235015895634,10.945132541915598,24.555572365926462,-3.4990827600804835,4,0,0,0,0,SAFE
2026-07-21T12:39:18.148610,0.28773253954829836,0.22694141060228268,13.259375408165823,23.784615858083782,-3.070700671322186,4,0,0,0,0,SAFE
2026-07-21T12:39:18.230902,0.284363150256305,0.2341440562971512,12.73290494921082,23.61511337160885,-3.639847919963529,4,0,0,0,0,SAFE
2026-07-21T12:39:18.302572,0.2742847127292827,0.22986987301618184,12.988846475406831,22.548479662812166,-3.758854160927939,4,0,0,0,0,SAFE
2026-07-21T12:39:18.377132,0.2951620970969379,0.23730343946307184,11.936740024129705,20.54362972760821,-4.027081276715165,4,0,0,0,0,SAFE
2026-07-21T12:39:18.449725,0.2899377416944858,0.22596578024504962,11.664822009955941,21.578609227103176,-3.803727830887567,4,0,0,0,0,SAFE
2026-07-21T12:39:18.522934,0.27404020799246476,0.23730343946307184,11.774159463907068,22.25265544040771,-3.765099787403102,4,0,0,0,0,SAFE
2026-07-21T12:39:18.602164,0.2847182768439288,0.23414533177014957,12.868242853685274,20.456726457266875,-4.0252327181923135,4,0,0,0,0,SAFE
2026-07-21T12:39:18.677235,0.29368013053063813,0.239361137973523,12.01536248660139,20.057383188005982,-4.098524869926138,4,0,0,0,0,SAFE
2026-07-21T12:39:18.746555,0.2870136898907314,0.23361461097991792,12.277889025611643,19.524323754767344,-4.1021756486162815,4,0,0,0,0,SAFE
2026-07-21T12:39:18.825644,0.27818095185491626,0.22718153353072537,12.35727616534487,18.677444572639043,-4.060137313805058,4,0,0,0,0,SAFE
2026-07-21T12:39:18.908523,0.27815698852157456,0.23570226039551584,12.455948308317204,18.4814168016489,-4.233426086172784,4,0,0,0,0,SAFE
2026-07-21T12:39:18.981855,0.2680954614798353,0.23414533177014957,12.4569104278375,19.197532192905275,-3.90176675157835,4,0,0,0,0,SAFE
2026-07-21T12:39:19.051885,0.27463581342585697,0.23048693052443076,11.847860876799132,18.33136562757046,-4.106699990292697,4,0,0,0,0,SAFE
2026-07-21T12:39:19.121259,0.2657851799532226,0.21881785687842664,11.261204150507211,18.95156326855529,-4.632789369958147,4,0,0,0,0,SAFE
2026-07-21T12:39:19.194324,0.2557421346187411,0.23906398697634842,10.645624164016994,17.516270926655313,-5.171854982015645,4,0,0,0,0,SAFE
2026-07-21T12:39:19.276425,0.2632698816199044,0.24247831973184222,11.048596648940787,18.384851335786404,-4.910376832318946,4,0,0,0,0,SAFE
2026-07-21T12:39:19.351059,0.2593005352432246,0.22714919946572965,11.178854461382087,18.47090962993493,-5.043850527159179,4,0,0,0,0,SAFE
2026-07-21T12:39:19.434146,0.26945903513892533,0.226479124581493,11.215257432685036,18.61611943080455,-4.969874339946102,4,0,0,0,0,SAFE
2026-07-21T12:39:19.509234,0.2800338449859393,0.2396433886276311,11.400435208281863,16.201700328491047,-5.140001742818157,4,0,0,0,0,SAFE
2026-07-21T12:39:19.583507,0.2781875634295086,0.22829487197230872,11.586790529605935,16.36624832233623,-5.158419332289213,4,0,0,0,0,SAFE
2026-07-21T12:39:19.659922,0.28765417126539894,0.23414533177014957,12.420086936145026,16.06897658582852,-4.943413046722014,4,0,0,0,0,SAFE
2026-07-21T12:39:19.734512,0.28910977599367976,0.230002683827605,12.538961991589076,17.010589289516894,-4.874519979838965,4,0,0,0,0,SAFE
2026-07-21T12:39:19.805589,0.27394296778266825,0.226479124581493,12.41289265518924,16.297777985384798,-4.69642310308231,4,0,0,0,0,SAFE
2026-07-21T12:39:19.878657,0.2777470853917658,0.235401611791395,12.225659202828354,17.863474387763578,-4.443866975416228,4,0,0,0,0,SAFE
2026-07-21T12:39:19.944960,0.2780007108722066,0.22766523226922283,12.376620468090806,17.612879956444452,-4.522136872680278,4,0,0,0,0,SAFE
2026-07-21T12:39:20.017031,0.2822495997092934,0.23785942584078887,11.026947406531718,19.206113161165522,-4.418779345808986,4,0,0,0,0,SAFE
2026-07-21T12:39:20.090612,0.2806417762429231,0.2293553851298437,11.210685676271225,21.836614373205148,-4.113309325317857,4,0,0,0,0,SAFE
2026-07-21T12:39:20.163958,0.2857282247118264,0.23785942584078887,9.858727105024911,20.907686201834217,-4.617027011030672,4,0,0,0,0,SAFE
2026-07-21T12:39:20.241552,0.2802544422390053,0.22485950669875843,9.064929449496503,21.041700568267615,-5.012588920284628,4,0,0,0,0,SAFE
2026-07-21T12:39:20.317138,0.28366234474799756,0.2293648696371397,9.05600939343313,21.018148638927215,-5.149220321002929,4,0,0,0,0,SAFE
2026-07-21T12:39:20.392887,0.2893463131416003,0.23746010573233306,8.7716013964004,21.999776432948437,-4.790233149759189,4,0,0,0,0,SAFE
2026-07-21T12:39:20.467025,0.2968915859919823,0.2370337694276216,7.596055558845023,21.77798313446043,-5.2886041073870445,4,0,0,0,0,SAFE
2026-07-21T12:39:20.538658,0.26640996445735077,0.2218274050296601,8.495219029544728,19.999331144023195,-5.770028787994022,4,0,0,0,0,SAFE
2026-07-21T12:39:20.613083,0.26692632295235547,0.2196608856953445,7.685260861002121,12.333184226299593,-6.4497374455595775,4,0,0,0,0,SAFE
2026-07-21T12:39:20.687164,0.26030803880129433,0.2377071331378302,8.938275482477536,-0.7315489851284754,-9.314389180319495,4,0,0,0,0,SAFE
2026-07-21T12:39:20.764396,0.2724483475808619,0.226999256431342,8.056458381636077,-4.887328530604975,-9.355444520814672,4,0,0,0,0,SAFE
2026-07-21T12:39:20.839754,0.27196806835467147,0.226999256431342,8.262063386203351,-6.831511690060354,-9.70206390381668,4,0,0,0,0,SAFE
2026-07-21T12:39:20.918915,0.2696170578360375,0.22573305919324013,9.418072688833433,-11.096345141343253,-10.02943988343793,4,0,0,0,0,SAFE
2026-07-21T12:39:20.988528,0.26827427176635327,0.22178443858688804,8.50106156168573,-10.569973807814064,-10.177751126779413,4,0,0,0,0,SAFE
2026-07-21T12:39:21.059404,0.2704304785995184,0.22373601289959577,9.41504377858081,-12.093818366847907,-10.34541584668159,4,0,0,0,0,SAFE
2026-07-21T12:39:21.148612,0.28226796291278144,0.21881785687842664,8.84982473344138,-10.788910500543937,-10.179733019614673,4,0,0,0,0,SAFE
2026-07-21T12:39:21.230460,0.2688301213611114,0.22294637751043042,8.025105097635446,-10.46733077229012,-10.164102129023206,4,0,0,0,0,SAFE
2026-07-21T12:39:21.317386,0.26923622061512753,0.22714919946572965,8.961436506799316,-5.546991744236577,-9.743022311077823,4,0,0,0,0,SAFE
2026-07-21T12:39:21.400534,0.26000672136240843,0.22714919946572965,8.617079252788841,-6.4543201210615235,-9.779409098879938,4,0,0,0,0,SAFE
2026-07-21T12:39:21.480620,0.2738937503662875,0.226479124581493,9.886259857313519,9.429364688278453,-7.07903389739036,4,0,0,0,0,SAFE
2026-07-21T12:39:21.561993,0.27228986998900856,0.226479124581493,10.472029980835657,6.354607585619484,-7.4449513907676135,4,0,0,0,0,SAFE
2026-07-21T12:39:21.645592,0.2881186007579315,0.237948585690131,8.945427828710166,16.962347605410596,-5.64758879928209,4,0,0,0,0,SAFE
2026-07-21T12:39:21.726173,0.2821134220350945,0.22171367824349014,10.93811538984312,11.759253236369435,-5.579561167181851,4,0,0,0,0,SAFE
2026-07-21T12:39:21.816807,0.274966673250596,0.22601267833736843,8.45910000469891,15.245865949219949,-5.393217210830159,4,0,0,0,0,SAFE
2026-07-21T12:39:21.900905,0.25594966957930754,0.2262235015895634,8.464007566651816,19.206685996642857,-4.910790650142218,4,0,0,0,0,SAFE
2026-07-21T12:39:21.986104,0.2800068578378863,0.22546047010681503,11.46273357899804,20.901008192791597,-4.519589782011167,4,0,0,0,0,SAFE
2026-07-21T12:39:22.063993,0.2922723204797735,0.22861821657917233,-0.13143271837907378,15.134198642230222,-8.475402610249473,4,0,0,0,0,SAFE
2026-07-21T12:39:22.143684,0.2933084649073774,0.23318788306687005,9.606385848673767,23.62315387260786,-3.3449175709299936,4,0,0,0,0,SAFE
2026-07-21T12:39:22.227160,0.2931903330301956,0.2202560961139421,8.874292870901513,23.639898585254908,-3.3819440505744467,4,0,0,0,0,SAFE
2026-07-21T12:39:22.312934,0.2879234141851032,0.2370337694276216,7.472720306912208,24.441758710552993,-2.4987648826833606,4,0,0,0,0,SAFE
2026-07-21T12:39:22.402118,0.2930416799638492,0.24544932227607086,7.733977198877653,23.961918793427863,-2.6446209018077695,4,0,0,0,0,SAFE
2026-07-21T12:39:22.495059,0.2741942766571357,0.22864491112272223,8.405779260857287,23.638805462658276,-1.831705702687401,4,0,0,0,0,SAFE
2026-07-21T12:39:22.577192,0.2734738458798319,0.22828706868640194,7.664282136424447,18.445338808032858,-3.040396371672614,4,0,0,0,0,SAFE
2026-07-21T12:39:22.657949,0.2748497906262096,0.2296943798830148,13.10237681779978,-6.385564943200274,-6.476852205618059,4,0,0,0,0,SAFE
2026-07-21T12:39:22.744740,0.2761878740234599,0.23760805798196352,8.550634793969579,-21.190050163091623,-7.233462750499143,4,0,0,0,0,SAFE
2026-07-21T12:39:22.819825,0.29014723873007064,0.22864491112272223,9.236125470185698,-22.05195139336421,-7.560194560014821,4,0,0,0,0,SAFE
2026-07-21T12:39:22.896411,0.30877091712600346,0.23352942238775176,9.034461592422474,-21.514312964383308,-6.170045288328481,4,0,0,0,0,SAFE
2026-07-21T12:39:22.985938,0.3033687877436593,0.230039740006882,7.85708999943725,-21.048398895572337,-5.776293374582309,4,0,0,0,0,SAFE
2026-07-21T12:39:23.067193,0.2988607833239768,0.21864938089585081,8.519132940692373,-22.3997381083843,-5.921216578669629,4,0,0,0,0,SAFE
2026-07-21T12:39:23.155271,0.2610267311089566,0.21929824561403508,9.314403039565434,-18.988182697102868,-4.948172207695222,4,0,0,0,0,SAFE
2026-07-21T12:39:23.237233,0.22953702784586727,0.2372540596060276,8.376777321089463,-17.409551066012988,-5.051670750329691,4,0,0,0,0,SAFE
2026-07-21T12:39:23.319805,0.2501370241170844,0.23335799409709432,9.465478808410381,10.258709814635328,-0.7972361942839825,4,0,0,0,0,SAFE
2026-07-21T12:39:23.395884,0.28758246420057143,0.22809843577569752,9.633536807029657,15.233489083730289,-0.07049835558436257,4,0,0,0,0,SAFE
2026-07-21T12:39:23.481991,0.3089855536998735,0.22417041574862664,0.3334426784221307,15.865363782055631,-3.815832899585275,4,0,0,0,0,SAFE
2026-07-21T12:39:23.565937,0.32306628134044313,0.2191702640994871,9.828855729632494,23.00964150456089,0.9179631728569575,4,0,0,0,0,SAFE
2026-07-21T12:39:23.654658,0.306634813292339,0.22930873601587756,9.33787406719972,22.355366237576217,0.6600434614167341,4,0,0,0,0,SAFE
2026-07-21T12:39:23.734969,0.2879485596858682,0.2230729168503305,0.8586688769005093,18.01140960549926,-4.3462239603609385,4,0,0,0,0,SAFE
2026-07-21T12:39:23.817166,0.2567942242850292,0.2248792735633403,11.077133824571604,20.343538849235866,0.026626609926722722,4,0,0,0,0,SAFE
2026-07-21T12:39:23.903979,0.26310038960347704,0.22021739714593544,11.668630844319466,19.11858150479533,-0.1478634037367783,4,0,0,0,0,SAFE
2026-07-21T12:39:23.989870,0.25155195577049694,0.22417041574862664,3.1184121076991573,12.790573981913528,-4.410708066274467,4,0,0,0,0,SAFE
2026-07-21T12:39:24.074970,0.2604868212716317,0.21943984632205282,10.924453636945998,15.040013290947476,-0.8784070390950944,4,0,0,0,0,SAFE
2026-07-21T12:42:55.924035,0.19127418402563365,0.2273032149594653,-4.465469347441513,4.983250011922926,-9.362830021565458,0,0,0,0,0,SAFE
2026-07-21T12:42:56.022355,0.22341451343649635,0.22569889765814494,3.4248932199096203,4.358734277465088,-10.595252009151238,0,0,0,0,0,SAFE
2026-07-21T12:42:56.107915,0.20378778951598214,0.23565502597840476,5.559594952873283,7.270985277037285,-9.980130012626262,0,0,0,0,0,SAFE
2026-07-21T12:42:56.205087,0.1917314622387576,0.2263279541196546,4.542014807967632,7.6536963482784115,-9.690995212068941,0,0,0,0,0,SAFE
2026-07-21T12:42:56.300768,0.1561707764891682,0.23243456295037293,-9.979902800035632,-0.6740631945540082,-11.214039929392506,0,0,0,0,0,SAFE
2026-07-21T12:42:56.386875,0.19544151406968685,0.22968254815015415,-9.75875636468416,0.07196203068625989,-11.228372018054527,0,0,0,0,0,SAFE
2026-07-21T12:42:56.642473,0.19260622637789088,0.23881764122105573,-10.410850890911718,-0.3808886464432586,-11.753814320870237,0,0,0,0,0,SAFE
2026-07-21T12:42:56.726938,0.21208809398193262,0.24144497514690524,3.5068294156638444,4.945545596702548,-12.024178858563317,1,0,0,0,0,SAFE
2026-07-21T12:42:56.814016,0.2599391890095541,0.2275710909916578,5.335355026724386,11.276219020244445,-11.020766356612825,1,0,0,0,0,SAFE
2026-07-21T12:42:56.893121,0.2733502941885422,0.230093739165916,-6.6134864096575825,1.8601406807608334,-12.517204593492695,1,0,0,0,0,SAFE
2026-07-21T12:42:56.976394,0.2367360601825363,0.2346989672649451,-4.897639837318707,5.2786364744394785,-11.704513016420801,1,0,0,0,0,SAFE
2026-07-21T12:42:57.062473,0.2742714529813163,0.22800787686342044,-6.276124202038119,5.661945660925062,-12.08018509686415,1,0,0,0,0,SAFE
2026-07-21T12:42:57.150426,0.2619725514171587,0.24066273004806335,-6.271016063153695,7.027617980572638,-11.614069170023082,1,0,0,0,0,SAFE
2026-07-21T12:42:57.233491,0.2732692778594117,0.22907600784482765,-6.488809598687595,7.815945766181846,-11.748776878231999,1,0,0,0,0,SAFE
2026-07-21T12:42:57.316674,0.2449683850402066,0.2275710909916578,-9.19568271477172,5.5205456433163675,-12.431101406628176,1,0,0,0,0,SAFE
2026-07-21T12:42:57.398447,0.27013384784661815,0.23368965183657592,-5.768244642236738,5.593167874671992,-11.668269579908083,1,0,0,0,0,SAFE
2026-07-21T12:42:57.480935,0.27126971219712953,0.22360679774997896,-8.201266622298078,6.8892805677658675,-11.572662710516838,1,0,0,0,0,SAFE
2026-07-21T12:42:57.562442,0.2718682421055006,0.23009948073225092,-5.430193566062002,7.292427340942734,-11.521095906537795,1,0,0,0,0,SAFE
2026-07-21T12:42:57.649820,0.2732498791687268,0.24641629334934623,-5.030280894514192,7.997598349506618,-11.10014740370109,1,0,0,0,0,SAFE
2026-07-21T12:42:57.802410,0.27581684667871476,0.23887814726621365,-7.77120939105734,8.01427543198028,-11.521605544731008,1,0,0,0,0,SAFE
2026-07-21T12:42:57.965633,0.26679411720914903,0.24192725079521632,-9.043990506928964,8.615514356134717,-12.51154348247944,1,0,0,0,0,SAFE
2026-07-21T12:42:58.045294,0.25671167861403565,0.23141548584440927,-6.143990388880354,8.080830899554222,-12.14598061046511,1,0,0,0,0,SAFE
2026-07-21T12:42:58.125555,0.27732719428433084,0.22536704635954682,-7.125191128751112,5.559659447467222,-12.037371533800009,1,0,0,0,0,SAFE
2026-07-21T12:42:58.208163,0.257226160069061,0.2364154732833593,-6.4216517836627816,6.736245952578755,-11.898856987617004,1,0,0,0,0,SAFE
2026-07-21T12:42:58.292515,0.26630805142116143,0.2228332722570403,-7.696011362906717,8.159268024814072,-13.04424065342908,1,0,0,0,0,SAFE
2026-07-21T12:42:58.378106,0.2694776992081246,0.23878379964388555,-7.065789362462226,8.1074634367468,-12.135274815018125,1,0,0,0,0,SAFE
2026-07-21T12:42:58.457832,0.25470684881051897,0.23312758429713312,5.282934532135414,18.251513358753016,-8.849758707555793,1,0,0,0,0,SAFE
2026-07-21T12:42:58.536888,0.2622477937095073,0.23312758429713312,-5.513676528632232,6.286202083374107,-11.2476429375847,1,0,0,0,0,SAFE
2026-07-21T12:42:58.627494,0.2639945355275015,0.22526112460303874,-5.944941448573275,6.6513282282037824,-11.57304332918774,1,0,0,0,0,SAFE
2026-07-21T12:42:58.706093,0.2580716378923543,0.23680791938472198,5.464487813555365,16.217298259119413,-8.796410949759405,1,0,0,0,0,SAFE
2026-07-21T12:42:58.790177,0.27061554268948174,0.23185884464160078,4.952927566170445,15.539499027011246,-9.205378318819555,1,0,0,0,0,SAFE
2026-07-21T12:42:58.875051,0.2503162083121726,0.2379399861385169,5.878525805528625,17.277160828657582,-9.217975989581305,1,0,0,0,0,SAFE
2026-07-21T12:42:58.953473,0.23555578621694595,0.24447180462131574,6.364907843179282,16.185653653607012,-10.167329142016882,1,0,0,0,0,SAFE
2026-07-21T12:42:59.043527,0.24233751005405746,0.2327510738604717,5.98788336540423,16.872062524201358,-9.8285987766412,1,0,0,0,0,SAFE
2026-07-21T12:42:59.121426,0.24904598834676844,0.23162324105249396,6.7915857652567695,19.99872871635053,-9.453900844802376,1,0,0,0,0,SAFE
2026-07-21T12:42:59.319238,0.2561731233768696,0.23436951452053206,6.59026218526779,19.372449541567462,-9.868939230775538,1,0,0,0,0,SAFE
2026-07-21T12:42:59.413498,0.26948594398202275,0.24241933382266306,6.665924029631697,19.972668131817272,-8.54484910175978,1,0,0,0,0,SAFE
2026-07-21T12:42:59.496042,0.23382021909255618,0.24513966801483486,3.6093152068462757,19.458441611773388,-7.498556556093945,1,0,0,0,0,SAFE
2026-07-21T12:42:59.583138,0.24002531530952798,0.23660359095992137,4.4609368675084795,13.005165197652046,-8.269622737607591,1,0,0,0,0,SAFE
2026-07-21T12:42:59.679782,0.2247750242570855,0.22755345089771975,7.011572457813685,9.430524142545147,-8.448708088853238,1,0,0,0,0,SAFE
2026-07-21T12:42:59.762369,0.2380404375886938,0.2336100633098395,2.674029307577513,9.005961765977268,-7.860698509910719,1,0,0,0,0,SAFE
2026-07-21T12:42:59.877742,0.216799698465533,0.2395708859815123,-1.4085998656205732,11.677427761384134,-5.162209078333149,1,0,0,0,0,SAFE
2026-07-21T12:42:59.963446,0.23673944818253,0.23461397971458106,0.2677201104992264,7.585478213733533,-4.640809278921097,1,0,0,0,0,SAFE
2026-07-21T12:43:00.056876,0.21897857150931013,0.24722520875888668,2.49539936049257,-0.41077299558960567,-4.578897701429128,1,0,0,0,0,SAFE
2026-07-21T12:43:00.132478,0.23323188805115252,0.23191821071122246,-0.7477885510832323,-6.099937338620906,-3.2823907536687216,1,0,0,0,0,SAFE
2026-07-21T12:43:00.213055,0.2423190059669904,0.22784264991466868,-2.825108179761969,-14.130762319307571,-1.9901521354630631,1,0,0,0,0,SAFE
2026-07-21T12:43:00.296651,0.2808030163479651,0.2372540596060276,1.9324203284565158,-21.623629470397173,-0.7501085328242709,1,0,0,0,0,SAFE
2026-07-21T12:43:00.379246,0.27326583871569,0.23335799409709432,1.461335468722126,-20.464593922529225,-0.4711226604086107,1,0,0,0,0,SAFE
2026-07-21T12:43:00.464937,0.28957815935198405,0.2258329465567851,3.3797928073545336,-21.196237662801625,-0.8625452720257272,1,0,0,0,0,SAFE
2026-07-21T12:43:00.548912,0.31424812036728644,0.22809843577569752,5.116429435085507,-22.673462983519343,-0.9143695114190109,1,0,0,0,0,SAFE
2026-07-21T12:43:00.635903,0.2470167490281343,0.24034017789179007,-3.403840713032821,-5.709108718168765,1.7609707972213948,1,0,0,0,0,SAFE
2026-07-21T12:43:00.714226,0.2719325109772073,0.22730423863902846,-2.5012020634567023,-6.985108207125264,1.3170375738084936,1,0,0,0,0,SAFE
2026-07-21T12:43:00.800828,0.2679573046153887,0.23470865722675616,-2.5518024906960477,-6.683014426216655,1.4487160292023786,1,0,0,0,0,SAFE
2026-07-21T12:43:00.879902,0.2638272223412886,0.23072657077611847,-2.139206441268527,-2.018569267060587,1.3027667470199085,1,0,0,0,0,SAFE
2026-07-21T12:43:00.962985,0.2407520394964394,0.23580708684517032,-4.304980443095616,-0.9045440951656926,0.4711705738099456,1,0,0,0,0,SAFE
2026-07-21T12:43:01.043064,0.24656614590419568,0.22661154998989272,-6.929486074413944,-1.0806959914916543,0.8696873284181208,1,0,0,0,0,SAFE
2026-07-21T12:43:01.124619,0.24668249632559475,0.22444306128771244,-7.174836782114028,9.053103872956887,-0.26378176478943344,1,0,0,0,0,SAFE
2026-07-21T12:43:01.207952,0.23404725593280923,0.23021728866442676,-4.776049178468838,4.830192116236162,0.27184138607936575,1,0,0,0,0,SAFE
2026-07-21T12:43:01.287616,0.21834472151518525,0.22544686174612413,-8.908734418741204,1.5552999570122463,-0.33517862743338944,1,0,0,0,0,SAFE
2026-07-21T12:43:01.372720,0.2564091614396423,0.2205106577455029,2.7833585749099825,0.46216127443044336,-1.577487569113032,1,0,0,0,0,SAFE
2026-07-21T12:43:01.459537,0.22257282293722563,0.2245346307717373,2.520948075365453,-9.668891642878755,-2.01244351745288,1,0,0,0,0,SAFE
2026-07-21T12:43:01.535200,0.24100252361069546,0.2245346307717373,-6.385914784809756,-3.829437959445404,-0.500549766682184,1,0,0,0,0,SAFE
2026-07-21T12:43:01.617409,0.25258134285816863,0.23464501861897208,2.1920664192088566,-11.192384146252403,-1.263709797214915,1,0,0,0,0,SAFE
2026-07-21T12:43:01.702984,0.2306782112415804,0.2348767616453809,-8.177873175173119,-2.1373236164164435,-0.3957608712869728,1,0,0,0,0,SAFE
2026-07-21T12:43:01.787580,0.23383438338497545,0.2399520143952017,-4.695711971492415,-4.753653315819977,0.392415365131187,1,0,0,0,0,SAFE
2026-07-21T12:43:01.872690,0.25073722398774334,0.22018312323358763,-6.695161716990384,-4.205164063990909,-0.10723541359187934,1,0,0,0,0,SAFE
2026-07-21T12:43:01.960921,0.24117390201406766,0.23017125901512847,3.8666881581249584,-9.765600817666586,-1.3665994239556198,1,0,0,0,0,SAFE
2026-07-21T12:43:02.045185,0.24292016676163322,0.23404255319148937,-5.549338475932814,-8.143371108162968,0.5768489784321885,1,0,0,0,0,SAFE
2026-07-21T12:43:02.123947,0.24805300360382268,0.22935351943311388,-5.808116553298078,-2.81756446748171,0.055074656780126324,1,0,0,0,0,SAFE
2026-07-21T12:43:02.197292,0.24685829881980353,0.22565984890911553,4.8978019645663835,-9.779898539887316,-1.7149937465206904,1,0,0,0,0,SAFE
2026-07-21T12:43:02.278872,0.2662107342668235,0.23469387755102042,-5.021052455867874,-5.871961568515778,0.1995904297845315,1,0,0,0,0,SAFE
2026-07-21T12:43:02.359885,0.26118925925510095,0.2395313573411102,-5.158012978693421,-6.729618308740142,-0.3206737430350878,1,0,0,0,0,SAFE
2026-07-21T12:43:02.443769,0.24279743578903376,0.22920441105061798,-4.7724894955883315,-7.518953194920605,-0.04143612935524972,1,0,0,0,0,SAFE
2026-07-21T12:43:02.525354,0.2660195951558833,0.22935351943311388,-7.754411872577748,-5.936980047584802,-0.0037815746524146473,1,0,0,0,0,SAFE
2026-07-21T12:43:02.606175,0.2660195951558833,0.21895036531799858,-7.9192049695379865,-6.153409235367608,-0.03508071501022527,1,0,0,0,0,SAFE
2026-07-21T12:43:02.683005,0.2418726875827265,0.23981995359942956,3.286278706178109,-15.114738870177993,-1.9993557197585687,1,0,0,0,0,SAFE
2026-07-21T12:43:02.764075,0.23756830359708678,0.2294032869327629,3.7565678262187134,-14.808834411408812,-2.050802865408258,1,0,0,0,0,SAFE
2026-07-21T12:43:02.850276,0.25020477636842686,0.21899787543363167,3.733870022846304,-16.79282418948816,-2.131531082078112,1,0,0,0,0,SAFE
2026-07-21T12:43:02.928955,0.2610365430386731,0.21895036531799858,4.250256937173958,-15.737141026015397,-2.1365529400789,1,0,0,0,0,SAFE
2026-07-21T12:43:03.009982,0.25710878053976094,0.22920441105061798,3.671304033005981,-16.8617925708785,-2.208131307528703,1,0,0,0,0,SAFE
2026-07-21T12:43:03.093412,0.26700099686306933,0.22467480431412123,3.2910887401453124,-17.904530883121264,-2.3948336275962845,1,0,0,0,0,SAFE
2026-07-21T12:43:03.170559,0.2567230111553547,0.23398959639633435,-6.548862091122942,-9.147808169888846,0.2294957509276203,1,0,0,0,0,SAFE
2026-07-21T12:43:03.247597,0.25251325370494543,0.23398959639633435,-6.351323944204125,-9.385155866411118,0.2199024841309928,1,0,0,0,0,SAFE
2026-07-21T12:43:03.323702,0.26032546481926205,0.23423119645697313,-6.6367061939170355,-8.694320451622726,0.05933915473147374,1,0,0,0,0,SAFE
2026-07-21T12:43:03.409959,0.2575050824731344,0.22935351943311388,4.0939745748403595,-16.34744498506528,-2.8035480260021757,1,0,0,0,0,SAFE
2026-07-21T12:43:03.493091,0.2568222430004117,0.2188080202827005,4.897469569952307,-18.359070022746618,-3.0933583628120402,1,0,0,0,0,SAFE
2026-07-21T12:43:03.569446,0.2575050824731344,0.23398959639633435,-6.384795546033104,-8.23663265416459,-0.0759684982605352,1,0,0,0,0,SAFE
2026-07-21T12:43:03.646540,0.2673566605183763,0.22911695050019235,4.640670290995757,-16.270501918890577,-2.6571729447335315,1,0,0,0,0,SAFE
2026-07-21T12:43:03.734403,0.2667996809851587,0.23407237768193354,-6.176792809059748,-7.99313228403442,-0.48398628593645726,1,0,0,0,0,SAFE
2026-07-21T12:43:03.812422,0.276640976289416,0.2188080202827005,3.9899638757572973,-15.535044876909252,-3.4093021021470804,1,0,0,0,0,SAFE
2026-07-21T12:43:03.888144,0.28524633311941755,0.22830383594988932,-5.911762138718501,-8.098729643998551,-1.0242344610109744,1,0,0,0,0,SAFE
2026-07-21T12:43:03.964200,0.266187511137221,0.24470105683813695,-5.2798755996917635,-7.9514055702172675,-1.2404303790134033,1,0,0,0,0,SAFE
2026-07-21T12:43:04.042960,0.2861368906793509,0.23407237768193354,-6.513066049222317,-9.21538959921655,-1.3412534304519006,1,0,0,0,0,SAFE
2026-07-21T12:43:04.122495,0.274344551415693,0.24470105683813695,-6.5724334474230375,-10.063281307564122,-1.4166761234758414,1,0,0,0,0,SAFE
2026-07-21T12:43:04.203151,0.25668457573753584,0.22830383594988932,-6.42433599478818,-9.84478392448053,-1.218524477766209,1,0,0,0,0,SAFE
2026-07-21T12:43:04.284840,0.26609406514152695,0.22830383594988932,-5.946988620994034,-8.60567604731294,-1.6567882317427645,1,0,0,0,0,SAFE
2026-07-21T12:43:04.357572,0.2562587427523518,0.22320317504229872,-7.364222548219658,-9.041779808620095,-1.5831022149426972,1,0,0,0,0,SAFE
2026-07-21T12:43:04.439142,0.27468206398990924,0.2195493256935178,6.399160360205514,-11.396641155286908,-3.514222141895374,1,0,0,0,0,SAFE
2026-07-21T12:43:04.524000,0.2690823803664244,0.2245346307717373,6.0881255524471385,-11.95000247043974,-3.609292737365763,1,0,0,0,0,SAFE
2026-07-21T12:43:04.605608,0.2702976766557136,0.22920441105061798,5.056799765924353,-9.33045457819895,-2.726652852782422,1,0,0,0,0,SAFE
2026-07-21T12:43:04.692216,0.2652988595334379,0.22920441105061798,5.662877497847205,-8.792221004563462,-2.679119698309819,1,0,0,0,0,SAFE
2026-07-21T12:43:04.775009,0.2661168415124359,0.23935292306155737,5.804482480172936,-5.734463850501944,-2.724207359429016,1,0,0,0,0,SAFE
2026-07-21T12:43:04.858590,0.2694869779898952,0.23448660064237895,6.232139361458309,-6.594538591059539,-2.856448268815427,1,0,0,0,0,SAFE
2026-07-21T12:43:04.940921,0.27265547445659166,0.2245346307717373,4.386419955506739,-5.855353927067408,-2.687661337101872,1,0,0,0,0,SAFE
2026-07-21T12:43:05.028896,0.2663431042226118,0.22895654203569393,4.558100203663713,-4.716813785260067,-2.746554825589641,1,0,0,0,0,SAFE
2026-07-21T12:43:05.110944,0.25688053212997936,0.2436592450820683,4.51963211246175,-2.529159628652495,-2.696898045320296,1,0,0,0,0,SAFE
2026-07-21T12:43:05.187711,0.2668868882889422,0.23408386192813352,5.033727494700713,-1.3561748797040762,-2.6034570926451863,1,0,0,0,0,SAFE
2026-07-21T12:43:05.267292,0.27337538462108313,0.2245346307717373,4.288239145373581,-4.540364521404026,-2.9390584915468594,1,0,0,0,0,SAFE
2026-07-21T12:43:05.350893,0.2622808921777482,0.22970827902400026,5.468313230404505,-1.621976550953713,-3.0056276200064644,1,0,0,0,0,SAFE
2026-07-21T12:43:05.432498,0.26609733342029296,0.22395937091280052,5.362436877834796,-3.8111917946839666,-2.87033323842104,1,0,0,0,0,SAFE
2026-07-21T12:43:05.519920,0.26689312698085277,0.22430159009579506,5.231221149983469,-3.5764217376269443,-3.0095999227638117,1,0,0,0,0,SAFE
2026-07-21T12:43:05.596580,0.21552552729877236,0.22395937091280052,-7.969007346462718,-0.7938959042665017,-2.3314784242847892,1,0,0,0,0,SAFE
2026-07-21T12:43:05.677424,0.1809461039344022,0.21931189799813686,4.141275935859767,-2.787751469007777,-2.7883899278148476,1,0,0,0,0,SAFE
2026-07-21T12:43:05.760011,0.21760345320550264,0.22421223242600577,-7.080017372446292,-2.81240622501781,-2.1703711724029637,1,0,0,0,0,SAFE
2026-07-21T12:43:05.841366,0.23260900792821657,0.2185713942588105,5.688130746350083,-6.415605675441349,-3.0872233114280334,1,0,0,0,0,SAFE
2026-07-21T12:43:05.922191,0.26609733342029296,0.22895654203569393,5.813018222901803,-3.381364812149784,-2.8383854192493914,1,0,0,0,0,SAFE
2026-07-21T12:43:06.010975,0.24971135547608825,0.23381986741318836,5.5531633211298015,-1.570197436318515,-2.956606804581412,1,0,0,0,0,SAFE
2026-07-21T12:43:06.089570,0.27265547445659166,0.22320317504229872,6.139153788185894,-6.266789462694248,-3.4804509505327417,1,0,0,0,0,SAFE
2026-07-21T12:43:06.173173,0.27265547445659166,0.23381986741318836,6.234759423152354,-6.1587083186793485,-3.4775472992113805,1,0,0,0,0,SAFE
2026-07-21T12:43:06.247522,0.2821660664157918,0.23380839611866294,-5.843510773924322,-2.983818498538184,-2.57237823775818,1,0,0,0,0,SAFE
2026-07-21T12:43:06.330775,0.2821660664157918,0.22320317504229872,-5.85330009124641,-2.773567821568059,-2.7377958809151055,1,0,0,0,0,SAFE
2026-07-21T12:43:06.409580,0.26689312698085277,0.22395937091280052,-5.026785951654887,-2.733517417036745,-2.768100302221044,1,0,0,0,0,SAFE
2026-07-21T12:43:06.493996,0.266187511137221,0.23457606328369018,-5.538369753800566,-2.3820691793460873,-2.8262963845195697,1,0,0,0,0,SAFE
2026-07-21T12:43:06.578087,0.25636540335733266,0.22395937091280052,-5.443964318187511,-3.593716130421186,-2.479720685563016,1,0,0,0,0,SAFE
2026-07-21T12:43:06.658466,0.22824821408023044,0.22395937091280052,-6.458008526953762,-2.514625243424796,-2.1488601250455495,1,0,0,0,0,SAFE
2026-07-21T12:43:06.748224,0.20342405851961964,0.2195493256935178,-6.925212361687102,-3.5074010025657363,-2.2078578133618683,1,0,0,0,0,SAFE
2026-07-21T12:43:06.828303,0.2082216512889014,0.22920441105061798,-7.70632424442303,-4.969939420751855,-2.260885980207566,1,0,0,0,0,SAFE
2026-07-21T12:43:06.910000,0.1897065811586526,0.2289677752846739,3.7253905345718294,-8.76647511939342,-3.87161502750817,1,0,0,0,0,SAFE
2026-07-21T12:43:06.995096,0.1648506285297574,0.22431259495980002,3.769609481479989,-8.642139844637475,-3.739892444258089,1,0,0,0,0,SAFE
2026-07-21T12:43:07.072608,0.2252846661785236,0.22920441105061798,-7.790386084342742,-2.977616970571282,-2.4193101760851663,1,0,0,0,0,SAFE
2026-07-21T12:43:07.154464,0.2023792020402163,0.22895654203569393,4.58830504455824,-7.715755869795411,-3.503115350893353,1,0,0,0,0,SAFE
2026-07-21T12:43:07.237044,0.2380390334916878,0.22920441105061798,4.613345289933648,-8.917648240708907,-3.6724958950856603,1,0,0,0,0,SAFE
2026-07-21T12:43:07.319433,0.247672106436999,0.22921565646074582,-6.929438433073187,-4.423124512972236,-2.122102630963748,1,0,0,0,0,SAFE
2026-07-21T12:43:07.394819,0.24757753734694335,0.22920441105061798,-7.685089046229535,-3.200364246470207,-2.2188682303928013,1,0,0,0,0,SAFE
2026-07-21T12:43:07.473458,0.266187511137221,0.2188080202827005,-7.481313222586778,-4.867177944154805,-2.272669488534835,1,0,0,0,0,SAFE
2026-07-21T12:43:07.548630,0.2644475365958237,0.22920441105061798,-7.15516367748188,-4.659331275982962,-2.103855380377879,1,0,0,0,0,SAFE
2026-07-21T12:43:07.626029,0.26689312698085277,0.22920441105061798,4.004689580570869,-9.352542652534073,-3.536171109222863,1,0,0,0,0,SAFE
2026-07-21T12:43:07.704584,0.27329526408604365,0.22920441105061798,4.399845564238291,-9.339687025077126,-3.548039165156297,1,0,0,0,0,SAFE
2026-07-21T12:43:07.788449,0.25909049272177315,0.22421223242600577,-6.646172888648266,-4.049503082699606,-2.3096654289955842,1,0,0,0,0,SAFE
2026-07-21T12:43:07.874540,0.2563748569029968,0.22921565646074582,-7.43272777809193,-3.3355150793550945,-2.39192735401637,1,0,0,0,0,SAFE
2026-07-21T12:43:07.953130,0.21608643852935291,0.23484091158220918,-8.650523671504772,-4.02068721662411,-2.0165924507304354,1,0,0,0,0,SAFE
2026-07-21T12:43:08.031198,0.1888815916117369,0.22995696187156311,-8.123970164633846,-2.236053785256273,-2.4335223477734425,1,0,0,0,0,SAFE
2026-07-21T12:43:08.114864,0.20822211973737162,0.2234551827719301,-9.08785866967608,-3.1436549990678144,-2.1552803333481365,1,0,0,0,0,SAFE
2026-07-21T12:43:08.201456,0.2082921136090508,0.2195493256935178,-7.934882034737825,-1.3448384334284516,-2.3978835554713243,1,0,0,0,0,SAFE
2026-07-21T12:43:08.278506,0.19075220462645415,0.23381986741318836,-9.290866974815884,-2.926250361248945,-2.4833231693001876,1,0,0,0,0,SAFE
2026-07-21T12:43:08.360630,0.21115726125937934,0.22320317504229872,-9.104118830447561,-2.568902816004053,-2.4204970202053593,1,0,0,0,0,SAFE
2026-07-21T12:43:08.444956,0.17066857583800965,0.23381986741318836,-10.22793787259738,-2.519223704508251,-2.667687206164463,1,0,0,0,0,SAFE
2026-07-21T12:43:08.530836,0.1848152994868264,0.23381986741318836,-10.005179921773816,-2.5453385096331353,-2.6683901212869863,1,0,0,0,0,SAFE
2026-07-21T12:43:08.612960,0.197220760200783,0.23916314201896605,-9.788926158905326,-3.4183796987785366,-2.2738030406007335,1,0,0,0,0,SAFE
2026-07-21T12:43:08.692525,0.22859474901743632,0.23935292306155737,3.8638594239595534,-9.558165682829788,-3.471480706113738,2,0,0,0,0,SAFE
2026-07-21T12:43:08.774702,0.23430326667990772,0.23935292306155737,4.5910171971214595,-8.06900536431656,-3.454603819898182,2,0,0,0,0,SAFE
2026-07-21T12:43:08.856406,0.25723875630758886,0.23473022315031464,4.6632809686799135,-5.159934648666652,-3.451522045234981,2,0,0,0,0,SAFE
2026-07-21T12:43:08.934342,0.25668457573753584,0.23473022315031464,4.372416139110413,-7.132601447416189,-3.7883655257480484,2,0,0,0,0,SAFE
2026-07-21T12:43:09.007503,0.26548189529358923,0.2403198340221448,4.462156811550443,-7.384428496188945,-3.7274639061643313,2,0,0,0,0,SAFE
2026-07-21T12:43:09.085581,0.2711863282594967,0.2403198340221448,4.454213987477544,-7.505011912693219,-3.7363394298199637,2,0,0,0,0,SAFE
2026-07-21T12:43:09.169789,0.2784412101955377,0.22421223242600577,-7.381332880687211,-3.94480118540651,-2.6025956352067543,2,0,0,0,0,SAFE
2026-07-21T12:43:09.247742,0.2712466766534378,0.22421223242600577,-6.906881261635675,-2.479169565552378,-2.730138407328922,2,0,0,0,0,SAFE
2026-07-21T12:43:09.335434,0.2667996809851587,0.2185713942588105,4.916068203197739,-8.906402696431297,-3.918550939645513,2,0,0,0,0,SAFE
2026-07-21T12:43:09.414500,0.22988636551503425,0.2234551827719301,4.290773258240478,-11.694000632180076,-3.6694936185396045,2,0,0,0,0,SAFE
2026-07-21T12:43:09.496584,0.20286181498360828,0.23381986741318836,-8.57361106777401,-2.55231641585378,-1.9955464917744428,2,0,0,0,0,SAFE
2026-07-21T12:43:09.574669,0.18990412139078686,0.22830383594988932,-8.247236642785793,-2.5717472534858814,-2.139848288003393,2,0,0,0,0,SAFE
2026-07-21T12:43:09.651253,0.19248113000189077,0.22907731248279398,-8.91859439020618,-2.6489643982537503,-2.2727721955731983,2,0,0,0,0,SAFE
2026-07-21T12:43:09.731485,0.20829580832396216,0.22421223242600577,-9.049098293870458,-0.4661306771029633,-2.8084146079609047,2,0,0,0,0,SAFE
2026-07-21T12:43:09.812130,0.20195829320983907,0.22907731248279398,-8.66704992828764,-1.920098721452024,-2.572191702966318,2,0,0,0,0,SAFE
2026-07-21T12:43:09.896706,0.19914895037060526,0.2182693506518088,-9.215599828711106,-1.6370743073886607,-2.388252028397052,2,0,0,0,0,SAFE
2026-07-21T12:43:09.980901,0.20013599201083032,0.22907731248279398,-7.66775469461939,-0.6729653960105973,-2.6445071214336253,2,0,0,0,0,SAFE
2026-07-21T12:43:10.062466,0.20531335989745958,0.22830383594988932,-8.072216116257891,-2.4840248184672276,-2.0204068191533455,2,0,0,0,0,SAFE
2026-07-21T12:43:10.149918,0.2374190254769857,0.2398899118581704,-6.769687125922417,-2.4959098473310632,-1.8116766707985235,2,0,0,0,0,SAFE
2026-07-21T12:43:10.228798,0.24756406816573753,0.22830383594988932,-6.57056822398701,-3.892902620833827,-2.0757175813481483,2,0,0,0,0,SAFE
2026-07-21T12:43:10.311416,0.24701471303272066,0.22920441105061798,4.4947468815479965,-8.851722399207414,-3.419736829984714,2,0,0,0,0,SAFE
2026-07-21T12:43:10.393637,0.2515743302373362,0.23961204722866333,5.0959947463353785,-10.389227071664573,-3.753274959417354,2,0,0,0,0,SAFE
2026-07-21T12:43:10.482528,0.26689312698085277,0.23935292306155737,5.185995803090805,-10.185378250321401,-3.861631029341055,2,0,0,0,0,SAFE
2026-07-21T12:43:10.556002,0.25668457573753584,0.23935292306155737,5.008521075976773,-11.052435019332476,-3.7545070713399014,2,0,0,0,0,SAFE
2026-07-21T12:43:10.640012,0.2699484576079001,0.23961204722866333,-6.37802728902173,-3.19463571476657,-2.223995721279288,2,0,0,0,0,SAFE
2026-07-21T12:43:10.722540,0.2561656878620471,0.23961204722866333,4.736811070252941,-8.860920764949126,-3.5740207096911547,2,0,0,0,0,SAFE
2026-07-21T12:43:10.802115,0.2647208263737589,0.23448660064237895,4.560576140295524,-9.487106676476552,-3.921216371323368,2,0,0,0,0,SAFE
2026-07-21T12:43:10.886901,0.2707262511634429,0.23935292306155737,5.398373031785326,-9.70999005021052,-3.948894518871356,2,0,0,0,0,SAFE
2026-07-21T12:43:10.969884,0.24284786394814817,0.23380839611866294,-8.041368540504465,-2.674231565061856,-2.105125007762459,2,0,0,0,0,SAFE
2026-07-21T12:43:11.047940,0.22271146931467262,0.2234551827719301,-8.338493095415942,-1.3510639403755516,-2.0986487446358923,2,0,0,0,0,SAFE
2026-07-21T12:43:11.121429,0.20987657789513187,0.22895654203569393,-8.718540420331522,-1.3830990586752727,-2.3309287966833505,2,0,0,0,0,SAFE
2026-07-21T12:43:11.206051,0.21298372027702073,0.2185713942588105,-8.532536896917861,-2.951068046358153,-2.018777233813711,2,0,0,0,0,SAFE
2026-07-21T12:43:11.288889,0.1940472041154174,0.2185713942588105,-9.126145759782077,-1.6335606788788428,-2.382138772712852,2,0,0,0,0,SAFE
2026-07-21T12:43:11.368472,0.20373191504474478,0.23381986741318836,-9.144807091755382,-2.927023230864113,-2.397072719691856,2,0,0,0,0,SAFE
2026-07-21T12:43:11.453467,0.19964123091523023,0.2388816079107604,-9.267389397316833,-2.8463222124665633,-2.3432746934984814,2,0,0,0,0,SAFE
2026-07-21T12:43:11.540964,0.22878494755558,0.22830383594988932,-8.314792013016927,-3.081127366145449,-1.9064964510041285,2,0,0,0,0,SAFE
2026-07-21T12:43:11.624059,0.2316003104908655,0.23381986741318836,-7.002450707479312,-1.5610736372899754,-2.050962483572795,2,0,0,0,0,SAFE
2026-07-21T12:43:11.708923,0.24726781851240426,0.2174574345683693,-8.257348537704331,-1.7084349192468964,-2.2981229104664793,2,0,0,0,0,SAFE
2026-07-21T12:43:11.792516,0.25709244124794356,0.23878521500348956,-6.85652775648623,-3.324097733435964,-2.439089964079869,2,0,0,0,0,SAFE
2026-07-21T12:43:11.871104,0.2681026000629224,0.22499423690175743,-5.901757477470568,-2.410512463766866,-1.8661184463762486,2,0,0,0,0,SAFE
2026-07-21T12:43:11.949890,0.2528300373589113,0.2444250884895526,-6.180742408712547,-0.7698492743931327,-2.2707850387345716,2,0,0,0,0,SAFE
2026-07-21T12:43:12.039556,0.27043647445409813,0.22935351943311388,-5.5990448569695275,-3.1815480620852594,-1.2857155336868442,2,0,0,0,0,SAFE
2026-07-21T12:43:12.121000,0.26545496929763346,0.22544686174612413,4.716978461046608,-13.55504861076381,-2.809572108466,2,0,0,0,0,SAFE
2026-07-21T12:43:12.200958,0.27818247132468354,0.22565984890911553,3.7855875408969837,-17.171652192043855,-3.0777841394076404,2,0,0,0,0,SAFE
2026-07-21T12:43:12.279531,0.265620812160109,0.22115384615384615,3.6178062700936664,-17.90323289605215,-2.9684476263326474,2,0,0,0,0,SAFE
2026-07-21T12:43:12.361116,0.28207145878509665,0.23059873260722635,3.6451676647741635,-18.18703640233113,-2.848508148899441,2,0,0,0,0,SAFE
2026-07-21T12:43:12.449486,0.2847034292795987,0.22218412807225138,3.4005938420527,-18.715601069605306,-2.897104191902571,2,0,0,0,0,SAFE
2026-07-21T12:43:12.527524,0.25286185375285797,0.23227746590386206,-8.955924685807389,-7.189709961605532,-0.5323687576426913,2,0,0,0,0,SAFE
2026-07-21T12:43:12.611345,0.23298593981584242,0.22741688632347157,-6.49325009989434,-9.607665868232017,-0.8980380475581421,2,0,0,0,0,SAFE
2026-07-21T12:43:12.692929,0.20967803982834976,0.22021249682742122,2.697015807591839,-19.012131758486607,-3.849776638242105,2,0,0,0,0,SAFE
2026-07-21T12:43:12.779018,0.2163271946879835,0.22809843577569752,-9.963890486649404,-8.88400782816843,-1.3430375411981352,2,0,0,0,0,SAFE
2026-07-21T12:43:12.855611,0.22072716647736967,0.22021739714593544,-9.54817898945575,-9.56045598292702,-1.9054201396757382,2,0,0,0,0,SAFE
2026-07-21T12:43:12.939220,0.22795496859786807,0.22792333907700157,-9.69547050259763,-10.025321265338796,-1.8282172508429129,2,0,0,0,0,SAFE
2026-07-21T12:43:13.023985,0.2394896921643294,0.2284546102922344,-6.680301966874424,-10.369011317585873,-1.7740990753548456,2,0,0,0,0,SAFE
2026-07-21T12:43:13.106983,0.23782895435279788,0.2191702640994871,-7.34820203339865,-10.972152239673663,-1.8108815722331018,2,0,0,0,0,SAFE
2026-07-21T12:43:13.182984,0.2595942733458028,0.23668314459746218,-7.259445390184965,-11.18645494324033,-1.67473259374733,2,0,0,0,0,SAFE
2026-07-21T12:43:13.265007,0.2529438463574073,0.22792333907700157,-7.958509069140405,-11.172341098198514,-1.5875755706337644,2,0,0,0,0,SAFE
2026-07-21T12:43:13.352113,0.2822048788233297,0.22867501745996474,3.5187469518848786,-21.94482269303311,-5.058336787137591,2,0,0,0,0,SAFE
2026-07-21T12:43:13.435511,0.29453932975522845,0.23310915234695823,-6.722198070738983,-11.225341925581843,-1.475702290999028,2,0,0,0,0,SAFE
2026-07-21T12:43:13.517622,0.26915947508821536,0.2230729168503305,-6.925710981683608,-11.555897073939127,-1.504701055862552,2,0,0,0,0,SAFE
2026-07-21T12:43:13.600545,0.27947088881604115,0.23198870374559916,-7.09392529089277,-11.861472260713077,-1.3500219514595897,2,0,0,0,0,SAFE
2026-07-21T12:43:13.680448,0.28721520491799035,0.23249527748763857,-6.340544399995139,-11.658203957773596,-1.927435218913442,2,0,0,0,0,SAFE
2026-07-21T12:43:13.761192,0.29870601165224797,0.22400420350975234,3.4164700956687852,-23.490424413299227,-5.358184233041811,2,0,0,0,0,SAFE
2026-07-21T12:43:13.836771,0.289192499607412,0.2276604232023716,-6.371760827001822,-12.742613693161905,-2.058550752671613,2,0,0,0,0,SAFE
2026-07-21T12:43:13.911351,0.25816915186659123,0.22792333907700157,-6.470390570747924,-11.185081731902205,-2.511422350909785,2,0,0,0,0,SAFE
2026-07-21T12:43:13.993440,0.21156467010302182,0.2230729168503305,-6.7798804167968285,-9.45636243107628,-2.403987822655008,2,0,0,0,0,SAFE
2026-07-21T12:43:14.078519,0.1888166301970772,0.2445906801018358,-8.211697324925268,-9.156752126553181,-2.8008192615454304,2,0,0,0,0,SAFE
2026-07-21T12:43:14.152096,0.20319201940526305,0.2281827805006295,-9.584132303754728,-10.443857010418542,-2.4750713417638948,2,0,0,0,0,SAFE
2026-07-21T12:43:14.234209,0.20901853099427775,0.22842778087237706,-9.176331549194117,-9.208536393344149,-2.7066320787291667,2,0,0,0,0,SAFE
2026-07-21T12:43:14.314560,0.2259443603380265,0.2325225846452476,-9.165256345699248,-9.631471267336888,-2.69913077200835,2,0,0,0,0,SAFE
2026-07-21T12:43:14.400646,0.22484096272911508,0.2325225846452476,-8.660088524978022,-10.771560350835394,-2.6284783284192477,2,0,0,0,0,SAFE
2026-07-21T12:43:14.480934,0.22739800563608956,0.2443189341627263,-9.139304053664063,-10.669846278782996,-2.4096935678733242,2,0,0,0,0,SAFE
2026-07-21T12:43:14.563844,0.2664224364532334,0.23173095889556686,-9.287046709301137,-10.618163436896868,-2.380810005311759,2,0,0,0,0,SAFE
2026-07-21T12:43:14.643948,0.2852299920744835,0.22282507764707815,-9.133680532102886,-10.748985839182907,-2.072602147418183,2,0,0,0,0,SAFE
2026-07-21T12:43:14.718923,0.2870698956142336,0.23198185335531854,-8.255696982109015,-10.958965465135195,-2.0654191414777574,2,0,0,0,0,SAFE
2026-07-21T12:43:14.792074,0.27945093109866004,0.22792333907700157,-8.698370867050926,-10.799439240533646,-1.8111675614372946,2,0,0,0,0,SAFE
2026-07-21T12:43:14.870677,0.27228552811148277,0.21540163741652368,-8.965211006555336,-11.263046928750386,-1.6718417315758047,2,0,0,0,0,SAFE
2026-07-21T12:43:14.954262,0.28803998816235954,0.22325045202912847,-7.413396898391682,-10.967131745470097,-1.6663900237364613,2,0,0,0,0,SAFE
2026-07-21T12:43:15.037902,0.2793211302897153,0.2358693136572552,-7.684319215782551,-12.29037745471458,-1.4847577246095796,2,0,0,0,0,SAFE
2026-07-21T12:43:15.125364,0.2922126457628642,0.22325045202912847,-7.764890058500242,-12.677144807576685,-1.3623459794851327,2,0,0,0,0,SAFE
2026-07-21T12:43:15.204419,0.22942652494007976,0.22360679774997896,-8.174345990220871,-12.96957325400057,-1.1598797573537387,2,0,0,0,0,SAFE
2026-07-21T12:43:15.293251,0.21168799006308284,0.2230729168503305,-8.939449496591976,-12.038540836497566,-1.716092479067817,2,0,0,0,0,SAFE
2026-07-21T12:43:15.371000,0.14286434722529295,0.22335836539261958,-8.330775965658859,-13.311895094069405,-1.7256775798481796,2,0,0,0,0,SAFE
2026-07-21T12:43:15.452263,0.16587854836375615,0.22335836539261958,-7.280234903227893,-12.973720332623573,-1.7946987506457537,2,0,0,0,0,SAFE
2026-07-21T12:43:15.534517,0.1569597569374235,0.22685531607053863,-6.525186478599551,-12.742544850649553,-2.1537378858524256,2,0,0,0,0,SAFE
2026-07-21T12:43:15.611124,0.1790855574066073,0.2230729168503305,-7.721554993306114,-12.34717176171528,-1.9858854552584213,2,0,0,0,0,SAFE
2026-07-21T12:43:15.696923,0.2351499737649469,0.2317241161162293,4.2831569441567865,-22.27719425179302,-5.813187685894206,3,0,0,0,0,SAFE
2026-07-21T12:43:15.782436,0.2590464992189201,0.2230729168503305,-7.224836703936774,-12.265318820151021,-1.6804328141088705,3,0,0,0,0,SAFE
2026-07-21T12:43:15.865954,0.2800224404024807,0.2276604232023716,-6.742476817141352,-12.305269592316119,-1.5518989564276284,3,0,0,0,0,SAFE
2026-07-21T12:43:15.946135,0.2756054282181659,0.23198185335531854,-6.687675459951322,-13.646751903252724,-1.151939998068664,3,0,0,0,0,SAFE
2026-07-21T12:43:16.033535,0.28488355259207,0.22842778087237706,4.3458417945043095,-22.30844200769977,-5.3983448418087505,3,0,0,0,0,SAFE
2026-07-21T12:43:16.112595,0.289192499607412,0.22711686391537025,-6.139292248813888,-12.783666298624318,-1.6044089432532938,3,0,0,0,0,SAFE
2026-07-21T12:43:16.199731,0.28743350924796274,0.22711686391537025,-6.116137077417989,-12.262868729557415,-1.7418719851169313,3,0,0,0,0,SAFE
2026-07-21T12:43:16.277302,0.2841685976556072,0.22730423863902846,-6.517460201470044,-12.023480598914551,-1.8748593225113375,3,0,0,0,0,SAFE
2026-07-21T12:43:16.360418,0.29260276866141344,0.2276604232023716,-6.9560139616017125,-14.044414353673075,-1.6600092830332784,3,0,0,0,0,SAFE
2026-07-21T12:43:16.447507,0.2884702990983349,0.23646521136686374,-7.091898902606573,-13.34084423157658,-1.8767092691235003,3,0,0,0,0,SAFE
2026-07-21T12:43:16.525947,0.29273164084504005,0.22730423863902846,-6.379060161625858,-14.171559947157329,-1.7248618790757517,3,0,0,0,0,SAFE
2026-07-21T12:43:16.604089,0.25956273901005167,0.2273982493945111,-6.6364556354521085,-13.279070757653296,-2.1065879425056604,3,0,0,0,0,SAFE
2026-07-21T12:43:16.690493,0.26323847791642374,0.2273982493945111,-6.686791106319646,-13.473290982623611,-2.0744890249078636,3,0,0,0,0,SAFE
2026-07-21T12:43:16.773112,0.24576797539958742,0.22685531607053863,-6.883129932588417,-12.617249744872115,-2.2541908248680906,3,0,0,0,0,SAFE
2026-07-21T12:43:16.857259,0.2023366936505634,0.231586555910703,-5.558290358824252,-11.404070508510753,-2.9092835585148875,3,0,0,0,0,SAFE
2026-07-21T12:43:16.938648,0.21167850479786615,0.2276604232023716,-4.986431501317583,-11.861737653761335,-2.8659630688073183,3,0,0,0,0,SAFE
2026-07-21T12:43:17.019681,0.1772093850192438,0.2276604232023716,-6.1237449265819635,-10.67373685025115,-2.741644761148528,3,0,0,0,0,SAFE
2026-07-21T12:43:17.096758,0.1731475954881619,0.2276604232023716,-5.701415611136554,-11.210835671455897,-2.7691321407735554,3,0,0,0,0,SAFE
2026-07-21T12:43:17.176829,0.20788475873283616,0.22264916252402472,-4.894730571042572,-11.172591601094174,-2.6114600162012187,3,0,0,0,0,SAFE
2026-07-21T12:43:17.259899,0.22635122912670164,0.2313099079250033,-5.823192370603181,-11.875337066332492,-2.305752260935366,3,0,0,0,0,SAFE
2026-07-21T12:43:17.338177,0.2297221596096848,0.2313099079250033,-5.91962601209201,-12.241293419095785,-2.2082175766829835,3,0,0,0,0,SAFE
2026-07-21T12:43:17.427447,0.2644304542873076,0.222072599201791,-4.721884567083265,-12.381288791912079,-2.6739534742981865,3,0,0,0,0,SAFE
2026-07-21T12:43:17.502501,0.2613420889061332,0.2405549111954238,-5.76081753770913,-13.857156182313343,-2.3234204523703412,3,0,0,0,0,SAFE
2026-07-21T12:43:17.582491,0.2957232898680394,0.23249527748763857,4.484391400208011,-20.86620382716077,-6.021849781929802,3,0,0,0,0,SAFE
2026-07-21T12:43:17.659737,0.2851241920712133,0.2317241161162293,4.7090041353050935,-20.400514939703797,-5.9365221225589835,3,0,0,0,0,SAFE
2026-07-21T12:43:17.742821,0.28234450644214526,0.2359153114981657,-4.441796438820717,-8.987749015234423,-3.0344281951936405,3,0,0,0,0,SAFE
2026-07-21T12:43:17.827954,0.2683460393214909,0.22335836539261958,-6.240528863759579,-9.95641747400217,-2.7722269972276,3,0,0,0,0,SAFE
2026-07-21T12:43:17.921546,0.29073670599289325,0.23646521136686374,-5.134156704883111,-7.520865693145851,-3.0102444600701266,3,0,0,0,0,SAFE
2026-07-21T12:43:18.015518,0.2765915760069867,0.23198185335531854,-6.717973081715002,-9.596790989658018,-2.209633407996758,3,0,0,0,0,SAFE
2026-07-21T12:43:18.104213,0.28146809714624654,0.2191702640994871,3.7907168933874402,-20.330025803362624,-5.53350104029758,3,0,0,0,0,SAFE
2026-07-21T12:43:18.191280,0.2765644319832825,0.22360679774997896,-6.208061690091597,-9.683002647001883,-2.2006197447928657,3,0,0,0,0,SAFE
2026-07-21T12:43:18.275881,0.2732951172397394,0.24108936144309123,-6.418354962656991,-9.635743895343124,-2.2232136100391644,3,0,0,0,0,SAFE
2026-07-21T12:43:18.355512,0.28614058507826495,0.23217333465723158,-7.906616537265194,-11.600818627000457,-1.7033607939165885,3,0,0,0,0,SAFE
2026-07-21T12:43:18.430582,0.265757529378879,0.23217333465723158,-8.119242501058068,-11.717463658956225,-1.5477416383258151,3,0,0,0,0,SAFE
2026-07-21T12:43:18.516662,0.27257231920365865,0.22731179993724748,-7.722911046953271,-12.66030741063242,-1.3567190463897472,3,0,0,0,0,SAFE
2026-07-21T12:43:18.595916,0.2779310582104233,0.25450339134520944,-8.135723217035917,-11.760564634474822,-1.3998484113038558,3,0,0,0,0,SAFE
2026-07-21T12:43:18.674128,0.271581249912326,0.3320273592144011,-8.929589816712081,-12.334101007676736,-0.8495546703346579,3,0,0,0,0,SAFE
2026-07-21T12:43:18.758218,0.27257231920365865,0.3681875754512042,-8.829284368151434,-12.93677374098123,-0.6058246842020274,3,0,0,0,0,SAFE
2026-07-21T12:43:18.845490,0.27738371197908673,0.3878189445818905,-9.27120505437668,-12.330760474793138,-0.2813625028205945,3,0,0,0,0,SAFE
2026-07-21T12:43:18.927469,0.2627688746789224,0.37951858501852564,-8.310380938435316,-11.35520171995323,-0.4822734794251409,3,0,0,0,0,SAFE
2026-07-21T12:43:19.011060,0.2777932362269444,0.3587681692080019,-8.24186242972749,-10.858110205465694,-0.6191838185916259,3,0,0,0,0,SAFE
2026-07-21T12:43:19.092705,0.2803628547983509,0.3553609578205579,-7.214885477058971,-11.145908976011018,-0.26693060021478315,3,0,0,0,0,SAFE
2026-07-21T12:43:19.175114,0.2596226000412669,0.34015095760582587,-6.403786979135674,-10.928357883625376,-0.36885473619387366,3,0,0,0,0,SAFE
2026-07-21T12:43:19.249630,0.27916885498273786,0.29244114265056953,-5.607995562083005,-10.32566670546052,-0.5175436260478607,3,0,0,0,0,SAFE
2026-07-21T12:43:19.330221,0.2707414863237535,0.25013862144042104,-5.734588111196615,-8.812455298314104,-0.8230571876395886,3,0,0,0,0,SAFE
2026-07-21T12:43:19.416327,0.27234729688140213,0.22417041574862664,-4.289988562117372,-9.454952226049608,-0.5888654625211582,3,0,0,0,0,SAFE
2026-07-21T12:43:19.497504,0.2700621733813007,0.23638914316581422,-1.2196725735575171,-8.639676717541786,0.0991107752084227,3,0,0,0,0,SAFE
2026-07-21T12:43:19.580925,0.28791840468024976,0.22335717681509662,9.692426979032973,-19.803153597965782,-3.3368214643064675,3,0,0,0,0,SAFE
2026-07-21T12:43:19.665605,0.2859259492230207,0.22995401379540162,0.0643885457885176,-4.989330179505875,0.10110740356709359,3,0,0,0,0,SAFE
2026-07-21T12:43:19.753565,0.2906041274225015,0.21995601319560154,16.69077359968267,-9.507968146705025,-2.548952879897371,3,0,0,0,0,SAFE
2026-07-21T12:43:19.832303,0.28983453257674807,0.22544686174612413,17.47013341198388,2.9754239953257193,0.07727611600245154,3,0,0,0,0,SAFE
2026-07-21T12:43:19.913437,0.2899546384571429,0.2265712240620016,16.94115599761014,0.19723762424661617,-1.655840273724607,3,0,0,0,0,SAFE
2026-07-21T12:43:19.995683,0.287396641491264,0.22645037532512852,15.196798652013996,-10.613852789418987,-3.6761820216535455,3,0,0,0,0,SAFE
2026-07-21T12:43:20.079074,0.27394762776197723,0.22624938977445755,15.66703641797423,-13.28458007057608,-5.401835500612123,3,0,0,0,0,SAFE
2026-07-21T12:43:20.162555,0.3046828750727057,0.22325045202912847,11.740501658852963,-19.47454088598889,-5.314141674253619,3,0,0,0,0,SAFE
2026-07-21T12:43:20.249567,0.27647768641844295,0.21943984632205282,10.844898367490714,-18.888502539441788,-4.562257419895474,3,0,0,0,0,SAFE
2026-07-21T12:43:20.332166,0.30404721928185124,0.2368056652128979,10.705045305848529,-20.51498499199324,-4.3685420891076205,3,0,0,0,0,SAFE
2026-07-21T12:43:20.410924,0.2921633867675759,0.22400479295856274,11.065272165168466,-19.29049172589136,-3.9518698108372234,3,0,0,0,0,SAFE
2026-07-21T12:43:20.493471,0.29882846850283074,0.22400420350975234,0.546091423734282,-7.197679989369947,-0.6071161586903518,3,0,0,0,0,SAFE
2026-07-21T12:43:20.577549,0.30506031012717094,0.22883900100019258,11.31069190335873,-17.031076505687373,-3.984152111516323,3,0,0,0,0,SAFE
2026-07-21T12:43:20.660463,0.2886966695415619,0.22930873601587756,11.03268572146078,-16.53384164009413,-3.877443422556098,3,0,0,0,0,SAFE
2026-07-21T12:43:20.735460,0.29301762491457994,0.2366769120807801,10.847548272896375,-21.82942703046953,-5.27598568357331,3,0,0,0,0,SAFE
2026-07-21T12:43:20.815437,0.280577504696566,0.2326072590656971,10.34743115116558,-22.22108737777949,-5.352797264274159,3,0,0,0,0,SAFE
2026-07-21T12:43:20.896918,0.2856138599855489,0.22792333907700157,10.577422046686877,-21.133544067843847,-5.465342255071306,3,0,0,0,0,SAFE
2026-07-21T12:43:20.970223,0.2922434064556967,0.22711686391537025,-0.9366687387152979,-12.614515529927697,-1.27322513275769,3,0,0,0,0,SAFE
2026-07-21T12:43:21.049802,0.30407968735611113,0.2237721262736747,12.261345087133265,-18.82311425190323,-6.235133841083638,3,0,0,0,0,SAFE
2026-07-21T12:43:21.131418,0.3146760296276654,0.23668314459746218,11.071268566616425,-21.27721277835202,-6.60969131198172,3,0,0,0,0,SAFE
2026-07-21T12:43:21.212584,0.290949364485271,0.23249527748763857,10.875951652222398,-18.548757825859585,-6.079229004360002,3,0,0,0,0,SAFE
2026-07-21T12:43:21.296085,0.2943159635833644,0.2317241161162293,9.961416369308893,-19.48424172146201,-5.997680658768218,3,0,0,0,0,SAFE
2026-07-21T12:43:21.382592,0.2932198750517672,0.2281827805006295,9.75750907908187,-19.937274627795667,-6.227690312583235,3,0,0,0,0,SAFE
2026-07-21T12:43:21.466370,0.281401945051141,0.23716273588058093,9.61763613215976,-18.117898628185777,-5.635467058583657,3,0,0,0,0,SAFE
2026-07-21T12:43:21.544526,0.279094811415624,0.22479130349477733,-1.6222222838242146,-8.337358768327542,-2.5487779938861634,3,0,0,0,0,SAFE
2026-07-21T12:43:21.628263,0.2908058881429829,0.2242673805709731,10.161993815575897,-15.204798431875327,-5.5095387913023615,3,0,0,0,0,SAFE
2026-07-21T12:43:21.705341,0.29150488583513146,0.2281827805006295,10.174809302916003,-16.903325751687237,-5.911015999991378,3,0,0,0,0,SAFE
2026-07-21T12:43:21.786982,0.2925959327503681,0.2273982493945111,2.0583693816379878,-9.820744073627486,-2.954133959713124,3,0,0,0,0,SAFE
2026-07-21T12:43:21.866073,0.29770393258498096,0.22786893531129307,14.460430434074539,-13.550749277544014,-5.905152169349293,3,0,0,0,0,SAFE
2026-07-21T12:43:21.947900,0.3028853797079888,0.2325225846452476,13.890561797425846,-15.638710025787052,-5.898467729829832,3,0,0,0,0,SAFE
2026-07-21T12:43:22.026012,0.30988411639113483,0.2273982493945111,13.869436225284687,-15.798953825111557,-5.9579711585037956,3,0,0,0,0,SAFE
2026-07-21T12:43:22.111475,0.310751661439697,0.22844603161865287,16.035419870316616,-10.35108456349527,-5.232719306732577,3,0,0,0,0,SAFE
2026-07-21T12:43:22.195541,0.3016097355106896,0.22767887974464476,13.28326997832204,-13.566781376483181,-5.33504784626723,3,0,0,0,0,SAFE
2026-07-21T12:43:22.272113,0.2927349015224891,0.22711686391537025,10.391945870600239,-20.711948912331255,-6.605230919766399,3,0,0,0,0,SAFE
2026-07-21T12:43:22.348483,0.3029212221175087,0.22711686391537025,0.7396155699622682,-9.812283896979627,-2.383192654998941,3,0,0,0,0,SAFE
2026-07-21T12:43:22.429604,0.28769039939051116,0.2313099079250033,0.1878512440653708,-10.343858439886295,-2.375191971342776,3,0,0,0,0,SAFE
2026-07-21T12:43:22.509487,0.2879904814607862,0.22335836539261958,9.798112776431253,-21.302225665693808,-6.115275453356475,3,0,0,0,0,SAFE
2026-07-21T12:43:22.587474,0.2925370297219155,0.24982027753613645,7.018320327191191,-24.44570258837879,-6.457162715203225,3,0,0,0,0,SAFE
2026-07-21T12:43:22.669012,0.2852863144995822,0.3616233068321702,-4.216906107688288,-14.35189380211262,-1.45305631688101,3,0,0,0,0,SAFE
2026-07-21T12:43:22.752603,0.28468181696043054,0.364783790826712,-4.519696680271267,-13.686108917872454,-1.5370142515880596,3,0,0,0,0,SAFE
2026-07-21T12:43:22.837983,0.3032878209698219,0.421627678685397,-7.215844454338736,-13.66080421961218,-1.586404653921099,3,0,0,0,0,SAFE
2026-07-21T12:43:22.914565,0.28472253101254064,0.44813939342331355,-6.882603329695826,-14.278400470536807,-1.6342677905421028,3,0,0,0,0,SAFE
2026-07-21T12:43:23.000928,0.27772686001544394,0.4830288628414017,-9.203360083570146,-10.681234907695792,-1.869948394204675,3,0,0,0,0,SAFE
2026-07-21T12:43:23.088456,0.26375489104554345,0.5758320020075004,-10.027047253041502,-12.676633947829936,-1.2243501751518553,3,0,0,0,0,SAFE
2026-07-21T12:43:23.171559,0.290949364485271,0.564830571764796,4.715528529267317,-30.858382335201707,-6.1570395037465175,3,0,0,0,0,SAFE
2026-07-21T12:43:23.251138,0.2824274742406796,0.5871107137240931,-10.154388040828849,-13.684917660150425,-0.7770254528077613,3,0,0,0,0,SAFE
2026-07-21T12:43:23.333293,0.28428539609147346,0.5835688588888821,-9.902373860029911,-15.222733045818822,-0.7441928327667976,3,0,0,0,0,SAFE
2026-07-21T12:43:23.414412,0.255473092523894,0.568003334425123,-10.02722586895257,-15.943041210589092,-0.5698581739362313,3,0,0,0,0,SAFE
2026-07-21T12:43:23.496438,0.2579538164908429,0.5788680329202405,-10.283966788210108,-14.019376456018113,-0.507583277479245,3,0,0,0,0,SAFE
2026-07-21T12:43:23.579485,0.26167123168799716,0.5884328629223754,-9.922638334043,-17.013141265422156,-0.044943380780631446,3,0,0,0,0,SAFE
2026-07-21T12:43:23.666637,0.2554294590632862,0.5778407550019675,-9.797588732834214,-17.0972679740055,-0.7326596271463389,3,0,0,0,0,SAFE
2026-07-21T12:43:23.745189,0.2479729053048051,0.5983355120755581,-10.740987900291515,-15.985521802774102,-0.5414267958111249,3,0,0,0,0,SAFE
2026-07-21T12:43:23.831280,0.24357840952896098,0.603508034371728,-10.539918392121962,-14.252526920657026,-0.39958022545494326,3,0,0,0,0,SAFE
2026-07-21T12:43:23.910980,0.2590245224955877,0.5971798948220212,-11.030760964873991,-15.294327939871081,0.22922675470236883,3,0,0,0,0,SAFE
2026-07-21T12:43:23.990059,0.26313370005249764,0.5839039995373472,-11.012772859359501,-15.692746150474878,0.08420666005828578,3,0,0,0,0,SAFE
2026-07-21T12:43:24.067574,0.2515502592139469,0.5963357975464428,-11.135811306283529,-16.943595142739166,0.24990085711843557,3,0,0,0,0,SAFE
2026-07-21T12:43:24.148238,0.2524055111318695,0.6148589469901813,-11.370502129549209,-15.332303959467414,0.03645434259102281,3,0,0,0,0,SAFE
2026-07-21T12:43:24.228521,0.24402555132364728,0.6148589469901813,-11.075229803377653,-16.595906263430333,0.08282404675322358,3,0,0,0,0,SAFE
2026-07-21T12:43:24.309401,0.2554573835079667,0.5935838476325774,-11.31699905586251,-16.12503517093209,0.06315946440943748,3,0,0,0,0,SAFE
2026-07-21T12:43:24.383981,0.2444081281394045,0.6139024194497577,-11.427844291224147,-17.13693153885755,0.10364569888704663,3,0,0,0,0,SAFE
2026-07-21T12:43:24.466535,0.22543799528173292,0.603508034371728,-11.14757953049488,-16.75747649407834,0.04762615279695965,3,0,0,0,0,SAFE
2026-07-21T12:43:24.545619,0.24760787665093797,0.6037804521556015,-11.900737607194458,-14.475729909985152,-0.38406045478878487,3,0,0,0,0,SAFE
2026-07-21T12:43:24.626815,0.2703381133562529,0.6257914794643527,-10.787128422068719,-17.0591179992438,0.44583417157779115,3,0,0,0,0,SAFE
2026-07-21T12:43:24.708433,0.2370271863427428,0.622895448578448,-11.839071737934745,-15.333586347339024,-0.019372905882905883,3,0,0,0,0,SAFE
2026-07-21T12:43:24.789015,0.222931380047468,0.6543686617066546,-11.73633582520361,-18.355882247304464,-0.12467000716126697,3,0,0,0,0,SAFE
2026-07-21T12:43:24.868615,0.2130924725697394,0.6525377853780864,-11.433603279784734,-18.843290427455983,0.23815092413532885,3,0,0,0,0,SAFE
2026-07-21T12:43:24.953472,0.23761721192038543,0.6448423435431987,-13.734369217671002,-16.194999001104733,-0.004695283128003963,3,0,0,0,0,SAFE
2026-07-21T12:43:25.031510,0.2140916593366042,0.6476809833294517,-0.010368225346326199,-33.13803195931304,-5.235912041418317,3,0,0,0,0,SAFE
2026-07-21T12:43:25.117555,0.21056687119732342,0.6480114782951347,-0.18180691482075417,-33.109356517873444,-5.057092158438763,3,0,0,0,0,SAFE
2026-07-21T12:43:25.199362,0.22875863728536336,0.6649672414648363,-0.44786099410680436,-33.3802428488202,-5.207910380856362,3,0,0,0,0,SAFE
2026-07-21T12:43:25.280654,0.20692928826178275,0.6361486489775949,-0.1450833892526191,-34.45074050224872,-4.917886664037326,3,0,0,0,0,SAFE
2026-07-21T12:43:25.358943,0.21267195109507586,0.6729912559344974,-0.8513008700842306,-34.100115542102884,-5.152834178375031,3,0,0,0,0,SAFE
2026-07-21T12:43:25.438100,0.21250941390700917,0.6729912559344974,-15.87655747225213,-17.582836555148873,0.37403258243269166,3,0,0,0,0,SAFE
2026-07-21T12:43:25.521171,0.21034980953679605,0.677227378194165,-1.016416875509151,-35.42520235628667,-5.345080294379159,3,1,0,0,0,SAFE
2026-07-21T12:43:25.608123,0.20425192566878997,0.6773197391184825,-1.1055944287693933,-34.733711070447455,-4.86252985573816,3,1,0,0,0,SAFE
2026-07-21T12:43:25.693451,0.20425192566878997,0.6895693640191308,-1.1449696067866455,-34.486782819789134,-5.080673357075398,3,1,0,0,0,SAFE
2026-07-21T12:43:25.780093,0.21231224917152952,0.6904216126439839,-1.505220958151284,-34.25586152162877,-4.9376315363352035,3,1,0,0,0,SAFE
2026-07-21T12:43:25.866950,0.21034980953679605,0.687447013686728,-2.5246869610290616,-33.61741770851963,-4.5166740285805815,3,1,0,0,0,SAFE
2026-07-21T12:43:25.953989,0.21527450192949948,0.6828230433210601,-2.718350850386571,-33.78923314569236,-4.39654528542323,3,1,0,0,0,SAFE
2026-07-21T12:43:26.038587,0.21590765361204223,0.6944129957774378,-2.365381735213532,-33.82444890000379,-4.5609264119013915,3,1,0,0,0,SAFE
2026-07-21T12:43:26.125845,0.20057753922966304,0.6843601613632636,-2.7392673820304196,-34.10825254399769,-4.8602762216869735,3,1,0,0,0,SAFE
2026-07-21T12:43:26.211025,0.21580626987406704,0.5549402897917045,-13.89417218949626,-17.367244739185505,0.34673472219481244,3,1,0,0,0,SAFE
2026-07-21T12:43:26.306084,0.20023353241441194,0.44510235380379476,-12.216579293567861,-16.85389304640567,-0.20731870380789816,3,1,0,1,0,DROWSY
2026-07-21T12:43:26.393512,0.21869979642336135,0.3117235545598479,-10.977993465457274,-14.202599103736812,-1.5176403808596712,3,1,0,1,0,DROWSY
2026-07-21T12:43:26.473086,0.22683979449145092,0.24537244863629648,-11.697757748195926,-9.614641394432873,-2.6335957911229415,3,1,0,1,0,DROWSY
2026-07-21T12:43:26.558875,0.2264047887847369,0.23395986815842879,-7.988007303149516,-5.947288854393299,-2.9999820193417968,3,1,0,1,0,DROWSY
2026-07-21T12:43:26.643469,0.23897706706722904,0.22526112460303874,-6.943820077528812,-4.417105143564113,-3.490552989299319,3,1,0,1,0,DROWSY
2026-07-21T12:43:26.731047,0.234579687547395,0.23005025101600163,-6.355454670208388,-6.251477413655449,-3.1572610391740605,3,1,0,1,0,DROWSY
2026-07-21T12:43:26.814597,0.24607594223373197,0.22604282962470248,-4.181737347190307,-4.179662905868702,-3.474162439266264,3,1,0,1,0,DROWSY
2026-07-21T12:43:26.894461,0.25873469624479845,0.23350418073396892,-4.593736430061682,-4.229683388697565,-3.4140174267321393,3,1,0,0,0,SAFE
2026-07-21T12:43:26.979007,0.2622218784725178,0.22932385118860232,-4.619934685360732,-6.5710165460355645,-3.0378900239819884,3,1,0,0,0,SAFE
2026-07-21T12:43:27.056487,0.2526701628395729,0.2251167347128765,-2.509380608321095,-6.365860780742738,-3.206168658743073,3,1,0,0,0,SAFE
2026-07-21T12:43:27.131548,0.26871818467477815,0.2297132257619604,-4.280252285572061,-6.218837793561033,-3.106101728947526,3,1,0,0,0,SAFE
2026-07-21T12:43:27.208346,0.27417902551583395,0.22560264121711415,-1.4307750353862332,-5.9299037001522565,-2.879965159747589,3,1,0,0,0,SAFE
2026-07-21T12:43:27.288531,0.2511117976624865,0.22932385118860232,8.252672151658203,-10.674655886876534,-5.396490336426581,3,1,0,0,0,SAFE
2026-07-21T12:43:27.373114,0.23061868149195108,0.23311977090372857,-3.210044178359169,-5.236118499958432,-3.4340713675129537,3,1,0,0,0,SAFE
2026-07-21T12:43:27.453385,0.23139353040656582,0.2377789863719664,8.581026084515116,-11.67084639802768,-5.458249012555115,3,1,0,0,0,SAFE
2026-07-21T12:43:27.533118,0.21479764019084563,0.2251167347128765,-3.6022211852032626,-6.96321536345245,-3.4921342344679522,3,1,0,0,0,SAFE
2026-07-21T12:43:27.619719,0.21479764019084563,0.23340970094573021,-2.704628489551311,-6.251175446478708,-3.6767555498027353,3,1,0,0,0,SAFE
2026-07-21T12:43:27.704418,0.2796069290841485,0.23005025101600163,7.499596209074809,-15.711012381615335,-5.983442865955823,3,1,0,0,0,SAFE
2026-07-21T12:43:27.785636,0.27010306537273665,0.22862095563983753,7.12794987110604,-15.422086582103075,-5.824186620068872,3,1,0,0,0,SAFE
2026-07-21T12:43:27.872174,0.2713466965784599,0.2251167347128765,6.710142895421768,-15.934239517193923,-5.813617241182584,3,1,0,0,0,SAFE
2026-07-21T12:43:27.958946,0.28300058465164823,0.2289149599908995,6.684424248777759,-16.929967386044364,-5.758541095437522,3,1,0,0,0,SAFE
2026-07-21T12:43:28.043415,0.28000435311724053,0.23284324411792787,6.1215029760751065,-16.608765499597837,-5.494408632807904,3,1,0,0,0,SAFE
2026-07-21T12:43:28.119578,0.2883215495300667,0.2242673805709731,5.222410411320766,-15.984766297581615,-5.451377623107248,3,1,0,0,0,SAFE
2026-07-21T12:43:28.205226,0.2836543341793806,0.22904035127790437,-3.6740711028094495,-6.515160667344918,-3.3861626504440046,3,1,0,0,0,SAFE
2026-07-21T12:43:28.284510,0.23698099239782575,0.22546047010681503,-4.071327521625847,-8.209585743710239,-4.784461778534964,3,1,0,0,0,SAFE
2026-07-21T12:43:28.368035,0.23422165060458922,0.23363465675799888,-4.836329429316265,-8.652559562181647,-4.71995786165886,3,1,0,0,0,SAFE
2026-07-21T12:43:28.446706,0.2261627613015188,0.2311592747519141,5.486550985142486,-14.556465436093854,-7.173835228572983,3,1,0,0,0,SAFE
2026-07-21T12:43:28.525275,0.2815808792349186,0.23253386342514,-4.803983871128139,-7.4212822025051635,-3.9877886015810695,3,1,0,0,0,SAFE
2026-07-21T12:43:28.605788,0.2822718021000711,0.2239693946971136,-4.935431443197274,-7.716024429221504,-3.904916067920908,3,1,0,0,0,SAFE
2026-07-21T12:43:28.692463,0.2827697525580467,0.22904035127790437,-4.328052205876048,-6.335248046856456,-3.6457453883193245,3,1,0,0,0,SAFE
2026-07-21T12:43:28.775081,0.2771700497357199,0.23660731008277747,-5.777971040850247,-7.033529796391908,-3.665917304945455,3,1,0,0,0,SAFE
2026-07-21T12:43:28.860979,0.28285717305125624,0.22335836539261958,-5.567550752638169,-6.166346954661495,-3.831645961462434,3,1,0,0,0,SAFE
2026-07-21T12:43:28.943624,0.26546764130797046,0.22048377931320592,-5.7209802766857365,-5.685718892312938,-3.860840853895611,3,1,0,0,0,SAFE
2026-07-21T12:43:29.023903,0.2851966785650042,0.24532089513845648,-5.337393652750222,-5.398529758412482,-3.8469953442681804,3,1,0,0,0,SAFE
2026-07-21T12:43:29.100629,0.2856923512198696,0.23284324411792787,-5.4595615175212515,-5.780160113187668,-3.7196004636835363,3,1,0,0,0,SAFE
2026-07-21T12:43:29.183828,0.21735595467035101,0.2258832222377208,5.57842614598772,-7.874224424632741,-5.759437729565917,3,1,0,0,0,SAFE
2026-07-21T12:43:29.266422,0.2138263873688352,0.22560264121711415,4.756726077707782,-9.146598658604736,-5.720589259356444,3,1,0,0,0,SAFE
2026-07-21T12:43:29.350517,0.19344571189125015,0.22483710578534638,-10.322459962517229,-2.796378020182766,-4.202777197055979,3,1,0,0,0,SAFE
2026-07-21T12:43:29.428094,0.2087517997150756,0.22483710578534638,-9.564554800862311,-1.9520229080227003,-4.380963460768356,3,1,0,0,0,SAFE
2026-07-21T12:43:29.508918,0.2012010354568857,0.22862095563983753,-9.467612569945743,-3.134450791025101,-3.9063662024739245,3,1,0,0,0,SAFE
2026-07-21T12:43:29.589996,0.2096613657038553,0.2289149599908995,-9.443456720106923,-3.9437954315298076,-3.4845368743582346,3,1,0,0,0,SAFE
2026-07-21T12:43:29.676659,0.22101146333445595,0.2370652633084556,-10.094665048081254,-4.067710544821298,-3.6228198202317867,3,1,0,0,0,SAFE
2026-07-21T12:43:29.756238,0.23162320747538448,0.22070478408769872,-8.718789402957412,-3.79578371066662,-3.601518708692871,3,1,0,0,0,SAFE
2026-07-21T12:43:29.840975,0.26282179076506174,0.2251167347128765,3.93524612449238,-10.559311870601038,-5.004087247110789,3,1,0,0,0,SAFE
2026-07-21T12:43:29.924042,0.2626335727581701,0.22862095563983753,-8.065420239291655,-3.8500631950224804,-3.4523857818112167,3,1,0,0,0,SAFE
2026-07-21T12:43:30.007646,0.26426626237597406,0.2289149599908995,1.9519801666824605,-12.615447667010287,-5.583657667651437,3,1,0,0,0,SAFE
2026-07-21T12:43:30.089626,0.25470582888248694,0.2293993744927914,2.331400790220954,-13.890642469246808,-5.661695884117364,3,1,0,0,0,SAFE
2026-07-21T12:43:30.175422,0.2855263178821823,0.23419809855319257,2.0447752793210157,-14.223491684145603,-5.75938015871543,3,1,0,0,0,SAFE
2026-07-21T12:43:30.257470,0.266651202428411,0.22483710578534638,1.9817489367289625,-13.291795522279264,-5.926513536360147,3,1,0,0,0,SAFE
2026-07-21T12:43:30.337107,0.2578879015063089,0.2293993744927914,2.0473699232456397,-15.558898820962161,-6.15714690340414,3,1,0,0,0,SAFE
2026-07-21T12:43:30.420109,0.25874429761103235,0.22449674803655376,2.4503914979280523,-13.233326950944761,-6.171045926218511,3,1,0,0,0,SAFE
2026-07-21T12:43:30.494466,0.26742508915164775,0.22483710578534638,2.986861226474076,-13.638168205155942,-6.198942271510475,3,1,0,0,0,SAFE
2026-07-21T12:43:30.571536,0.22013053077296685,0.21985597684495597,3.631111997345215,-11.989997766255104,-6.126825538041402,3,1,0,0,0,SAFE
2026-07-21T12:43:30.656000,0.21533593728477554,0.21735082081819895,-10.345935826068768,-4.965899315825215,-3.946839808684696,3,1,0,0,0,SAFE
2026-07-21T12:43:30.733191,0.2071576457836761,0.2374714431193503,3.5203188065077313,-9.478029812429781,-6.162377583830136,3,1,0,0,0,SAFE
2026-07-21T12:43:30.819743,0.20413164913588744,0.22560264121711415,1.475520578333203,-9.544029386601848,-5.607085367351175,3,1,0,0,0,SAFE
2026-07-21T12:43:30.900030,0.18904703155161806,0.22100868177870983,-11.265853516787132,-5.199102338091855,-3.6959523936350287,3,1,0,0,0,SAFE
2026-07-21T12:43:30.983496,0.20808194386135193,0.2251167347128765,-9.446780865175555,-4.588886950655263,-3.847755209133125,3,1,0,0,0,SAFE
2026-07-21T12:43:31.059979,0.22893921605914333,0.2333256051214939,-8.368460591148107,-4.800724117937562,-4.36606739204633,3,1,0,0,0,SAFE
2026-07-21T12:43:31.137585,0.23538997567932313,0.22020060345410417,-6.952759581748182,-3.3706867224341575,-4.256225898173473,3,1,0,0,0,SAFE
2026-07-21T12:43:31.215616,0.2460311871417571,0.23253386342514,4.574074147759518,-2.221413331296026,-5.111648754328598,3,1,0,0,0,SAFE
2026-07-21T12:43:31.299746,0.24245057917348378,0.23253386342514,-7.124758423840234,-1.5807684455238549,-4.5836906007006455,3,1,0,0,0,SAFE
2026-07-21T12:43:31.380669,0.25389981276364726,0.2239693946971136,-7.906568216240601,3.8162075252740504,-5.04498108306775,3,1,0,0,0,SAFE
2026-07-21T12:43:31.470554,0.251421704627352,0.22020060345410417,3.608568070081077,8.1305143481968,-3.904841224870353,3,1,0,0,0,SAFE
2026-07-21T12:43:31.555151,0.24295381266404592,0.2242673805709731,2.9927469866048284,15.662328459905716,-2.3647450156892944,3,1,0,0,0,SAFE
2026-07-21T12:43:31.637245,0.24260512801788509,0.23186350243340104,-7.06122700089486,11.700831395424917,-5.690061638807535,3,1,0,0,0,SAFE
2026-07-21T12:43:31.723479,0.23102435571600616,0.23566827511156682,-8.911093076242253,22.037644655240047,-5.81818018091895,3,1,0,0,0,SAFE
2026-07-21T12:43:31.806985,0.2535826098587288,0.22226264852985722,-2.0937516768667876,35.52028192487264,0.006922192916562153,3,1,0,0,0,SAFE
2026-07-21T12:43:31.887933,0.2772400563701041,0.22911695050019235,-15.263130645483699,33.5675612631936,-7.884252265922086,3,1,0,0,0,SAFE
2026-07-21T12:43:31.965619,0.3511321074818228,0.23768036224201794,-16.975179241899127,39.523548462719546,-9.113937584831977,3,1,0,0,0,SAFE
2026-07-21T12:43:32.051202,0.3505248461824604,0.22093023255813954,-18.66635820106748,41.62277628260511,-9.837461611135002,3,1,0,0,0,SAFE
2026-07-21T12:43:32.138531,0.35297364421717625,0.21428571428571427,-18.207762876453273,42.32551093525953,-9.779505253833406,3,1,0,0,0,SAFE
2026-07-21T12:43:32.220460,0.3444252968706025,0.21280083969909427,-18.85663303235677,43.132718831458945,-9.967912042267384,3,1,0,0,0,SAFE
2026-07-21T12:43:32.303552,0.3229650630361449,0.23204580947951153,-19.72057134494443,41.48832371000681,-9.69852327443535,3,1,0,0,0,SAFE
2026-07-21T12:43:32.385665,0.3791323243375828,0.23076923076923078,-19.064841708666478,44.121206993995166,-10.020916530167973,3,1,0,0,0,SAFE
2026-07-21T12:43:32.466958,0.3627885563897342,0.2050608063404064,-17.96532641192553,44.04227984282337,-9.45589009485239,3,1,0,0,0,SAFE
2026-07-21T12:43:32.545548,0.3732682537567997,0.21045345670586257,-18.11731223430823,44.275276155073705,-9.707233796051138,3,1,0,0,0,SAFE
2026-07-21T12:43:32.627343,0.3664697717596893,0.23114597905033848,-19.018076851019032,43.96166832085359,-10.651209850295919,3,1,0,0,0,SAFE
2026-07-21T12:43:32.712560,0.38810341591159625,0.23107003162622486,-18.50794750061894,43.14644437220668,-10.581495488022282,3,1,0,0,0,SAFE
2026-07-21T12:43:32.792201,0.4017624856688661,0.2178771067366818,-18.464047366924092,43.50613290995661,-10.930351816141657,3,1,0,0,0,SAFE
2026-07-21T12:43:32.877291,0.40169793961779315,0.223606797749979,-22.0421434429895,42.06435584100563,-12.422622215753865,3,1,0,0,0,SAFE
2026-07-21T12:43:32.955979,0.37515195826490977,0.21045345670586257,-20.491758827970273,42.800464699559534,-12.133258822399002,3,1,0,0,0,SAFE
2026-07-21T12:43:33.035965,0.39474331368708326,0.21834896848565896,-21.18176875842633,43.26593264054513,-12.100934125762484,3,1,0,0,0,SAFE
2026-07-21T12:43:33.115556,0.36516111214295804,0.223606797749979,-23.325267078716763,43.293809821435964,-13.809341453240688,3,1,0,0,0,SAFE
2026-07-21T12:43:33.194264,0.32080608771442265,0.22101720216004925,-21.439024885388704,44.26870890239584,-12.81168207129791,3,1,0,0,0,SAFE
2026-07-21T12:43:33.277453,0.3954490796540169,0.2225988093113967,-22.73625886955665,44.073985228938106,-13.743025912430811,3,1,0,0,0,SAFE
2026-07-21T12:43:33.359070,0.3992878190650886,0.22834955723053665,-21.807368690615533,45.031525380132834,-14.360547263086213,3,1,0,0,0,SAFE
2026-07-21T12:43:33.442160,0.3734078336976072,0.23439311403462793,-19.73506131299638,45.60283275905452,-12.14090479383663,3,1,0,0,0,SAFE
2026-07-21T12:43:33.523528,0.3691160653849277,0.2344887651767585,-21.534021027711475,45.14982297421064,-13.178131191061995,3,1,0,0,0,SAFE
2026-07-21T12:43:33.606602,0.399437262673673,0.22857142857142856,-23.412878897688756,45.3666461249066,-14.287887928707898,3,1,0,0,0,SAFE
2026-07-21T12:43:33.685247,0.44776560799767273,0.22857142857142856,-20.606002794241448,45.26669649784732,-12.768476910129328,3,1,0,0,0,SAFE
2026-07-21T12:43:33.772529,0.38835225403213686,0.21613729078331967,-20.125200967074193,45.270897431041135,-12.001920134825879,3,1,0,0,0,SAFE
2026-07-21T12:43:33.849106,0.3915017584757171,0.21621621621621623,-20.586742353915326,43.92913182688261,-11.293796989071975,3,1,0,0,0,SAFE
2026-07-21T12:43:33.927502,0.37063248174962904,0.22964587145727716,-20.31035461369399,43.37757035262143,-11.054434309756704,3,1,0,0,0,SAFE
2026-07-21T12:43:34.006530,0.3689153883370751,0.22268467192184596,-18.115469248450495,44.435759483715486,-11.433171273511388,3,1,0,0,0,SAFE
2026-07-21T12:43:34.081095,0.37023303250579065,0.22964587145727716,-20.552405207902098,42.99636718514945,-11.821046551673142,3,1,0,0,0,SAFE
2026-07-21T12:43:34.165576,0.4049872485785323,0.19730011566174616,-19.008223005591134,43.204731385497844,-11.308623854671936,3,1,0,0,0,SAFE
2026-07-21T12:43:34.248697,0.4169623543301837,0.2222222222222222,-18.624099363099845,44.05127396547165,-11.584938137326768,3,1,0,0,0,SAFE
2026-07-21T12:43:34.331295,0.41738828402084316,0.2222222222222222,-18.907060018279765,43.836746493530946,-11.533898172787943,3,1,0,0,0,SAFE
2026-07-21T12:43:34.414450,0.3944360172356621,0.22913438897859337,-16.59136884861627,44.12923435889502,-11.22001917625346,3,1,0,0,0,SAFE
2026-07-21T12:43:34.499525,0.39340397934425914,0.22972972972972974,-19.030353633896908,43.51366508130059,-11.8929731870051,3,1,0,0,0,SAFE
2026-07-21T12:43:34.577948,0.40869838407507586,0.2236842105263158,-17.088962210099197,44.203756803985,-11.524444955393347,3,1,0,0,0,SAFE
2026-07-21T12:43:34.657026,0.3452116426809505,0.21045345670586257,-19.85732446616987,43.23737975124973,-12.052454130800287,3,1,0,0,0,SAFE
2026-07-21T12:43:34.742961,0.44849782506510527,0.23006760315738603,-18.22067456198897,43.906670479959125,-12.150072591250641,3,1,0,0,0,SAFE
2026-07-21T12:43:34.834215,0.3867726580522962,0.223606797749979,-18.688786126599297,42.67679901707545,-11.580573438382524,3,1,0,0,1,DISTRACTED
2026-07-21T12:43:34.916817,0.40835840868089385,0.21655902248342854,-17.971749433097642,44.07652620345587,-12.066208120476642,3,1,0,0,1,DISTRACTED
2026-07-21T12:43:35.000424,0.4083149330786373,0.2225988093113967,-17.647009586173652,44.447825055942744,-12.119534488660417,3,1,0,0,1,DISTRACTED
2026-07-21T12:43:35.084594,0.3991971597124029,0.2026287101093622,-18.016967508962324,43.58310992077009,-11.847470619578392,3,1,0,0,1,DISTRACTED
2026-07-21T12:43:35.164107,0.385919071672996,0.2344887651767585,-16.774396537472285,44.612691405485954,-11.572038789624159,3,1,0,0,1,DISTRACTED
2026-07-21T12:43:35.240677,0.3780308487880982,0.229047091119613,-17.562984448814973,44.494519543146446,-11.74203048257067,3,1,0,0,1,DISTRACTED
2026-07-21T12:43:35.319065,0.396246142730053,0.19730011566174616,-18.724645167145695,43.380440070357054,-12.21326820931402,3,1,0,0,1,DISTRACTED
2026-07-21T12:43:35.403427,0.3835330970705154,0.20825300430264965,-17.418763815616728,43.81052122464684,-11.339736932734828,3,1,0,0,1,DISTRACTED
2026-07-21T12:43:35.497056,0.397753525633314,0.21045345670586257,-18.24090657701896,43.04524505939977,-11.990853907407992,3,1,0,0,1,DISTRACTED
2026-07-21T12:43:35.575948,0.40365450787137,0.19730011566174616,-19.232501716625308,43.48493022243127,-12.254468917053217,3,1,0,0,1,DISTRACTED
2026-07-21T12:43:35.657047,0.4106605380971505,0.22213653792282628,-19.308817854556196,43.148278778352335,-12.307919148322076,3,1,0,0,1,DISTRACTED
2026-07-21T12:43:35.738470,0.40065567917515343,0.2236842105263158,-20.118500782875913,43.15105466742858,-12.197558657140657,3,1,0,0,1,DISTRACTED
2026-07-21T12:43:35.821514,0.39810652918469813,0.20833333333333334,-19.771186421424403,43.93712726783152,-12.964540314069389,3,1,0,0,1,DISTRACTED
2026-07-21T12:43:35.901110,0.42666480475946134,0.20801257358446093,-20.72943974148356,44.00015444301395,-13.433272871043378,3,1,0,0,1,DISTRACTED
2026-07-21T12:43:35.986118,0.4004546055864329,0.20833333333333334,-20.86943809720603,44.82105624936574,-13.69518545037928,3,1,0,0,1,DISTRACTED
2026-07-21T12:43:36.067821,0.38460670831820687,0.21428571428571427,-21.054975069819847,44.447619781394586,-14.099834714291813,3,1,0,0,1,DISTRACTED
2026-07-21T12:43:36.155949,0.40899082553658167,0.21441160237238993,-19.19992285601228,44.021663964835255,-13.121521993706251,3,1,0,0,1,DISTRACTED
2026-07-21T12:43:36.243549,0.3915045656967585,0.22188007849009164,-19.45550323614475,43.76443180871825,-12.32092168830285,3,1,0,0,1,DISTRACTED
2026-07-21T12:43:36.324454,0.4419570901327287,0.20871527569122003,-18.524651850505307,43.66867272035176,-11.740255872865754,3,1,0,0,1,DISTRACTED
2026-07-21T12:43:36.410491,0.3938855163962725,0.20833333333333334,-17.722253873069064,43.970653896519714,-11.415561929152295,3,1,0,0,1,DISTRACTED
2026-07-21T12:43:36.489582,0.41608913759975086,0.23006760315738603,-18.555557099385226,43.17533714884855,-11.485174133735093,3,1,0,0,1,DISTRACTED
2026-07-21T12:43:36.567190,0.413155818860582,0.21613729078331967,-16.954656442557138,43.83148037639815,-10.498914568649713,3,1,0,0,1,DISTRACTED
2026-07-21T12:43:36.652923,0.4050926855904803,0.22847819119101592,-17.407522395197134,44.09179112074299,-10.904645849062737,3,1,0,0,1,DISTRACTED
2026-07-21T12:43:36.736502,0.45332409059745266,0.21428571428571427,-17.520279403072834,44.21209067201912,-11.334208073013945,3,1,0,0,1,DISTRACTED
2026-07-21T12:43:36.824395,0.418956844565765,0.20588235294117646,-19.285831808142632,44.534253135537355,-12.537043459011333,3,1,0,0,1,DISTRACTED
2026-07-21T12:43:36.906983,0.4141762314005969,0.2294657312825778,-18.466131599310756,43.41570414403983,-11.719698593450152,3,1,0,0,1,DISTRACTED
2026-07-21T12:43:36.987784,0.39008169926137976,0.22268467192184596,-17.80994682836817,43.96950224853639,-11.913101183960451,3,1,0,0,1,DISTRACTED
2026-07-21T12:43:37.071131,0.44239547349680924,0.22213653792282628,-18.358108663574967,43.89425862648266,-12.206873275174864,3,1,0,0,1,DISTRACTED
2026-07-21T12:43:37.148094,0.43772249111632544,0.21045345670586257,-21.025462137043263,43.889351080300905,-12.73845611137372,3,1,0,0,1,DISTRACTED
2026-07-21T12:43:37.229495,0.42258483502366884,0.223785256444724,-21.301213662559746,43.09431371298888,-13.662478588612352,3,1,0,0,1,DISTRACTED
2026-07-21T12:43:37.316587,0.42297047166699814,0.20871527569122003,-21.028414340906068,44.06311160916905,-13.667559822959548,3,1,0,0,1,DISTRACTED
2026-07-21T12:43:37.405690,0.3874855611705068,0.24355142022606588,-22.521760924604138,43.435390807753336,-14.16810154035277,3,1,0,0,1,DISTRACTED
2026-07-21T12:43:37.492992,0.3866259861024635,0.21613729078331967,-20.321017826852852,43.85005684656258,-12.950328082911224,3,1,0,0,1,DISTRACTED
2026-07-21T12:43:37.575467,0.3953234683673435,0.2223418161805177,-19.265769375627514,44.10642047974636,-12.160772046743135,3,1,0,0,1,DISTRACTED
2026-07-21T12:43:37.658951,0.4039394146141373,0.21052631578947367,-20.399351187815114,43.66850923607437,-11.904069344154173,3,1,0,0,1,DISTRACTED
2026-07-21T12:43:37.739977,0.3963025485361915,0.20833333333333334,-18.84448431466737,43.49227858124045,-11.413317517038548,3,1,0,0,1,DISTRACTED
2026-07-21T12:43:37.816952,0.4305340999323507,0.21052631578947367,-19.11734760807599,43.2910588559235,-11.17035457147613,3,1,0,0,1,DISTRACTED
2026-07-21T12:43:37.897525,0.41373825102191125,0.22399332664305616,-20.54298531210773,42.64045794031645,-11.91928866786953,3,1,0,0,1,DISTRACTED
2026-07-21T12:43:37.979114,0.3775463441350704,0.22409499397212365,-20.29064109393346,43.44483486330434,-12.204850103977357,3,1,0,0,1,DISTRACTED
2026-07-21T12:43:38.058202,0.39968396915218696,0.20825300430264965,-19.474014528830963,43.86778606251713,-12.002909987992773,3,1,0,0,1,DISTRACTED
2026-07-21T12:43:38.140274,0.34802793410647953,0.21655902248342854,-20.801148057807552,43.80482566061779,-12.320855933228488,3,1,0,0,1,DISTRACTED
2026-07-21T12:43:38.215445,0.39438775457121333,0.22268467192184596,-21.614526557581826,43.4109704450136,-12.67287038422743,3,1,0,0,1,DISTRACTED
2026-07-21T12:43:38.302568,0.3928284073804033,0.21658707759672075,-21.801884469334453,43.8704323635382,-12.889776280274408,3,1,0,0,1,DISTRACTED
2026-07-21T12:43:38.385533,0.3773832063658671,0.21621621621621623,-22.753863727511288,43.97018126228639,-13.50680887628514,3,1,0,0,1,DISTRACTED
2026-07-21T12:43:38.472192,0.36086333836982154,0.21621621621621623,-21.305582108598372,44.2420698368095,-13.083797136844101,3,1,0,0,1,DISTRACTED
2026-07-21T12:43:38.552613,0.4255869921209692,0.20825300430264965,-20.69041881560989,44.23179399976982,-12.858737915200402,3,1,0,0,1,DISTRACTED
2026-07-21T12:43:38.636516,0.3782698296685353,0.20871527569122003,-19.93335416140917,44.346373001906834,-11.903371376481969,3,1,0,0,1,DISTRACTED
2026-07-21T12:43:38.724121,0.3965792939323157,0.23006760315738603,-21.240836727502483,43.32883487218518,-12.351124068019232,3,1,0,0,1,DISTRACTED
2026-07-21T12:43:38.800686,0.3875497295061554,0.21045345670586257,-21.695939265193232,43.08828371286572,-12.397914598389464,3,1,0,0,1,DISTRACTED
2026-07-21T12:43:38.883619,0.41849901678504803,0.2301516154308297,-20.859169305299844,43.073741223512414,-12.686951313227308,3,1,0,0,1,DISTRACTED
2026-07-21T12:43:38.958702,0.3493054100475945,0.2222222222222222,-21.90428986026015,43.65617123593344,-13.059111727023554,3,1,0,0,1,DISTRACTED
2026-07-21T12:43:39.036651,0.38704308066433774,0.23568185378811254,-21.462570391056687,44.96054846410562,-13.621126773264013,3,1,0,0,1,DISTRACTED
2026-07-21T12:43:39.116410,0.3509147149684252,0.19991841729213894,-21.707042023016413,45.12888489223916,-13.684117511250225,3,1,0,0,1,DISTRACTED
2026-07-21T12:43:39.206508,0.37539995800464343,0.24870020549050145,-20.924014138722413,45.37506128314055,-13.215864240817854,3,1,0,0,1,DISTRACTED
2026-07-21T12:43:39.288386,0.41203101152048194,0.22011322708518943,-19.534563763896784,44.974901848047054,-12.394533927201197,3,1,0,0,1,DISTRACTED
2026-07-21T12:43:39.366984,0.3711230574749464,0.2349644277249429,-21.49314554769265,43.85429031612198,-12.784511903840249,3,1,0,0,1,DISTRACTED
2026-07-21T12:43:39.449495,0.40131681753453996,0.21476137683389868,-22.231925165011404,44.53752626899946,-13.647863154282993,3,1,0,0,1,DISTRACTED
2026-07-21T12:43:39.529590,0.40879400679662103,0.2223418161805177,-21.500285542087084,44.769411926788536,-13.972197557484902,3,1,0,0,1,DISTRACTED
2026-07-21T12:43:39.611169,0.37421889133169506,0.20825300430264965,-23.15811919833766,44.67733173751972,-14.8421504746784,3,1,0,0,1,DISTRACTED
2026-07-21T12:43:39.694391,0.3497945624418023,0.22847819119101592,-20.8577167396777,44.505020490807524,-13.530486882351141,3,1,0,0,1,DISTRACTED
2026-07-21T12:43:39.777568,0.40578697194075064,0.21613729078331967,-21.865648850036337,45.225936027228784,-14.112734358584929,3,1,0,0,1,DISTRACTED
2026-07-21T12:43:39.865654,0.40022118840783494,0.20871527569122003,-21.739669699733042,44.61810946077277,-14.336854694069967,3,1,0,0,1,DISTRACTED
2026-07-21T12:43:39.950976,0.38179808426970707,0.23006760315738603,-21.054105985416186,44.007555674398915,-13.781661009647163,3,1,0,0,1,DISTRACTED
2026-07-21T12:43:40.032559,0.39286964491610266,0.20825300430264965,-20.44259036498974,44.778949338396934,-13.658758327198905,3,1,0,0,1,DISTRACTED
2026-07-21T12:43:40.121181,0.41313976695498356,0.2225988093113967,-21.08920660497398,44.49364544229311,-13.207895817041882,3,1,0,0,1,DISTRACTED
2026-07-21T12:43:40.210896,0.39184149781883487,0.23006760315738603,-22.66645098983804,44.11736117089387,-14.277168726745167,3,1,0,0,1,DISTRACTED
2026-07-21T12:43:40.290985,0.3811710493576983,0.2294657312825778,-21.88212641986712,43.520816704201636,-13.938307738240516,3,1,0,0,1,DISTRACTED
2026-07-21T12:43:40.373408,0.3957211156450645,0.2289536597100068,-20.752309029548513,43.8216452824223,-13.213768992566816,3,1,0,0,1,DISTRACTED
2026-07-21T12:43:40.456249,0.4014280928190538,0.22972972972972974,-19.53593455904445,43.95975100101946,-12.130894231733603,3,1,0,0,1,DISTRACTED
2026-07-21T12:43:40.533341,0.3963919647263867,0.22401743903158608,-20.688346936631433,43.076770511448906,-12.482030900494726,3,1,0,0,1,DISTRACTED
2026-07-21T12:43:40.612892,0.42243388915670965,0.23097689873546606,-19.82026998948095,43.38043891311266,-12.111706008049985,3,1,0,0,1,DISTRACTED
2026-07-21T12:43:40.697605,0.1975686058660974,0.24003405654927845,-18.085357009044145,30.327642330872706,-12.562387022517033,3,1,0,0,1,DISTRACTED
2026-07-21T12:43:40.777534,0.22350060616693918,0.2405842846849929,-3.962373385195491,38.47370521846398,-3.9548895095384182,3,1,0,0,1,DISTRACTED
2026-07-21T12:43:40.863127,0.2355722464406933,0.24039012580418767,-5.204306303753015,37.18484088140327,-5.019299362075941,3,1,0,0,1,DISTRACTED
2026-07-21T12:43:40.947707,0.20836299749779835,0.2306250625215899,-9.548435200692381,11.783756774111323,-9.22198615539474,3,1,0,0,0,SAFE
2026-07-21T12:43:41.027420,0.22436833458820352,0.22307962971345596,-12.745836430606005,11.868648217081619,-9.470390436443964,3,1,0,0,0,SAFE
2026-07-21T12:43:41.107511,0.2108611090852314,0.2274870996727151,0.8210951626588496,-8.509121613825716,-7.263907974213907,3,1,0,0,0,SAFE
2026-07-21T12:43:41.189998,0.19710627541770925,0.2403814255796065,-8.182882802529605,-7.757760161544146,-5.6824717962413205,3,1,0,0,0,SAFE
2026-07-21T12:43:41.270086,0.2186059810761337,0.24112269764044122,2.9081762477156587,-18.052310657925215,-6.677526432655668,3,1,0,0,0,SAFE
2026-07-21T12:43:41.353404,0.22982799534270987,0.2242673805709731,-9.109836208496091,-10.522626001825696,-3.461132826728798,3,1,0,0,0,SAFE
2026-07-21T12:43:41.431013,0.22368866318192523,0.23226424664110829,0.28647755202939607,-21.375495340649238,-6.334539990220918,3,1,0,0,0,SAFE
2026-07-21T12:43:41.509624,0.2333236808420835,0.23173095889556686,-9.112969594046803,-12.396126713999855,-3.314008053274365,3,1,0,0,0,SAFE
2026-07-21T12:43:41.590317,0.2540088720027013,0.219459170959483,1.0848364561799713,-20.51647127419502,-6.590742799218788,3,1,0,0,0,SAFE
2026-07-21T12:43:41.667386,0.26478508911719717,0.21915732432184326,-7.960873961842651,-11.587729241187793,-3.4795686826265113,3,1,0,0,0,SAFE
2026-07-21T12:43:41.744381,0.2877112680933237,0.21915732432184326,-8.452589510471142,-10.752806488509362,-3.5073918440925587,3,1,0,0,0,SAFE
2026-07-21T12:43:41.830517,0.29221314134430576,0.2319061215770917,-9.0456221973283,-6.244976014798569,-3.8433355925229566,3,1,0,0,0,SAFE
2026-07-21T12:43:41.913461,0.24845237764451678,0.22820958114457435,-6.237029403184096,-5.712743540552782,-3.8995975517796904,3,1,0,0,0,SAFE
2026-07-21T12:43:41.989152,0.23087381373454396,0.22161987825695786,-4.808378067688977,-7.105339526633105,-3.994615959446705,3,1,0,0,0,SAFE
2026-07-21T12:43:42.068059,0.14930644050451616,0.24043553245990218,0.708718703281761,-0.8109720839509126,-3.929313162471675,3,1,0,0,0,SAFE
2026-07-21T12:43:42.145749,0.1566556259182469,0.23447655130531322,2.2503226235960767,-3.4551779044619075,-4.254175447836105,3,1,0,0,0,SAFE
2026-07-21T12:43:42.226731,0.2235237134521117,0.2448788989542616,16.838437274169905,-5.020646474495835,-5.352502886231946,3,1,0,0,0,SAFE
2026-07-21T12:43:42.312333,0.18866792546018063,0.2304534840052444,22.836591883735792,-3.502633377351994,-5.170268929462395,3,1,0,0,0,SAFE
2026-07-21T12:43:42.390556,0.19842190587211267,0.23050599939413166,22.50499586808303,-1.9467962989268843,-5.303839724796234,3,1,0,0,0,SAFE
2026-07-21T12:43:42.474168,0.18236393239057608,0.23479848136533754,24.85005130418648,-2.5818052581499544,-4.994930213219362,3,1,0,0,0,SAFE
2026-07-21T12:43:42.556921,0.1846021814473105,0.2348384430601755,22.71408939552424,-3.9561614591160748,-5.4425380843615585,3,1,0,0,0,SAFE
2026-07-21T12:43:42.633214,0.19079597507874316,0.2448788989542616,28.280994968083547,-3.1246061842964377,-4.478056990079324,3,1,0,0,0,SAFE
2026-07-21T12:43:42.721011,0.17093993506612476,0.24044230077089182,29.99669703891786,-2.101852507092041,-3.9256207490894894,3,1,0,0,0,SAFE
2026-07-21T12:43:42.805939,0.1736670922019665,0.2265555861776941,31.23825311747879,-1.4173378318097103,-3.875465939878495,3,1,0,0,0,SAFE
2026-07-21T12:43:42.888517,0.15724711595413693,0.24044230077089182,34.22357742572939,-0.867980934061929,-4.103918340906461,3,1,0,0,0,SAFE
2026-07-21T12:43:42.977666,0.15141396314370476,0.231586555910703,34.61672977784477,-0.8564922283247983,-4.0964824482566655,3,1,0,0,0,SAFE
2026-07-21T12:43:43.062282,0.14982242484996264,0.24022086998533335,37.361127845584775,-0.2785566690094802,-4.303728115414742,3,1,0,0,0,SAFE
2026-07-21T12:43:43.149888,0.17342239268467463,0.24039956111369842,35.03506843069127,-1.0840691046698165,-4.21837287613161,3,1,0,0,0,SAFE
2026-07-21T12:43:43.236506,0.17511259850332656,0.24920920888301915,36.234634892802745,-0.7502067190042752,-4.311551684870096,3,1,0,0,0,SAFE
2026-07-21T12:43:43.313483,0.18678321835486783,0.23542204021655033,37.59162370573836,0.9387574029244053,-3.960886154952135,3,1,0,0,0,SAFE
2026-07-21T12:43:43.390032,0.17503636853539667,0.23088703629569973,40.09874341787648,0.8003612843731616,-3.8720130555367973,3,1,0,0,0,SAFE
2026-07-21T12:43:43.485936,0.15545833450157984,0.2362556825643124,43.55293591646188,-0.1514479570406038,-4.0690956261179,3,1,0,1,0,DROWSY
2026-07-21T12:43:43.568588,0.1496013023556256,0.24572474541668166,20.674714433966273,-0.5724052701736044,-3.6132469962848464,3,1,0,1,0,DROWSY
2026-07-21T12:43:43.654207,0.1491070546801736,0.261035185010319,45.30387757174685,-0.0720303877226372,-3.4798309326037895,3,1,0,1,0,DROWSY
2026-07-21T12:43:43.740754,0.16118763481823212,0.2359315935057433,20.836904657405597,2.0481987377612723,-4.381274070466095,3,1,0,1,0,DROWSY
2026-07-21T12:43:43.830994,0.15738611959859444,0.24044230077089182,20.820364503608232,0.9171337453546704,-5.123618272547123,3,1,0,1,1,DROWSY
2026-07-21T12:43:43.932731,0.20955947179436063,0.24051344105572803,19.733061312579338,0.012154504626649252,-6.0114252616208566,4,1,0,1,0,DROWSY
2026-07-21T12:43:44.020526,0.17817491409820602,0.23050599939413166,42.22587191955154,0.041355491265183675,-5.103044028101351,4,1,0,1,0,DROWSY
2026-07-21T12:43:44.101110,0.14698754000655345,0.25385102738528637,43.85815004987981,-1.456814977118553,-5.478303974417571,4,1,0,1,0,DROWSY
2026-07-21T12:43:44.179688,0.14998065939590924,0.23646521136686374,44.024590694645894,0.4237371731463857,-4.444531862206759,4,1,0,1,0,DROWSY
2026-07-21T12:43:44.266268,0.1506543313224169,0.23673783872901658,44.18088980945231,1.816276996416429,-4.321240675965498,4,1,0,1,0,DROWSY
2026-07-21T12:43:44.352377,0.1680637824435509,0.2503251934969468,43.99420631151,1.8676775547050932,-4.230636804402991,4,1,0,1,0,DROWSY
2026-07-21T12:43:44.435490,0.17148502474208538,0.25415459923573863,41.555477403809505,0.3674676683019268,-4.990171391048648,4,1,0,1,0,DROWSY
2026-07-21T12:43:44.516082,0.1604495804913209,0.24977689713521925,37.81169450643455,1.205336039802635,-4.326549905720867,4,1,0,1,0,DROWSY
2026-07-21T12:43:44.602179,0.16329931000208703,0.23978606150948245,36.69399539826108,1.3407357841529932,-4.5320831009606195,4,1,0,1,0,DROWSY
2026-07-21T12:43:44.686029,0.16119384943937812,0.25474601087341525,40.798940175732355,2.6503911528396222,-3.962562244413334,4,1,0,1,0,DROWSY
2026-07-21T12:43:44.764618,0.17683290773366714,0.240820516600117,42.81231386392801,3.3198656474265,-3.8699706616755805,4,1,0,1,0,DROWSY
2026-07-21T12:43:44.839006,0.1823312830432536,0.23646521136686374,43.74713278774837,3.885778241831873,-3.676162229536004,4,1,0,1,0,DROWSY
2026-07-21T12:43:44.925356,0.15968013252768526,0.24516072459929178,40.70448131266471,3.4761367997854737,-4.310455601376134,4,1,0,1,0,DROWSY
2026-07-21T12:43:45.008468,0.18010920415478082,0.2359315935057433,41.58990263493001,2.261710506207091,-4.699288967987769,4,1,0,1,0,DROWSY
2026-07-21T12:43:45.088987,0.18306731717858737,0.231586555910703,42.663261286696496,2.4191860757756314,-4.64336291016258,4,1,0,1,0,DROWSY
2026-07-21T12:43:45.168584,0.15439662087387607,0.2359315935057433,40.98498585146365,1.6781625493735575,-4.810597846606953,4,1,0,1,0,DROWSY
2026-07-21T12:43:45.248278,0.1601129403965429,0.27312570670674174,42.72656037736644,1.8929914068092568,-4.451377971737259,4,1,0,1,0,DROWSY
2026-07-21T12:43:45.326873,0.13571063876343886,0.24464534835209228,44.01146619057576,2.2285593745722205,-4.057724340387097,4,1,0,1,0,DROWSY
2026-07-21T12:43:45.401544,0.13073012966576797,0.24550440316452263,42.847840930716075,1.2948688076552777,-4.468276523596103,4,1,0,1,0,DROWSY
2026-07-21T12:43:45.489658,0.13502921398918383,0.2360883413428812,43.88232952663992,1.8364259710630568,-4.660347281108159,4,1,0,1,0,DROWSY
2026-07-21T12:43:45.589373,0.1365600218798027,0.24042351841717252,43.01542776963555,0.8737391526182287,-4.458502701054357,4,1,0,1,1,DROWSY
2026-07-21T12:43:45.678347,0.14626238820277263,0.2273982493945111,20.530904471481477,1.8973398380200193,-4.920160261249941,4,1,0,1,1,DROWSY
2026-07-21T12:43:45.754542,0.14353744195663007,0.23618730486536516,43.09576225757888,0.5095211725147945,-4.002032492295143,4,1,0,1,1,DROWSY
2026-07-21T12:43:45.840718,0.15173372200675722,0.2367100365373109,43.56892953600601,0.41658668004375005,-4.232576558866043,4,1,0,1,1,DROWSY
2026-07-21T12:43:45.920328,0.15180365559262665,0.24138577137029388,43.7262916329031,0.5609468647838838,-4.159230550812623,4,1,0,1,1,DROWSY
2026-07-21T12:43:45.998422,0.15529517175997465,0.23638914316581422,42.79795935921351,0.5935853868369101,-4.323522020257229,4,1,0,1,1,DROWSY
2026-07-21T12:43:46.076943,0.14347701751356068,0.2695799650920239,41.83316843175132,1.0672737232082443,-4.277209666667119,4,1,0,1,1,DROWSY
2026-07-21T12:43:46.153490,0.14194683208515316,0.2359627948615301,19.561157153238184,1.0961766281476562,-4.867260529484315,4,1,0,1,0,DROWSY
2026-07-21T12:43:46.236762,0.1509398298268798,0.24044230077089182,19.499029434297228,1.3495918418172195,-4.817084217596131,4,1,0,1,0,DROWSY
2026-07-21T12:43:46.325879,0.14790406433099576,0.23198185335531854,44.09029693799084,1.5623248706958526,-4.625432724393676,4,1,0,1,0,DROWSY
2026-07-21T12:43:46.404969,0.1501171549223795,0.22711686391537025,20.281404058672592,2.1157780935191517,-4.790948359698138,4,1,0,1,0,DROWSY
2026-07-21T12:43:46.489564,0.14185579665058556,0.24075229189426336,19.878051762994943,2.909581609842351,-4.66222767487326,4,1,0,1,0,DROWSY
2026-07-21T12:43:46.572657,0.15801423833123868,0.2359315935057433,40.12495150428427,2.4072116725597588,-3.8259593787958863,4,1,0,1,0,DROWSY
2026-07-21T12:43:46.648738,0.13571063876343886,0.24492016183638105,20.210244914924942,2.9149801287328,-5.0589950868927085,4,1,0,1,0,DROWSY
2026-07-21T12:43:46.730283,0.13836936914595527,0.23123193571063136,20.16600840810179,2.766060974335693,-5.168844235375191,4,1,0,1,0,DROWSY
2026-07-21T12:43:46.812381,0.14693561947113445,0.231586555910703,42.070116677206926,1.268792527331228,-4.595862722516898,4,1,0,1,0,DROWSY
2026-07-21T12:43:46.890539,0.16413508627221085,0.231586555910703,41.32415479216087,0.5912930549134783,-4.871225416694443,4,1,0,1,0,DROWSY
2026-07-21T12:43:46.975649,0.14986713435479188,0.231586555910703,40.56606738129361,2.136043462890534,-4.278918628029004,4,1,0,1,0,DROWSY
2026-07-21T12:43:47.053229,0.16035731117844904,0.24044230077089182,18.858141939780552,3.1049583566776904,-4.736067633690501,4,1,0,1,0,DROWSY
2026-07-21T12:43:47.138850,0.15254680381620456,0.23118470825909285,19.215332022895495,2.923488561816983,-4.987753907818941,4,1,0,1,0,DROWSY
2026-07-21T12:43:47.219503,0.15631044093840019,0.25005447728953095,41.463092087595726,2.673124662460673,-3.5810932860420053,4,1,0,1,0,DROWSY
2026-07-21T12:43:47.296620,0.14579525207664107,0.2500261956333111,19.90692650387527,1.9586579348065998,-4.271498490778338,4,1,0,1,0,DROWSY
2026-07-21T12:43:47.370932,0.15117512705327402,0.240820516600117,19.690479688690374,1.9194858513188209,-4.414457428078725,4,1,0,1,0,DROWSY
2026-07-21T12:43:47.452549,0.16036850252538193,0.240820516600117,19.567400017869858,2.1795892199039426,-4.468382455042782,4,1,0,1,0,DROWSY
2026-07-21T12:43:47.531289,0.16263591308355535,0.2362556825643124,40.93358331637276,2.694597831929822,-3.2844028003811445,4,1,0,1,0,DROWSY
2026-07-21T12:43:47.617386,0.17170750454400752,0.23498310613223927,37.97109490948691,1.609967616369198,-4.3499787426307535,4,1,0,1,0,DROWSY
2026-07-21T12:43:47.697989,0.1891352252063663,0.25006116101688397,38.32890797127712,3.4637813257143133,-3.4118828802225494,4,1,0,1,0,DROWSY
2026-07-21T12:43:47.776954,0.2747908890070302,0.23171623146452053,28.28991770393418,-2.731721581544072,-7.656068888700958,5,1,0,0,0,SAFE
2026-07-21T12:43:47.860139,0.2652107002707651,0.23149742762279069,22.314272691149313,3.539381101425727,-5.023033845934606,5,1,0,0,0,SAFE
2026-07-21T12:43:47.938242,0.3145939154555206,0.24136898343667676,23.10102375936404,-5.913340980770508,-7.931435172992764,5,1,0,0,0,SAFE
2026-07-21T12:43:48.015677,0.2826098357627767,0.22713842238175272,17.920740298276257,6.5464441599599015,-5.4883741623760045,5,1,0,0,0,SAFE
2026-07-21T12:43:48.104482,0.27128240138121207,0.2312076951869452,4.728418071165834,2.1670379023431194,-6.774771833671257,5,1,0,0,0,SAFE
2026-07-21T12:43:48.196565,0.29228575472266605,0.22153370219461796,18.463528963169495,8.228830140960076,-5.0259355038766955,5,1,0,0,0,SAFE
2026-07-21T12:43:48.279651,0.29852252902826176,0.22621261758684758,15.697558262439259,2.5518411866157176,-6.187921397821981,5,1,0,0,0,SAFE
2026-07-21T12:43:48.360040,0.2821884693308009,0.23492270908808072,-0.1801091561738133,-4.907634217259127,-6.445068530857548,5,1,0,0,0,SAFE
2026-07-21T12:43:48.445803,0.2776577629291602,0.23943939027504618,11.468765330925663,-17.60290591837325,-9.629419106134492,5,1,0,0,0,SAFE
2026-07-21T12:43:48.533896,0.28324881334963914,0.22430776121780355,11.158016420821895,-13.842273641274227,-8.634906710679644,5,1,0,0,0,SAFE
2026-07-21T12:43:48.608569,0.28667661343168593,0.23699026047845054,12.786726228344122,-9.931899040703888,-7.725095193759216,5,1,0,0,0,SAFE
2026-07-21T12:43:48.689500,0.28744420745614263,0.22442737591217238,12.227487434350422,-11.460480318389596,-7.646928453560889,5,1,0,0,0,SAFE
2026-07-21T12:43:48.768596,0.28646407266033613,0.22066279048050738,12.153899698042238,-10.090728317411692,-7.400402083007748,5,1,0,0,0,SAFE
2026-07-21T12:43:48.854252,0.28227186690532524,0.23699026047845054,11.732105547822641,-11.89172471438446,-7.692649012192675,5,1,0,0,0,SAFE
2026-07-21T12:43:48.934504,0.29686219020343424,0.23699026047845054,11.771157043345141,-11.783279987228205,-7.63029378268925,5,1,0,0,0,SAFE
2026-07-21T12:43:49.017097,0.2949476135667696,0.23701675828695554,12.12478249468586,-16.17679093559539,-7.809054727976047,5,1,0,0,0,SAFE
2026-07-21T12:43:49.095697,0.29366563879635826,0.24123098316956063,12.006866939162819,-14.942037494183989,-7.591235515484954,5,1,0,0,0,SAFE
2026-07-21T12:43:49.180340,0.2849657966719247,0.23646521136686374,12.834108782152725,-16.560405824631907,-6.788019031129494,5,1,0,0,0,SAFE
2026-07-21T12:43:49.265054,0.29687813210226627,0.24079223494389712,13.385322717450038,-17.002956942769195,-6.775879633488557,5,1,0,0,0,SAFE
2026-07-21T12:43:49.345657,0.2947114500433167,0.23566043584361254,1.3561673799650862,-9.639139905093646,-1.8095811978032657,5,1,0,0,0,SAFE
2026-07-21T12:43:49.426259,0.2808299348967696,0.22325045202912847,12.747524679229855,-15.954053822785323,-3.913675174861254,5,1,0,0,0,SAFE
2026-07-21T12:43:49.502359,0.3065252219205451,0.227235170843937,12.897152151555844,-11.802465382957427,-2.6758034916526583,5,1,0,0,0,SAFE
2026-07-21T12:43:49.588554,0.2995101435492745,0.23210585341947826,12.61757912278722,-14.569852315208557,-3.2986830522346793,5,1,0,0,0,SAFE
2026-07-21T12:43:49.669030,0.30902553423709883,0.22730423863902846,13.006849181046078,-15.073078742527652,-3.1635474082008557,5,1,0,0,0,SAFE
2026-07-21T12:43:49.750639,0.29889962153925376,0.23638216283503674,13.265140318829253,-14.007354144532444,-2.9590452694970963,5,1,0,0,0,SAFE
2026-07-21T12:43:49.833853,0.3024221580084232,0.23638914316581422,13.072281332502286,-15.525716304213985,-3.3730640239477054,5,1,0,0,0,SAFE
2026-07-21T12:43:49.918459,0.2866145761586828,0.23638216283503674,3.539483232101702,-9.339060788448354,-0.9978204832116861,5,1,0,0,0,SAFE
2026-07-21T12:43:49.995567,0.2713466965784599,0.24141106438290721,-3.394784985881614,-7.087375324449284,-1.3093830852037864,5,1,0,0,0,SAFE
2026-07-21T12:43:50.076172,0.26609164089638154,0.23144180007526186,-3.8292028814868218,-5.354234450383192,-1.338253353689233,5,1,0,0,0,SAFE
2026-07-21T12:43:50.163786,0.2482879892556357,0.23186350243340104,-12.050398857949915,-8.291419432043371,-0.8246946170599629,5,1,0,0,0,SAFE
2026-07-21T12:43:50.246423,0.24114593289238778,0.235723571533237,-11.293904506804353,-6.19677855130368,-2.455799809754462,5,1,0,0,0,SAFE
2026-07-21T12:43:50.325117,0.23420880746903877,0.24139542377474812,-17.592247574887892,-5.710274103476459,-2.367185291528305,5,1,0,0,0,SAFE
2026-07-21T12:43:50.405719,0.23379214313530516,0.23693319068572088,-17.263613490499466,-5.369202823001889,-3.166076079905375,5,1,0,0,0,SAFE
2026-07-21T12:43:50.488822,0.2290399913708058,0.221649918400792,-19.81694564178889,-5.592982836066343,-2.574686152980589,5,1,0,0,0,SAFE
2026-07-21T12:43:50.565035,0.23152250591910578,0.22820958114457435,-24.49150086226686,-4.018341701803829,-2.9744945493391595,5,1,0,0,0,SAFE
2026-07-21T12:43:50.648963,0.22467059548037843,0.23286764202289537,-27.920233316142145,-5.038906823265841,-2.839101432175032,5,1,0,0,0,SAFE
2026-07-21T12:43:50.729982,0.2154108741442669,0.2419144393367951,-31.28661453708648,-2.8908815366121345,-4.238384820185814,5,1,0,0,0,SAFE
2026-07-21T12:43:50.814521,0.22467722019976216,0.2446074563651609,-35.53730079924367,-2.677529026130622,-4.938709615704612,5,1,0,0,0,SAFE
2026-07-21T12:43:50.899135,0.21481381826529483,0.24079931537454224,-36.78579086605973,-3.0496705341939196,-4.693558120812715,5,1,0,0,0,SAFE
2026-07-21T12:43:50.976758,0.1592821127043434,0.24585279376366947,-40.18703160288024,-3.4694281962098454,-4.093972123970172,5,1,0,0,0,SAFE
2026-07-21T12:43:51.058695,0.18222597290396303,0.23034469096157234,-41.83275833729749,-3.8941318126768643,-3.897978053551599,5,1,0,0,0,SAFE
2026-07-21T12:43:51.145807,0.17187130062239536,0.2417062858635178,-42.97841456144545,-3.7556092640775334,-3.414562182003141,5,1,0,0,0,SAFE
2026-07-21T12:43:51.230521,0.16050755379199858,0.23821957496052876,-42.77975077689959,-3.8186579038318023,-3.5204520871070306,5,1,0,0,0,SAFE
2026-07-21T12:43:51.310109,0.1675127097879837,0.2377789863719664,-42.890335891167524,-3.5305599584321534,-3.5752169705480386,5,1,0,0,0,SAFE
2026-07-21T12:43:51.392378,0.1635076751088222,0.23340970094573021,-42.75745614151404,-3.729130453452451,-3.1290480226599717,5,1,0,0,0,SAFE
2026-07-21T12:43:51.480494,0.1667193546038377,0.24172457726120197,-42.831638175658014,-3.8829390049584935,-3.0833015147391465,5,1,0,0,0,SAFE
2026-07-21T12:43:51.564089,0.16515439079044614,0.24195888764520834,-43.07895578890478,-4.080861133237684,-3.0509760941778667,5,1,0,0,0,SAFE
2026-07-21T12:43:51.648866,0.17274163579823618,0.23343161102834825,-42.67769820516813,-4.171375440756059,-3.0283284820861027,5,1,0,0,0,SAFE
2026-07-21T12:43:51.736975,0.16664237461214287,0.2380019988018542,-43.87305991018894,-3.686244272018933,-2.8813582610867616,5,1,0,1,0,DROWSY
2026-07-21T12:43:51.827389,0.15658387441573762,0.23340970094573021,-43.387942405841756,-3.2389520302942505,-2.8154775001957857,5,1,0,1,0,DROWSY
2026-07-21T12:43:51.912534,0.16750829977499695,0.2295998310518819,-43.76251511527519,-3.6886930760120875,-2.590120145637439,5,1,0,1,0,DROWSY
2026-07-21T12:43:51.993651,0.15833981623723442,0.2371330674759309,-42.53262116401439,-3.173694601397281,-3.0803015903525717,5,1,0,1,0,DROWSY
2026-07-21T12:43:52.087030,0.15667262137822374,0.23340970094573021,-43.03516331868752,-3.106878372053675,-3.065051535790498,5,1,0,1,1,DROWSY
2026-07-21T12:43:52.170566,0.1569326632120001,0.22914441586864437,-42.73955538451244,-3.1802832177976006,-2.843739075840719,5,1,0,1,1,DROWSY
2026-07-21T12:43:52.253624,0.14782820020288473,0.23760805798196352,-42.927212068006185,-2.96789552836798,-2.9884570799887644,5,1,0,1,1,DROWSY
2026-07-21T12:43:52.340026,0.14076999488017,0.23760805798196352,-42.03448458237983,-3.525121133303001,-3.073378258021428,5,1,0,1,1,DROWSY
2026-07-21T12:43:52.425628,0.16263733993298135,0.22533494665125064,-42.52535117939877,-3.98207219702114,-3.098627907927173,5,1,0,1,1,DROWSY
2026-07-21T12:43:52.510246,0.16695458761275078,0.2251167347128765,-42.481560614979855,-3.3364411897514077,-3.3691647578576682,5,1,0,1,1,DROWSY
2026-07-21T12:43:52.584021,0.14586423255504563,0.2289149599908995,-42.47552650378174,-3.251643061367753,-3.3945136700868397,5,1,0,1,1,DROWSY
2026-07-21T12:43:52.664748,0.1750517957945656,0.22867501745996474,-42.08542648188097,-3.2384720037444037,-3.2597260357645337,5,1,0,1,1,DROWSY
2026-07-21T12:43:52.745850,0.16546215330240663,0.23760805798196352,-41.715066375620694,-3.873350968131501,-3.2555411376644274,5,1,0,1,1,DROWSY
2026-07-21T12:43:52.830718,0.1678561071114369,0.22844603161865287,-40.69621570516077,-3.7454539034523706,-3.3420587008417924,5,1,0,1,1,DROWSY
2026-07-21T12:43:52.915331,0.1659473327854502,0.23737012695799845,-40.0641380665144,-3.6165393488249564,-3.3556296693198173,5,1,0,1,1,DROWSY
2026-07-21T12:43:52.998926,0.18247811310527454,0.2251167347128765,-41.05929667436112,-2.958473185957346,-3.5674708033356484,5,1,0,1,1,DROWSY
2026-07-21T12:43:53.086563,0.19405166262671483,0.2289149599908995,-40.74678107226208,-3.10351472216781,-3.572721872911151,5,1,0,1,1,DROWSY
2026-07-21T12:43:53.175088,0.17936760816763092,0.2411138133323724,-40.91966484811638,-2.364265252430201,-3.4650692026051955,5,1,0,1,1,DROWSY
2026-07-21T12:43:53.256143,0.17547032309462202,0.24604939800792544,-39.88100557611713,-2.2572071062136922,-3.830069396628335,5,1,0,1,1,DROWSY
2026-07-21T12:43:53.340493,0.18499016873904245,0.23737012695799845,-39.421606937521574,-2.3373685860990308,-4.212550828172493,5,1,0,1,1,DROWSY
2026-07-21T12:43:53.422601,0.19155851923239234,0.22858445755393864,-38.241439414058874,-1.3820929218544207,-4.430691822722052,5,1,0,1,1,DROWSY
2026-07-21T12:43:53.505722,0.20956005633825828,0.2239693946971136,-35.843391703236705,-1.1204407979041915,-4.423271907256442,6,1,0,1,1,DROWSY
2026-07-21T12:43:53.590143,0.21514547258921318,0.2281827805006295,-33.339503673268155,-2.479009411280449,-3.7046896868978374,6,1,0,1,1,DROWSY
2026-07-21T12:43:53.677267,0.21787342683653768,0.2273982493945111,-30.351639754015196,-0.9012854470932755,-4.123743408892074,6,1,0,1,1,DROWSY
2026-07-21T12:43:53.762466,0.205270633217142,0.22304016573940033,-29.74155513408803,-1.262972492758212,-3.887975940619081,6,1,0,1,1,DROWSY
2026-07-21T12:43:53.850829,0.21393533365368775,0.2281827805006295,-29.29664416534726,-2.366958705295101,-3.8352875461689777,6,1,0,1,1,DROWSY
2026-07-21T12:43:53.933932,0.2239609126379305,0.2370652633084556,-31.704250065867825,-2.591635000275013,-3.6767322355128575,6,1,0,1,1,DROWSY
2026-07-21T12:43:54.017207,0.2212596137481983,0.23660731008277747,-31.310041041004695,-3.0582592304973253,-3.532590589589713,6,1,0,1,1,DROWSY
2026-07-21T12:43:54.097823,0.2244091145979058,0.23693319068572088,-31.397723268997424,-2.31110435436865,-3.7033386993950947,6,1,0,1,1,DROWSY
2026-07-21T12:43:54.177750,0.2161458447386163,0.22862095563983753,-32.05542496543043,-2.209496081089853,-3.7120251445960393,6,1,0,1,1,DROWSY
2026-07-21T12:43:54.262384,0.2422132936067636,0.2370652633084556,-32.29533075909748,-2.4463388933425305,-3.6360659315212165,6,1,0,1,1,DROWSY
2026-07-21T12:43:54.345984,0.22333912445625387,0.22479130349477733,-32.28385803136371,-2.9213794458207536,-3.67627744983882,6,1,0,1,1,DROWSY
2026-07-21T12:43:54.428567,0.22615040248242785,0.2281827805006295,-32.052377039900534,-2.6364605085580153,-3.655355153588108,6,1,0,1,1,DROWSY
2026-07-21T12:43:54.513717,0.2286539836782508,0.2370652633084556,-32.21137904995538,-2.890842278764736,-3.719392215362225,6,1,0,1,1,DROWSY
2026-07-21T12:43:54.589420,0.22390427575539493,0.2370652633084556,-31.817577899732868,-2.9304790767795295,-3.693942968638626,6,1,0,1,1,DROWSY
2026-07-21T12:43:54.669071,0.21467192298088997,0.22479130349477733,-32.01627211276224,-2.090012685095295,-4.09273648697616,6,1,0,1,1,DROWSY
2026-07-21T12:43:54.750884,0.21940649667412743,0.2293993744927914,-32.33537646523163,-2.532472232577522,-4.102703007269369,6,1,0,1,1,DROWSY
2026-07-21T12:43:54.832171,0.22814196375511103,0.24112269764044122,-31.87886228517246,-2.1066798390787427,-4.2293320712552696,6,1,0,1,1,DROWSY
2026-07-21T12:43:54.912555,0.2239609126379305,0.22786893531129307,-31.62940535387898,-2.7424198619280897,-4.069742610849185,6,1,0,1,1,DROWSY
2026-07-21T12:43:54.991520,0.2279192377722054,0.2325582289124148,-30.93652561135272,-2.916092025760257,-3.8063673531475817,6,1,0,1,1,DROWSY
2026-07-21T12:43:55.084358,0.22535973551109278,0.2239693946971136,-30.811682302561763,-2.256356394384239,-4.317483305045136,6,1,0,1,1,DROWSY
2026-07-21T12:43:55.170497,0.21972861314500863,0.24112269764044122,-30.475955214090305,-1.6505486796637125,-4.161945093622325,6,1,0,1,1,DROWSY
2026-07-21T12:43:55.255106,0.22455431501655032,0.23253386342514,-29.975042655856072,-1.4216006559971455,-4.163156248255183,6,1,0,1,1,DROWSY
2026-07-21T12:43:55.338235,0.24160389214755845,0.24420396762348454,-27.941533734622055,-2.213805949055534,-3.867977037060424,6,1,0,1,1,DROWSY
2026-07-21T12:43:55.424664,0.2509525200346542,0.23284324411792787,-26.986500575719162,-2.98082041871725,-3.291705087782906,6,1,0,0,1,DISTRACTED
2026-07-21T12:43:55.508482,0.2518244600686972,0.2242673805709731,-27.40496357326552,-3.14244153447111,-3.4121246454899623,6,1,0,0,1,DISTRACTED
2026-07-21T12:43:55.592582,0.2518244600686972,0.23286764202289537,-27.75921960150211,-2.986153277107275,-3.6255305756953855,6,1,0,0,1,DISTRACTED
2026-07-21T12:43:55.673962,0.2377220339307533,0.23737012695799845,-13.390609503796213,-7.389224127263511,-4.5041514320877525,6,1,0,0,0,SAFE
2026-07-21T12:43:55.757613,0.2338072301440204,0.23237238772559698,-26.687176423881084,-3.351730761286409,-3.484671424064852,6,1,0,0,0,SAFE
2026-07-21T12:43:55.839634,0.2377220339307533,0.23286764202289537,-26.479424295481437,-3.585043088392325,-3.6464084265181866,6,1,0,0,0,SAFE
2026-07-21T12:43:55.926573,0.23112572373041268,0.2289389462803049,-27.117404824675077,-2.6774829182775886,-4.055277359952822,6,1,0,0,0,SAFE
2026-07-21T12:43:56.012812,0.21146669567234827,0.23236626872297253,-25.682699296885573,-2.959128522458121,-3.814182553354068,6,1,0,0,0,SAFE
2026-07-21T12:43:56.093220,0.2162176190443177,0.2237721262736747,-25.595182155659558,-2.9258249206815674,-3.765388842654839,6,1,0,0,0,SAFE
2026-07-21T12:43:56.180543,0.2196768485570812,0.23690119858575184,-25.98702206313982,-3.5862231751380484,-3.433832514004312,6,1,0,0,0,SAFE
2026-07-21T12:43:56.259968,0.22421537683607345,0.24062999736471802,-25.617399032800932,-3.3316583002648805,-3.3363465263342778,6,1,0,0,0,SAFE
2026-07-21T12:43:56.347314,0.20857095821081145,0.2239693946971136,-26.68283219156757,-3.510249999296945,-3.6299910060879403,6,1,0,0,0,SAFE
2026-07-21T12:43:56.423857,0.2094157130848428,0.23284324411792787,-26.475663790520656,-4.008232873023763,-3.5821605387340387,6,1,0,0,0,SAFE
2026-07-21T12:43:56.505650,0.20103850577870674,0.2319061215770917,-26.7238828516017,-2.599416017425802,-4.047359409903288,6,1,0,0,0,SAFE
2026-07-21T12:43:56.584250,0.20588311195520784,0.22786893531129307,-28.02048840199282,-2.6433871999547534,-4.059955349349712,6,1,0,0,0,SAFE
2026-07-21T12:43:56.663369,0.2102859927828301,0.23660731008277747,-28.305701187228323,-2.581976914009132,-4.305326412022198,6,1,0,0,0,SAFE
2026-07-21T12:43:56.744528,0.21747930423760442,0.23744352916931785,-29.237378449622128,-2.6395219355577013,-4.30535950099496,6,1,0,0,0,SAFE
2026-07-21T12:43:56.824148,0.21903759697599684,0.24079931537454224,-29.1289483559259,-3.0477336753656292,-3.845518321970657,6,1,0,0,0,SAFE
2026-07-21T12:43:56.900558,0.2198033916445809,0.23693319068572088,-29.307916072019367,-2.7288289947964053,-3.798380644797781,6,1,0,0,0,SAFE
2026-07-21T12:43:56.983679,0.2245939408425087,0.22870515439783345,-29.818402443346315,-2.8727982040614997,-3.9549858108950904,6,1,0,0,0,SAFE
2026-07-21T12:43:57.064564,0.22390427575539493,0.23744352916931785,-29.722734478515036,-3.353410868176445,-3.597739554485795,6,1,0,0,0,SAFE
2026-07-21T12:43:57.146664,0.21903759697599684,0.2325582289124148,-29.736886246758843,-3.175807115929653,-3.828622853327634,6,1,0,0,0,SAFE
2026-07-21T12:43:57.234338,0.21906864573853552,0.22479130349477733,-29.76674749535519,-3.038800551945318,-3.870301523723331,6,1,0,1,0,DROWSY
2026-07-21T12:43:57.328323,0.21914530037640526,0.23660731008277747,-29.70937026217686,-2.498120431821365,-3.9039561731747594,6,1,0,1,1,DROWSY
2026-07-21T12:43:57.407423,0.22129187880932608,0.24532089513845648,-29.721788065935982,-2.444648091727231,-4.001397994581132,6,1,0,1,1,DROWSY
2026-07-21T12:43:57.484011,0.22081213886258044,0.23658252036697208,-29.595320568571253,-2.464057619611393,-4.146939347114688,6,1,0,1,1,DROWSY
2026-07-21T12:43:57.574451,0.2300713981218397,0.22870515439783345,-29.4795402465397,-3.253377805937089,-3.9328964714565733,6,1,0,1,1,DROWSY
2026-07-21T12:43:57.659102,0.22081213886258044,0.2239693946971136,-29.84196596981272,-2.807762399241458,-4.08299752779857,6,1,0,1,1,DROWSY
2026-07-21T12:43:57.739199,0.219130805197712,0.22862095563983753,-29.45981659139227,-3.7123541818238617,-3.757670351662642,6,1,0,1,1,DROWSY
2026-07-21T12:43:57.821316,0.21914530037640526,0.22870515439783345,-29.88675172481851,-2.785297034199181,-4.088118182278683,6,1,0,1,1,DROWSY
2026-07-21T12:43:57.900567,0.2154096101261781,0.23253386342514,-29.117143043391877,-2.7901513668844222,-3.94390058912991,6,1,0,1,1,DROWSY
2026-07-21T12:43:57.984405,0.20813435017550674,0.2325582289124148,-29.623157696502886,-2.179862004092693,-4.148929260297388,6,1,0,1,1,DROWSY
2026-07-21T12:43:58.066395,0.22806530911724127,0.22864491112272223,-29.77420519870276,-2.3558006313061615,-4.0311343457183115,6,1,0,1,1,DROWSY
2026-07-21T12:43:58.146605,0.2242090021070539,0.22335836539261958,-28.97080275808287,-2.069500921538666,-3.9450393560379102,6,1,0,1,1,DROWSY
2026-07-21T12:43:58.223724,0.21991162010138876,0.2405577292607134,-28.156869912199625,-2.221606431660207,-3.708109894703533,6,1,0,1,1,DROWSY
2026-07-21T12:43:58.313484,0.2114776744233944,0.2325582289124148,-28.49929214926118,-2.461339407812228,-3.8780681806405393,6,1,0,1,1,DROWSY
2026-07-21T12:43:58.397745,0.19742462409138206,0.22048377931320592,-26.923770317555125,-3.1271706974222777,-3.8219958684102786,6,1,0,1,1,DROWSY
2026-07-21T12:43:58.487223,0.19797042351312868,0.23237238772559698,-24.113473707238967,-3.408707137486493,-3.7649601458514472,6,1,0,1,1,DROWSY
2026-07-21T12:43:58.573853,0.20988604111714598,0.23183411971956688,-23.877779161642252,-4.6799901935919825,-3.4330906278523328,6,1,0,1,1,DROWSY
2026-07-21T12:43:58.656386,0.21566285601666785,0.2242673805709731,-25.069020592799177,-3.7497507037774396,-3.462946062718442,6,1,0,1,1,DROWSY
2026-07-21T12:43:58.742995,0.21146669567234827,0.22449997144228487,-24.054687537039484,-3.357986952170382,-3.3328088292837648,6,1,0,1,1,DROWSY
2026-07-21T12:43:58.824107,0.215915472515358,0.23226424664110829,-24.134890741841616,-3.5521466050176342,-3.114036880857285,6,1,0,1,1,DROWSY
2026-07-21T12:43:58.903551,0.2183649376689043,0.22767887974464476,-23.60291033078005,-3.766523397990238,-3.4762212746919046,6,1,0,1,1,DROWSY
2026-07-21T12:43:58.985193,0.1937211997066647,0.22335836539261958,-23.49667023950161,-3.9486093994810783,-3.167582240163232,6,1,0,1,1,DROWSY
2026-07-21T12:43:59.067968,0.20646277789280934,0.22282507764707815,-23.5261487482409,-3.6713931264602,-3.3713746051867237,6,1,0,1,1,DROWSY
2026-07-21T12:43:59.151082,0.21582354187993574,0.2196948047717738,-22.812650266766354,-3.8563921546709876,-3.149762388611932,6,1,0,1,1,DROWSY
2026-07-21T12:43:59.230039,0.22786312004266054,0.23237238772559698,-23.152261080675032,-3.8726278974859936,-3.143971205978045,6,1,0,1,1,DROWSY
2026-07-21T12:43:59.315673,0.2235257117489597,0.23286764202289537,-23.277789959227277,-3.090987921961895,-3.4758363499429716,6,1,0,1,1,DROWSY
2026-07-21T12:43:59.402262,0.22429118602965115,0.22282507764707815,-24.448137586734873,-3.657176993878924,-3.2136380290624937,6,1,0,1,1,DROWSY
2026-07-21T12:43:59.481405,0.23277402700749678,0.2326133844144257,-24.43478538345238,-3.313753659968393,-3.2599419586439184,6,1,0,1,1,DROWSY
2026-07-21T12:43:59.559874,0.2198033916445809,0.219459170959483,-22.60114978872909,-3.5295965742503435,-3.3619164507226325,6,1,0,1,1,DROWSY
2026-07-21T12:43:59.635992,0.21996529010806998,0.22792333907700157,-24.225540308777397,-3.264996132699726,-3.150328023458907,6,1,0,1,1,DROWSY
2026-07-21T12:43:59.709575,0.23281563828799573,0.22793006961994772,-23.680784573374012,-3.399736105283013,-3.3150566553013787,6,1,0,1,1,DROWSY
2026-07-21T12:43:59.800012,0.2239609126379305,0.2196948047717738,-24.0486305763593,-3.2555214694446306,-3.2877719439742297,6,1,0,1,1,DROWSY
2026-07-21T12:43:59.880126,0.21471994503906433,0.23642928992973614,-23.796226994122634,-3.6822565486809253,-3.244575188488752,6,1,0,1,1,DROWSY
2026-07-21T12:43:59.959715,0.21989655368292918,0.23693319068572088,-23.38894573763551,-3.2020456407819484,-3.5298754776062116,6,1,0,1,1,DROWSY
2026-07-21T12:44:00.048403,0.2161959476064958,0.22842778087237706,-23.992058124350535,-2.951202091027201,-3.2707697889714398,6,1,0,1,1,DROWSY
2026-07-21T12:44:00.124663,0.21996529010806998,0.2242673805709731,-24.0189331441878,-3.472063014923627,-3.353016971003875,6,1,0,1,1,DROWSY
2026-07-21T12:44:00.204334,0.19473906199975333,0.23286764202289537,-23.28252655575153,-3.401954005145364,-3.3097592360386527,6,1,0,1,1,DROWSY
2026-07-21T12:44:00.284417,0.20644507138701135,0.2281827805006295,-23.528671033032566,-3.213922090591715,-3.6388178381198397,6,1,0,1,1,DROWSY
2026-07-21T12:44:00.363468,0.20341050591424037,0.23642928992973614,-23.978896333931687,-2.387869890262851,-3.448167614936186,6,1,0,1,1,DROWSY
2026-07-21T12:44:00.443205,0.20346852052343403,0.23284324411792787,-23.831580492103654,-2.2567055729788286,-3.598458756982612,6,1,0,1,1,DROWSY
2026-07-21T12:44:00.522198,0.23797377512410825,0.2409665301748948,-9.582376411431852,-7.970648085454888,-4.120347022745278,6,1,0,1,0,DROWSY
2026-07-21T12:44:00.597836,0.2243408489922861,0.22335836539261958,-19.464411459171316,-5.348782685981639,-3.076997223946472,6,1,0,1,0,DROWSY
2026-07-21T12:44:00.675239,0.22691206394424612,0.22712441898055033,-16.752945263477017,-5.589632764279983,-2.4022353463009662,6,1,0,1,0,DROWSY
2026-07-21T12:44:00.759506,0.21819144412558777,0.22325045202912847,-17.06371743893186,-8.899917547012992,-1.5818428480793807,6,1,0,1,0,DROWSY
2026-07-21T12:44:00.845139,0.22870925802494294,0.2362556825643124,-16.462474789549333,-7.552232004043931,-2.0082488893348494,6,1,0,1,0,DROWSY
2026-07-21T12:44:00.921438,0.22840506578274894,0.23079881831307533,-17.342355838787057,-6.962607039688744,-1.9935968141621494,6,1,0,1,0,DROWSY
2026-07-21T12:44:01.006622,0.22773024686714033,0.2358776278001915,-17.166016296036958,-8.31145174076429,-1.9419915687518627,6,1,0,1,0,DROWSY
2026-07-21T12:44:01.095524,0.23193101370889757,0.23978606150948245,-17.405289723755885,-6.506876140586876,-2.246833632761236,6,1,0,1,0,DROWSY
2026-07-21T12:44:01.171093,0.24981622964040218,0.22920441105061798,-15.984841734680288,-7.575197942873697,-2.2157336677449506,6,1,0,1,0,DROWSY
2026-07-21T12:44:01.256761,0.24714852934065623,0.22430159009579506,-17.61229705346662,-5.239063902607314,-2.110303968170256,6,1,0,1,0,DROWSY
2026-07-21T12:44:01.335362,0.24562271317936094,0.2287687997090048,-16.25308084467534,-6.142429570115825,-2.1162337767135933,6,1,0,1,0,DROWSY
2026-07-21T12:44:01.418438,0.22045228111547105,0.2335266405179371,-15.382634615616723,-5.807504544090716,-1.829855010398831,6,1,0,1,0,DROWSY
2026-07-21T12:44:01.503022,0.24039143252571735,0.23961204722866333,-3.8451268950152553,-17.56827609697965,-2.6728719930065097,6,1,0,1,0,DROWSY
2026-07-21T12:44:01.589101,0.21968405669410102,0.23338055212047631,-15.728602579026614,-7.735139202249783,-0.8979504917328884,6,1,0,1,0,DROWSY
2026-07-21T12:44:01.671018,0.2456121267549725,0.24438411013661576,-15.916490182766609,-7.643746035123637,-0.6740976383544054,6,1,0,1,0,DROWSY
2026-07-21T12:44:01.757672,0.24212598691665918,0.23336736122129598,-15.272977514387236,-5.845488089518702,-1.1835418267339821,6,1,0,1,0,DROWSY
2026-07-21T12:44:01.844358,0.2364412961817825,0.24446751462647606,-15.6117230379607,-6.319561757398377,-1.0948622714648175,6,1,0,1,0,DROWSY
2026-07-21T12:44:01.930215,0.22496898002578505,0.23338055212047631,-16.003735799099474,-5.939538662277001,-1.366455325997737,6,1,0,1,0,DROWSY
2026-07-21T12:44:02.007999,0.230309860347778,0.23338055212047631,-15.751879518340672,-5.865792175797566,-1.353750575057091,6,1,0,1,0,DROWSY
2026-07-21T12:44:02.090013,0.20994166104727857,0.23398959639633435,-6.2641951980657495,-14.258271949906817,-3.0785800843109996,6,1,0,1,0,DROWSY
2026-07-21T12:44:02.171419,0.23013416986349566,0.22216737285146887,-17.673884464059228,-7.991325252943772,-1.4796785001916943,6,1,0,1,0,DROWSY
2026-07-21T12:44:02.254552,0.20309450873113996,0.24446751462647606,-17.92102556643394,-5.569153808280906,-1.910952310236713,6,1,0,1,0,DROWSY
2026-07-21T12:44:02.337168,0.21446619411790357,0.2173399540921557,-17.90466491582268,-6.718128726600803,-1.8179387567647807,6,1,0,1,0,DROWSY
2026-07-21T12:44:02.416776,0.23694095064281823,0.23408386192813352,-17.875652923714597,-5.777879717886093,-2.0430421686711826,6,1,0,1,0,DROWSY
2026-07-21T12:44:02.504948,0.23582828609486178,0.23407237768193354,-6.038982965988623,-11.590770996999431,-3.43305072405812,6,1,0,1,0,DROWSY
2026-07-21T12:44:02.586047,0.2102138417049081,0.24470105683813695,-6.181242816902511,-10.634312143886511,-3.374715914096157,6,1,0,1,0,DROWSY
2026-07-21T12:44:02.668146,0.22045228111547105,0.24470105683813695,-6.204320638803836,-10.573792077183453,-3.440963795066409,6,1,0,1,0,DROWSY
2026-07-21T12:44:02.752270,0.2087153921566161,0.23408386192813352,-7.306625475478796,-11.025564913846482,-3.5471386756809693,6,1,0,1,0,DROWSY
2026-07-21T12:44:02.833863,0.20918328263290736,0.23916314201896605,-6.401297462101354,-10.953661287240108,-3.6357413444484337,6,1,0,1,0,DROWSY
2026-07-21T12:44:02.913445,0.23435927326544953,0.23309352636666344,-13.91183177601738,-4.736576951149394,-2.2130403849412557,6,1,0,1,0,DROWSY
2026-07-21T12:44:02.995037,0.2072741579194165,0.22200306810360193,-13.410114827631133,-7.138554348082331,-1.5569950663997332,6,1,0,1,0,DROWSY
2026-07-21T12:44:03.079618,0.217955364351735,0.22200306810360193,-10.721545383532458,-3.2826407659751515,-2.152104855849201,6,1,0,1,0,DROWSY
2026-07-21T12:44:03.162301,0.24070222081480735,0.22161215745427704,-11.45917668258707,-7.4562034819661305,-1.7707183300805505,6,1,0,1,0,DROWSY
2026-07-21T12:44:03.240540,0.23892267899421046,0.2220070246127011,-11.974321549957295,-6.096664596329518,-2.195782386536378,6,1,0,1,0,DROWSY
2026-07-21T12:44:03.322134,0.25509288569979804,0.23338055212047631,-11.577551645405379,-6.617882733852183,-2.4273702963567922,6,1,0,0,0,SAFE
2026-07-21T12:44:03.402744,0.23062547146918377,0.2388816079107604,-8.102428704469304,-7.505619359373155,-1.83693445443103,6,1,0,0,0,SAFE
2026-07-21T12:44:03.491085,0.2242226433541118,0.24446751462647606,-9.15100693192818,-7.459418461838116,-1.676101942336884,6,1,0,0,0,SAFE
2026-07-21T12:44:03.575492,0.23716417781678975,0.2174574345683693,-4.4974957423393676,-7.374704794853366,-2.2493463090688626,6,1,0,0,0,SAFE
2026-07-21T12:44:03.655146,0.2460922625017006,0.22311032219484297,6.941665014086851,-11.325770600149667,-4.5045077618017615,6,1,0,0,0,SAFE
2026-07-21T12:44:03.736253,0.245972594448838,0.22787720501522898,-4.228424917260611,-4.734277332791769,-2.594261822786893,6,1,0,0,0,SAFE
2026-07-21T12:44:03.816107,0.2301754029973057,0.23916314201896605,8.875436742275923,-12.137687352934284,-5.00325980482279,6,1,0,0,0,SAFE
2026-07-21T12:44:03.900209,0.2616835845411725,0.2220070246127011,8.609051326360088,-12.747117994975433,-5.149994051391303,6,1,0,0,0,SAFE
2026-07-21T12:44:03.985669,0.2715794862433655,0.2273219253216873,7.51176174996607,-15.671493389760615,-5.57685226209432,6,1,0,0,0,SAFE
2026-07-21T12:44:04.065593,0.27426318383915516,0.23836686442360566,-3.225110808996817,-4.622328380568386,-3.0050687785678893,6,1,0,0,0,SAFE
2026-07-21T12:44:04.145196,0.2758596640859311,0.23259719924496106,-1.8097659358415683,-7.159164321870161,-2.920387255814983,6,1,0,0,0,SAFE
2026-07-21T12:44:04.222276,0.2796982858803719,0.2386738405513498,7.887116703142652,-11.133313419791069,-5.031862813770175,6,1,0,0,0,SAFE
2026-07-21T12:44:04.303615,0.299933278620379,0.2273219253216873,8.295085750588925,-13.256765529547785,-5.380222269565735,6,1,0,0,0,SAFE
2026-07-21T12:44:04.382284,0.26783158715713595,0.23338055212047631,8.732943044778551,-11.824336435168112,-4.945774199469412,6,1,0,0,0,SAFE
2026-07-21T12:44:04.464442,0.2637183718758362,0.2273219253216873,9.698675883551857,-11.121094173287283,-4.261035859221636,6,1,0,0,0,SAFE
2026-07-21T12:44:04.547236,0.3019073572283006,0.2268621631307206,-3.417726942850038,-3.8060031397209975,-3.1270356883986814,6,1,0,0,0,SAFE
2026-07-21T12:44:04.630335,0.2561636025092936,0.2270295497340427,-5.493302212572047,-1.0764543290661577,-4.0772835963000285,6,1,0,0,0,SAFE
2026-07-21T12:44:04.714095,0.23755388688583343,0.24429125545384883,-19.894909521492536,-2.605356819180314,-4.144046896535674,6,1,0,0,0,SAFE
2026-07-21T12:44:04.798117,0.19008096823722315,0.22641564642007453,-27.723605933473067,1.7078341087466429,-4.927206385803306,6,1,0,0,0,SAFE
2026-07-21T12:44:04.873611,0.16229617234630891,0.23993031839124782,-38.356101315364015,-0.4015570223731486,-4.291118570893095,6,1,0,0,0,SAFE
2026-07-21T12:44:04.955972,0.13191466272962818,0.22931682645752738,-45.32610712561865,-0.9678758923491239,-3.7730451014762947,6,1,0,0,0,SAFE
2026-07-21T12:44:05.035739,0.12791574493785318,0.24476116404253137,-46.93338285523387,-2.30378156670343,-3.327849091780357,6,1,0,0,0,SAFE
2026-07-21T12:44:05.117160,0.17422473486068465,0.22980401305482465,-48.69196831570895,-1.473550406208671,-1.9669987314347164,6,1,0,0,0,SAFE
2026-07-21T12:44:05.196644,0.14992945590585846,0.23472016337237642,-47.407889825611534,-1.366375093080509,-1.9935971602805707,6,1,0,0,0,SAFE
2026-07-21T12:44:05.277264,0.15463502713446742,0.22911695050019235,-46.958658027141695,-1.0868353128920747,-1.1479095977207119,6,1,0,0,0,SAFE
2026-07-21T12:44:05.359545,0.1576177853675122,0.22360679774997896,-46.76616477051638,-0.05416103175743933,-1.2818553158078982,6,1,0,0,0,SAFE
2026-07-21T12:44:05.445696,0.15729128847003498,0.22335370565104642,-42.9116951778235,-2.5302648547479896,-0.5514169864481284,6,1,0,0,0,SAFE
2026-07-21T12:44:05.530596,0.1559644233724066,0.22846554332652066,-43.17556830098806,-1.4697705422727145,-1.5937324224199176,6,1,0,0,0,SAFE
2026-07-21T12:44:05.613477,0.1342065941515923,0.23336736122129598,-42.7168906100984,-0.27145084104530254,-2.027721058177097,6,1,0,0,0,SAFE
2026-07-21T12:44:05.700396,0.1342065941515923,0.23916314201896605,-42.61555593166776,-0.48406820884057233,-2.047040815833072,6,1,0,0,0,SAFE
2026-07-21T12:44:05.776501,0.17276713830490437,0.22830383594988932,-35.163863596535435,-2.3919917191831783,-1.7458516934917294,6,1,0,0,0,SAFE
2026-07-21T12:44:05.860150,0.17092497606300494,0.23916314201896605,-34.52016742573869,-1.0773141062258564,-2.431018710601784,6,1,0,0,0,SAFE
2026-07-21T12:44:05.949097,0.22459609581457457,0.2174574345683693,-32.41104975420063,-0.915807950314014,-2.1503039891814146,7,1,0,0,0,SAFE
2026-07-21T12:44:06.028849,0.18221272651176684,0.22921565646074582,-32.745495504835446,-0.1311187628421226,-2.3160069438977997,7,1,0,0,0,SAFE
2026-07-21T12:44:06.118528,0.18322714571297766,0.23072657077611847,-31.169162874746632,0.28475641185706524,-1.8382810032495642,7,1,0,0,0,SAFE
2026-07-21T12:44:06.199928,0.18795322732422565,0.23017125901512847,-28.635561525076696,-0.29810374436479353,-1.5130852025469086,7,1,0,0,0,SAFE
2026-07-21T12:44:06.293440,0.19958526145599337,0.22321428571428573,-29.264416969465856,1.1450516556562025,-0.06409215181510866,7,1,0,1,0,DROWSY
2026-07-21T12:44:06.392193,0.2244447192863777,0.22321428571428573,-25.359475634345216,-0.40219965669125635,0.8843760215675176,8,1,0,1,1,DROWSY
2026-07-21T12:44:06.475774,0.22057148946741553,0.2263748033713635,-24.774077280638465,0.08805125113584764,1.113199344131803,8,1,0,1,1,DROWSY
2026-07-21T12:44:06.557911,0.2758844025768837,0.23333333333333334,-21.30495270794944,2.466529763143518,0.7151829635754755,8,1,0,0,1,DISTRACTED
2026-07-21T12:44:06.639027,0.23941534899569808,0.2230769230769231,-20.13758319607399,2.5434183964541948,0.14573655621057507,8,1,0,0,1,DISTRACTED
2026-07-21T12:44:06.723488,0.23381421420798948,0.2539819815321297,-16.9443761642045,0.29601612463747584,1.420048568810871,8,1,0,0,0,SAFE
2026-07-21T12:44:06.807637,0.23594194281389919,0.23278598470857137,-13.057495405622007,-3.0704045907806217,1.936946636196522,8,1,0,0,0,SAFE
2026-07-21T12:44:06.887746,0.25505514982565497,0.2318840579710145,-16.05175175978468,-4.4134171761078695,1.3244904176112517,8,1,0,0,0,SAFE
2026-07-21T12:44:06.969355,0.2783180268039047,0.2246376811594203,-14.2728934086592,-5.052077919536093,1.3655151669143997,8,1,0,0,0,SAFE
2026-07-21T12:44:07.048319,0.2504428766542516,0.2323943661971831,-15.435882452299012,-3.686108589888368,0.6881676976460458,8,1,0,0,0,SAFE
2026-07-21T12:44:07.126909,0.2602018971858041,0.22914456659750232,-16.863826954336446,-3.3941162979915216,0.030346752218359117,8,1,0,0,0,SAFE
2026-07-21T12:44:07.202657,0.25725590907952045,0.23204314973870202,-15.465673494386152,-2.7322240482339377,-0.1331299639769627,8,1,0,0,0,SAFE
2026-07-21T12:44:07.289263,0.26508733990456396,0.2254397615261194,-15.506002216512968,-2.7817079275986525,-0.0826749402285135,8,1,0,0,0,SAFE
2026-07-21T12:44:07.371122,0.25058947519895697,0.2254621210363679,-15.059106615973093,-4.593889169630808,0.21085165012610435,8,1,0,0,0,SAFE
2026-07-21T12:44:07.451446,0.25524092950443195,0.23608834134288118,-14.83695946416384,-3.9091144383492775,-0.14887862790495385,8,1,0,0,0,SAFE
2026-07-21T12:44:07.542557,0.25182614250140467,0.23285486545857237,-14.996566845735401,-3.6549934313283883,-0.10215448002785897,8,1,0,0,0,SAFE
2026-07-21T12:44:07.619628,0.24126653519135682,0.22858972558437662,-15.571371809636958,-3.5150930645585046,-0.6760278325555674,8,1,0,0,0,SAFE
2026-07-21T12:44:07.700618,0.2711078577659573,0.235307224837023,-13.449297893833432,-2.1967038030773294,-0.7495728136302042,8,1,0,0,0,SAFE
2026-07-21T12:44:07.784235,0.25548661429413766,0.22473092782303375,-19.24718184776728,-2.314766473215131,-0.9749724541916139,8,1,0,0,0,SAFE
2026-07-21T12:44:07.874856,0.2679157165863033,0.2240049405940841,-18.40024368794107,-2.0001210294283065,-1.140899151188702,8,1,0,0,0,SAFE
2026-07-21T12:44:07.959045,0.24692939004835499,0.23197654374033155,-19.73366812938417,-2.7407115341199195,-1.2847225252281935,8,1,0,0,0,SAFE
2026-07-21T12:44:08.042260,0.24740026402015258,0.22836001564900904,-20.24711669899665,-1.7641691398891552,-1.312782118836347,8,1,0,0,0,SAFE
2026-07-21T12:44:08.128136,0.22398401916801108,0.2254397615261194,-20.77433134245399,-3.3156304767602043,-0.7572985530536557,8,1,0,0,0,SAFE
2026-07-21T12:44:08.211268,0.24058619379923785,0.23241218408021555,-20.96572573270919,-2.218021921269148,-1.3901503787462144,8,1,0,0,0,SAFE
2026-07-21T12:44:08.295987,0.22322025894628614,0.23619352590963147,-21.387427049336793,-1.489871791738483,-1.5387490043316543,8,1,0,0,0,SAFE
2026-07-21T12:44:08.381082,0.23700672308755216,0.23896454701648087,-22.96471091291977,-2.0448395771896384,-1.2780964173318046,8,1,0,0,0,SAFE
2026-07-21T12:44:08.467784,0.2411979207169791,0.22535211267605634,-22.37551207452134,-2.338933642528279,-1.1213818035006184,8,1,0,0,0,SAFE
2026-07-21T12:44:08.544556,0.23714491351494538,0.2222222222222222,-22.557690224891445,-2.1903234545799597,-1.1342822593376067,8,1,0,0,0,SAFE
2026-07-21T12:44:08.633270,0.23394560488466817,0.2222222222222222,-22.40044123970111,-2.2490508652287877,-1.1023881693132607,8,1,0,0,0,SAFE
2026-07-21T12:44:08.715410,0.23737599466704348,0.23237131920290843,-22.22077066630547,-2.248722208435579,-1.1300466571378636,8,1,0,0,0,SAFE
2026-07-21T12:44:08.800686,0.22706234143721626,0.22914456659750232,-22.634397877511134,-2.3561972000646394,-1.2523659293678115,8,1,0,0,0,SAFE
2026-07-21T12:44:08.884995,0.23714491351494538,0.2222222222222222,-22.501846581026598,-2.3201835364998162,-1.127766687680192,8,1,0,0,0,SAFE
2026-07-21T12:44:08.968643,0.23066291466942185,0.22600619294508492,-22.578530385153385,-1.9501037015052534,-1.0738821383991783,8,1,0,0,0,SAFE
2026-07-21T12:44:09.054498,0.24079648808097176,0.23295860941305838,-22.382697796955682,-1.901071949501052,-1.0612789018315687,8,1,0,0,0,SAFE
2026-07-21T12:44:09.141464,0.23525950830202705,0.23497777612102272,-21.922867424505057,-2.3092917348754707,-0.7919112226349743,8,1,0,0,0,SAFE
2026-07-21T12:44:09.226130,0.2187893964115002,0.23867295401695066,-20.434819304786544,-2.979285873052839,-0.6425709763235699,8,1,0,0,0,SAFE
2026-07-21T12:44:09.308380,0.24566074673330135,0.22507699752572316,-20.83942702069814,-2.1291429853649895,-0.7602354589408923,8,1,0,0,0,SAFE
2026-07-21T12:44:09.396504,0.23762480731135155,0.23569023691702734,-20.784184506835203,-2.5464269763339225,-0.48059582051021027,8,1,0,0,0,SAFE
2026-07-21T12:44:09.480921,0.2279012049824875,0.2323943661971831,-20.794415572799068,-2.5793949845120663,-0.5043544151550199,8,1,0,0,0,SAFE
2026-07-21T12:44:09.580126,0.24238179960051293,0.23876017188531903,-20.032620327663096,-2.6024536269505694,-0.43270690214763036,8,1,0,1,1,DROWSY
2026-07-21T12:44:09.672256,0.23427041875551585,0.23876017188531903,-20.427207627873173,-2.6639648684479122,-0.2636300418223584,8,1,0,1,1,DROWSY
2026-07-21T12:44:09.763080,0.23442843570872257,0.22535211267605634,-20.510681916189128,-2.599502628383276,-0.17452610070261176,8,1,0,1,1,DROWSY
2026-07-21T12:44:09.846680,0.23708753072551964,0.22535211267605634,-20.781236728561083,-2.8437088289205605,-0.21823305173825022,8,1,0,1,1,DROWSY
2026-07-21T12:44:09.930774,0.24447569050765514,0.22535211267605634,-20.22322513812847,-3.2717785119336993,-0.06206650315785466,8,1,0,1,1,DROWSY
2026-07-21T12:44:10.016007,0.23744058595625878,0.2323943661971831,-19.225660916371623,-2.3447961015544894,-0.41296699857903757,8,1,0,1,0,DROWSY
2026-07-21T12:44:10.104155,0.23798514990496034,0.22535211267605634,-20.22537155309371,-2.4036667690511897,-0.2451694192770385,8,1,0,1,0,DROWSY
2026-07-21T12:44:10.184460,0.24786916338772313,0.22857142857142856,-19.951532477288936,-2.8751589606004,-0.3321216864229117,8,1,0,1,0,DROWSY
2026-07-21T12:44:10.270682,0.24106420735873613,0.21830985915492956,-20.808928885352998,-1.683842564528407,-0.7680764761272915,8,1,0,1,0,DROWSY
2026-07-21T12:44:10.356797,0.24551825764449764,0.22854810852560228,-21.886610613495918,-3.2334893646357274,0.15291686757437808,8,1,0,1,0,DROWSY
2026-07-21T12:44:10.437980,0.22676560157376718,0.2348856055244427,-19.86912315085513,-3.131788464078897,-0.36312747389379996,8,1,0,1,0,DROWSY
2026-07-21T12:44:10.514220,0.24929920159917557,0.2315300968740935,-20.989320487079965,-3.430865116565365,-0.0860359888902358,8,1,0,1,0,DROWSY
2026-07-21T12:44:10.600825,0.23051420308668896,0.2282691095941767,-21.363605546706623,-3.3492941545814654,-0.15664083235984186,8,1,0,1,0,DROWSY
2026-07-21T12:44:10.688557,0.2285430935449289,0.2282691095941767,-21.00547313750826,-3.480285488187624,-0.2339087647694327,8,1,0,1,0,DROWSY
2026-07-21T12:44:10.774662,0.23063944104373868,0.23250437455749468,-20.784489916771435,-2.36035687852247,-0.6915856874885958,8,1,0,1,0,DROWSY
2026-07-21T12:44:10.855787,0.21362187314355532,0.2254397615261194,-20.104725051651428,-1.7682538430623354,-1.0387510517601812,8,1,0,1,0,DROWSY
2026-07-21T12:44:10.934381,0.21682155610938558,0.2297481857069255,-20.655053600384605,-0.9185062279300226,-1.5753871520222595,8,1,0,1,0,DROWSY
2026-07-21T12:44:11.016975,0.19397073401799286,0.22002277050718924,-18.590913892015664,-0.2825378151758587,-1.8724412392248453,8,1,0,1,0,DROWSY
2026-07-21T12:44:11.109604,0.20375811992565757,0.22658349034575886,-17.94231346258786,-0.7786434656841459,-1.7882455893433986,8,1,0,1,0,DROWSY
2026-07-21T12:44:11.189227,0.20796968092726825,0.2266841002216577,-16.432408192285408,-1.1712607173178688,-1.7174262103802174,8,1,0,1,0,DROWSY
2026-07-21T12:44:11.275335,0.20725892326419038,0.2266841002216577,-15.750424770313003,-1.4331354030037877,-1.8865398336958097,8,1,0,1,0,DROWSY
2026-07-21T12:44:11.358929,0.2206013711998242,0.22009087420667559,-14.138159280737113,-1.6964706403875254,-1.7873745766535307,8,1,0,1,0,DROWSY
2026-07-21T12:44:11.442529,0.24070547006933257,0.21992511714899607,-12.993540969953926,-1.3136280241922262,-1.443601013738735,8,1,0,1,0,DROWSY
2026-07-21T12:44:11.530230,0.23719295272734328,0.23033994766956373,-12.41036482981886,-0.4901378515875513,-1.390527719930892,8,1,0,1,0,DROWSY
2026-07-21T12:44:11.612369,0.24434137543726292,0.2297481857069255,-12.420695107110248,0.32889742761551255,-1.774725699968953,8,1,0,1,0,DROWSY
2026-07-21T12:44:11.691307,0.25043812480726024,0.22974517778471104,-12.174700403030755,-1.6757544423264412,-1.2796310670470272,8,1,0,0,0,SAFE
2026-07-21T12:44:11.775130,0.24442093362060693,0.23619352590963147,-12.739041257229587,-1.8605822583568035,-1.2052650267181355,8,1,0,0,0,SAFE
2026-07-21T12:44:11.862389,0.24431324817075134,0.23612522569347225,-12.090480779625238,-1.858527279133875,-1.1302987278890124,8,1,0,0,0,SAFE
2026-07-21T12:44:11.946036,0.24798839675324863,0.23612522569347225,-11.046999607766622,-1.6859951412850445,-1.043709119984839,8,1,0,0,0,SAFE
2026-07-21T12:44:12.032567,0.28264743530471576,0.23247798495064348,-11.135851389582001,-1.92782095702086,-0.9159275387023452,8,1,0,0,0,SAFE
2026-07-21T12:44:12.114171,0.2672379047427468,0.2286596770499558,-11.218178936564186,-0.9166182882014211,-1.333516920374456,8,1,0,0,0,SAFE
2026-07-21T12:44:12.199549,0.2799312892508237,0.22142857142857142,-12.558891760587159,-1.0360897411842067,-1.0956809804269634,8,1,0,0,0,SAFE
2026-07-21T12:44:12.283175,0.27385597110768223,0.23162164063669594,-12.276188179130543,-0.6475134111081317,-1.177343812376547,8,1,0,0,0,SAFE
2026-07-21T12:44:12.366503,0.2825174180160128,0.22858972558437662,-12.64432870758992,-1.7279341636233638,-1.2990535873614513,8,1,0,0,0,SAFE
2026-07-21T12:44:12.446934,0.2825174180160128,0.22858972558437662,-12.541375453837162,-0.8856514931053487,-1.4261791154080004,8,1,0,0,0,SAFE
2026-07-21T12:44:12.528510,0.29144632704422757,0.23248131665348026,-12.11535581407,-1.4051309772599205,-1.3214152009190867,8,1,0,0,0,SAFE
2026-07-21T12:44:12.611027,0.286279186620512,0.22526112460303876,-10.477231898068993,-1.3494077572249867,-1.4114198312584578,8,1,0,0,0,SAFE
2026-07-21T12:44:12.693582,0.3110644419973235,0.22537272288811258,-10.80916597340564,-3.148213550363777,-0.5879276340653133,8,1,0,0,0,SAFE
2026-07-21T12:44:12.773605,0.3047383554161241,0.2222449765614172,-9.987040943743068,-2.686622699944625,-0.7766975616643258,8,1,0,0,0,SAFE
2026-07-21T12:44:12.857207,0.3024021251910297,0.22604633055852166,5.9762610266318745,-21.678821573683827,-4.311581154786353,8,1,0,0,0,SAFE
2026-07-21T12:44:12.936306,0.3247070643666835,0.23247798495064348,-9.835536634627232,-1.7329411840073339,-1.4221076328441793,8,1,0,0,0,SAFE
2026-07-21T12:44:13.018487,0.2915368639047829,0.22246280064302956,-9.61253940896006,-1.9816673632218074,-1.5333734192814925,8,1,0,0,0,SAFE
2026-07-21T12:44:13.103511,0.29660614133608676,0.22454239513227797,-11.140658784632876,-2.0322621674597063,-1.9661769233741202,8,1,0,0,0,SAFE
2026-07-21T12:44:13.181561,0.286466632261556,0.2248922406757124,-10.799515202824068,-3.73501026933322,-1.3925177123395034,8,1,0,0,0,SAFE
2026-07-21T12:44:13.267571,0.2940979648040013,0.22501020147096018,-13.727980167501244,-1.9524032983117146,-1.0530682618653304,8,1,0,0,0,SAFE
2026-07-21T12:44:13.347234,0.2959762276434952,0.22537272288811258,-18.134192953429988,-1.6887732143702263,-1.1632446186412637,8,1,0,0,0,SAFE
2026-07-21T12:44:13.434093,0.28475603406573596,0.23482679052930405,-18.608710505614084,0.5108135895848362,-2.324526728967221,8,1,0,0,0,SAFE
2026-07-21T12:44:13.514609,0.2742053697464349,0.23612522569347225,-22.032983835974477,-0.8282463517104075,-1.9428801871837778,8,1,0,0,0,SAFE
2026-07-21T12:44:13.600693,0.2768886878076451,0.2317867094957037,-22.20905304840676,-1.3006386505057184,-1.6695001622357002,8,1,0,0,0,SAFE
2026-07-21T12:44:13.686305,0.29419285044143606,0.21920282415466807,-22.82850405757233,-1.3882743137437672,-1.4184787498196878,8,1,0,0,0,SAFE
2026-07-21T12:44:13.769899,0.29249650258164517,0.22773605255631676,-20.684759796943183,-1.057257037647668,-1.6840607723831647,8,1,0,0,0,SAFE
2026-07-21T12:44:13.849506,0.2941467558009885,0.22537626832243815,-21.293382169869687,-1.256380233773541,-1.5836074089564403,8,1,0,0,0,SAFE
2026-07-21T12:44:13.938634,0.2913586822575444,0.21736847751893473,-20.522705785194233,-2.4730592045961193,-1.333407232930065,8,1,0,0,0,SAFE
2026-07-21T12:44:14.025263,0.28055067613052986,0.21538975582320588,-20.05193028533705,-2.277805735242683,-1.398967210085558,8,1,0,0,0,SAFE
2026-07-21T12:44:14.105527,0.28127227438746627,0.23197654374033155,-18.60618567301023,-3.521776994974518,-1.2719809271842417,8,1,0,0,0,SAFE
2026-07-21T12:44:14.193157,0.28416124088426153,0.23155078304854826,-19.753863867924906,-2.221933261011289,-1.4306883309795904,8,1,0,0,0,SAFE
2026-07-21T12:44:14.273496,0.2908972559903036,0.22526275814729532,-17.810408530365123,-3.201418945033144,-1.2250862123847985,8,1,0,0,0,SAFE
2026-07-21T12:44:14.354489,0.2971236211648418,0.23185970935353037,-18.572363415329676,-1.7898319124878952,-1.2947365585744997,8,1,0,0,0,SAFE
2026-07-21T12:44:14.440118,0.2943186532945501,0.22854810852560228,-19.177133536309128,-2.513804619655317,-1.052357298984811,8,1,0,0,0,SAFE
2026-07-21T12:44:14.528771,0.2941467558009885,0.22824647170949822,-19.6005203724865,-2.965258789598483,-0.8600939994205592,8,1,0,0,0,SAFE
2026-07-21T12:44:14.611425,0.290626994532846,0.23580180544138085,-19.189315955237646,-3.4434450481492007,-0.8308030160216424,8,1,0,0,0,SAFE
2026-07-21T12:44:14.692602,0.2941505483696308,0.23185970935353037,-16.55442098302791,-4.227151319309428,-0.8437158975930998,8,1,0,0,0,SAFE
2026-07-21T12:44:14.775685,0.2869559089542522,0.2174892042583278,-15.998106264279414,-3.722516816879155,-1.28597867217725,8,1,0,0,0,SAFE
2026-07-21T12:44:14.857279,0.2830887179853693,0.22473482017562563,-16.587759100701305,-4.374657080028069,-0.8194362344500612,8,1,0,0,0,SAFE
2026-07-21T12:44:14.940623,0.2870928039157682,0.22854810852560228,-17.201111563668462,-3.5694613870957954,-1.0550481802312779,8,1,0,0,0,SAFE
2026-07-21T12:44:15.022197,0.2980875329760672,0.22854810852560228,-17.011474094330367,-3.4154113152503296,-1.0932553722474407,8,1,0,0,0,SAFE
2026-07-21T12:44:15.111032,0.29723369560062424,0.22152114580133264,-16.837716725246224,-3.145642119617062,-1.0904877139867934,8,1,0,0,0,SAFE
2026-07-21T12:44:15.188122,0.2834182930966817,0.22466017242604788,-17.560478760334234,-2.50220719205417,-1.4313971670898453,8,1,0,0,0,SAFE
2026-07-21T12:44:15.273515,0.28747679993455666,0.23486690112290032,-16.853363635095207,-2.6361290715290098,-1.282013126775983,8,1,0,0,0,SAFE
2026-07-21T12:44:15.361111,0.3039962575935766,0.2360639461944148,-19.17827356900085,-1.2169559962946883,-1.8372334531289238,8,1,0,0,0,SAFE
2026-07-21T12:44:15.439616,0.2886114230314758,0.22152114580133264,-20.2926867848131,-1.8486634929979824,-1.2869155659009464,8,1,0,0,0,SAFE
2026-07-21T12:44:15.525515,0.2813206201070252,0.2246376811594203,-20.096839304346048,-3.3301501932773054,-1.0739581237861724,8,1,0,0,0,SAFE
2026-07-21T12:44:15.607241,0.28415643823952474,0.2323022193393983,-20.530837582389495,-2.7575857029338144,-1.1465350394334155,8,1,0,0,0,SAFE
2026-07-21T12:44:15.692241,0.28451072225143925,0.23162164063669594,-19.674922638771278,-3.259267161982607,-1.1961629221531125,8,1,0,0,0,SAFE
2026-07-21T12:44:15.776837,0.2806201010160665,0.23531136311530346,-20.523630319725015,-2.5475516901047093,-1.333550963232891,8,1,0,0,0,SAFE
2026-07-21T12:44:15.857033,0.2733292980916159,0.2323943661971831,-20.786362276551728,-2.1888249867642684,-1.3811795769993398,8,1,0,0,0,SAFE
2026-07-21T12:44:15.937008,0.28451072225143925,0.23237131920290843,-21.190506306567954,-2.508955406066156,-1.3167227272587332,8,1,0,0,0,SAFE
2026-07-21T12:44:16.022491,0.2707078203568397,0.23237131920290843,-20.48022508470123,-2.5654548116863998,-1.4562036467046242,8,1,0,0,0,SAFE
2026-07-21T12:44:16.106038,0.2707078203568397,0.2182882089481867,-20.813156727668655,-3.121272312258676,-1.1690243801871887,8,1,0,0,0,SAFE
2026-07-21T12:44:16.190255,0.26414848154451764,0.2182882089481867,-21.07980392417474,-3.1859712402521803,-1.1439462521181656,8,1,0,0,0,SAFE
2026-07-21T12:44:16.274514,0.26058847329771156,0.2184017528876975,-21.36806633370864,-2.536430828812824,-1.1396108819311475,8,1,0,0,0,SAFE
2026-07-21T12:44:16.358116,0.2570328023401548,0.22859332162674223,-20.856434489697506,-3.1737720028443666,-1.1409504433965276,8,1,0,0,0,SAFE
2026-07-21T12:44:16.440350,0.2674045400243965,0.2184017528876975,-21.59664406044996,-2.6232236603693218,-0.998994595130692,8,1,0,0,0,SAFE
2026-07-21T12:44:16.522983,0.2657567684001656,0.23572966905909587,-20.46774713203476,-2.955896407064542,-1.3223761572361201,8,1,0,0,0,SAFE
2026-07-21T12:44:16.609408,0.2643618657994424,0.2286632741927577,-21.27852500246243,-2.554636257890927,-1.283024168634595,8,1,0,0,0,SAFE
2026-07-21T12:44:16.695132,0.25206494923536316,0.22858972558437662,-20.831895375309273,-2.8651688005450504,-1.355821321191367,8,1,0,0,0,SAFE
2026-07-21T12:44:16.777578,0.2542523770024315,0.21833680713033518,-20.647151064623387,-2.2939736583612604,-1.4508880417229169,8,1,0,0,0,SAFE
2026-07-21T12:44:16.867350,0.2779637427919901,0.22152114580133264,-20.78000246166758,-3.0188576581572746,-1.187806266726205,8,1,0,0,0,SAFE
2026-07-21T12:44:16.953915,0.2714118428942972,0.22537626832243815,-20.12329386864951,-3.433311881301455,-1.2300404378780851,8,1,0,0,0,SAFE
2026-07-21T12:44:17.038542,0.27100414442343135,0.23162164063669594,-20.489994711631567,-2.1406469213059722,-1.3083373569411552,8,1,0,0,0,SAFE
2026-07-21T12:44:17.120929,0.2703883929382911,0.2286632741927577,-21.380456266958788,-2.9402218677822463,-1.0309256831911566,8,1,0,0,0,SAFE
2026-07-21T12:44:17.204523,0.2702135568370296,0.23150647496954047,-21.358287252755645,-2.3954185642628922,-0.9891853538413664,8,1,0,0,0,SAFE
2026-07-21T12:44:17.302639,0.2710090648616751,0.23162164063669594,-20.62137812382815,-3.3476479221039726,-1.018814754865725,8,1,0,0,1,DISTRACTED
2026-07-21T12:44:17.383499,0.27371391710645904,0.23197654374033155,-20.812629913650852,-3.0410013018504496,-1.0636994815764336,8,1,0,0,1,DISTRACTED
2026-07-21T12:44:17.462605,0.2839960666672058,0.23155078304854826,-20.261115515269495,-3.0663733957954005,-1.3275158771283289,8,1,0,0,1,DISTRACTED
2026-07-21T12:44:17.547202,0.27632823428794473,0.2319035070977886,-20.058114027537243,-2.7840868861752632,-1.2533441164854209,8,1,0,0,1,DISTRACTED
2026-07-21T12:44:17.627026,0.27760453834183185,0.22466017242604788,-19.955406178944912,-2.635103772468083,-1.313586795887022,8,1,0,0,0,SAFE
2026-07-21T12:44:17.704618,0.2938098813752008,0.2282921086200063,-19.43175869581762,-2.4968043124497883,-1.29170931582608,8,1,0,0,0,SAFE
2026-07-21T12:44:17.794073,0.2884594802737584,0.22537272288811258,-20.405451555274084,-2.029600877063576,-1.3573834466064794,8,1,0,0,0,SAFE
2026-07-21T12:44:17.882524,0.28739221652450375,0.221453378152023,-19.795911169087873,-2.0560571194459962,-1.689271860539942,8,1,0,0,0,SAFE
2026-07-21T12:44:17.964262,0.2584674083593006,0.22859332162674223,-21.26445724179709,-2.099387878632995,-1.6182341728332859,8,1,0,0,0,SAFE
2026-07-21T12:44:18.054690,0.2609953952363122,0.22461409343623254,-21.274748492274227,-2.5751678525464836,-1.2814418644975754,8,1,0,0,0,SAFE
2026-07-21T12:44:18.142290,0.2546706603952902,0.23497777612102272,-20.858103870795247,-3.0127074326510304,-1.1878085060205041,8,1,0,0,0,SAFE
2026-07-21T12:44:18.223527,0.24722525258667155,0.22473482017562563,-21.118392127802792,-3.2589085179014705,-1.0943163754693277,8,1,0,0,0,SAFE
2026-07-21T12:44:18.306613,0.2543086660283789,0.23155078304854826,-21.383734866123604,-3.0150399923750206,-1.3504013716971581,8,1,0,0,0,SAFE
2026-07-21T12:44:18.387699,0.2541219409234686,0.23197654374033155,-22.037732604316034,-2.7293846899283545,-1.2382667188209036,8,1,0,0,0,SAFE
2026-07-21T12:44:18.471682,0.24663258036000654,0.2286632741927577,-22.34964144771834,-3.512837569217112,-1.2295074976910894,8,1,0,0,0,SAFE
2026-07-21T12:44:18.555789,0.2440158668721663,0.23497777612102272,-20.97162552962405,-3.2285032163766334,-1.3022697081409749,8,1,0,0,0,SAFE
2026-07-21T12:44:18.636421,0.23716235510402728,0.23197654374033155,-21.215561178850976,-3.1842080836364484,-1.2103645461612442,8,1,0,0,0,SAFE
2026-07-21T12:44:18.719038,0.2440158668721663,0.22473482017562563,-20.61107545097883,-3.689358817917054,-0.9407625735054819,8,1,0,0,0,SAFE
2026-07-21T12:44:18.810526,0.2578301600467485,0.21751204376527006,-20.605544509826387,-3.768626363807984,-0.9980477022529614,8,1,0,0,0,SAFE
2026-07-21T12:44:18.898413,0.25151129577827297,0.22454337482396297,-20.285489189750677,-3.1237604317691567,-1.2303349351163368,8,1,0,0,0,SAFE
2026-07-21T12:44:18.986637,0.26153825954545173,0.2174892042583278,-20.011508599803108,-3.913520625200157,-0.9114795461980724,8,1,0,0,0,SAFE
2026-07-21T12:44:19.066747,0.2610618216272883,0.22154374884672604,-19.76565338102091,-2.972013071848971,-1.228517523050105,8,1,0,0,0,SAFE
2026-07-21T12:44:19.151114,0.26651558109659074,0.22859332162674223,-19.52367356050891,-2.960739124724552,-1.4768821854939425,8,1,0,0,0,SAFE
2026-07-21T12:44:19.239133,0.24747496682189585,0.23525382360054317,-19.09469736087601,-2.826248484203111,-1.4630595329647544,8,1,0,0,0,SAFE
2026-07-21T12:44:19.325576,0.25760894099969767,0.22473092782303375,-19.874612572597528,-2.2794379974926167,-1.4500068837009643,8,1,0,0,0,SAFE
2026-07-21T12:44:19.417586,0.26091802844204093,0.23155078304854826,-20.38960200109821,-3.425465948840513,-1.268829142985044,8,1,0,0,0,SAFE
2026-07-21T12:44:19.504632,0.2571178268158879,0.23100948342882302,-19.681249399585283,-2.310354995221664,-1.6584831691146944,8,1,0,0,0,SAFE
2026-07-21T12:44:19.587002,0.26068773432395453,0.2174892042583278,-19.76885152418879,-2.090020490374135,-1.641906048640455,8,1,0,0,0,SAFE
2026-07-21T12:44:19.673519,0.24363183485345058,0.23155078304854826,-20.654751235742992,-3.2937848305011994,-1.34190263413001,8,1,0,0,0,SAFE
2026-07-21T12:44:19.756614,0.24101837257004755,0.23572966905909587,-20.351788079976245,-3.175908279811667,-1.3572205581187482,8,1,0,0,0,SAFE
2026-07-21T12:44:19.837197,0.24772810762160946,0.23572966905909587,-20.573773345828016,-3.3599650854517766,-1.3496488089303091,8,1,0,0,0,SAFE
2026-07-21T12:44:19.920546,0.2378092172537492,0.22836001564900904,-21.040818568768998,-3.5645057629250503,-1.3039957804442006,8,1,0,0,0,SAFE
2026-07-21T12:44:20.003223,0.23431783418150792,0.23197654374033155,-20.93482429676891,-3.9847254256554536,-1.1687326598347105,8,1,0,0,0,SAFE
2026-07-21T12:44:20.083598,0.23041569582467003,0.22544330801505832,-21.29041912820074,-3.795550501530474,-1.19961278834506,8,1,0,0,0,SAFE
2026-07-21T12:44:20.158788,0.23369213504626474,0.22544330801505832,-22.026740311743197,-3.7129321944910436,-1.1152571704767682,8,1,0,0,0,SAFE
2026-07-21T12:44:20.238586,0.23692209980188866,0.22859332162674223,-20.977024959903787,-4.138991599499039,-1.3565366028473904,8,1,0,0,0,SAFE
2026-07-21T12:44:20.325214,0.24030601031334303,0.2286632741927577,-21.191906435352138,-3.8279771206291824,-1.2736693007521211,8,1,0,0,0,SAFE
2026-07-21T12:44:20.411558,0.23647740159975617,0.22532976407554756,-21.82791927017766,-3.6274766778818313,-1.3915466831871275,8,1,0,0,0,SAFE
2026-07-21T12:44:20.499572,0.2403641581546569,0.2282921086200063,-21.50382463739203,-3.4317542207424405,-1.5328038007987232,8,1,0,0,0,SAFE
2026-07-21T12:44:20.585565,0.23785763912912392,0.23162164063669594,-22.103874905627436,-3.858132023374958,-1.2558099483406848,8,1,0,0,0,SAFE
2026-07-21T12:44:20.663078,0.2382513714882022,0.2286632741927577,-21.844463198763776,-3.62536973723175,-1.4602846138687116,8,1,0,0,0,SAFE
2026-07-21T12:44:20.743539,0.24412931078525807,0.22133824771629668,-21.906805935785314,-3.895270712809902,-1.3607008788603032,8,1,0,0,0,SAFE
2026-07-21T12:44:20.832237,0.25065171684670357,0.22461409343623254,-21.375176095525177,-4.067576323204553,-1.4455130567258516,8,1,0,0,0,SAFE
2026-07-21T12:44:20.915329,0.2516234525388356,0.22466017242604788,-21.174542413502223,-3.766712692698308,-1.531317834976989,8,1,0,0,0,SAFE
2026-07-21T12:44:20.990552,0.23524533086769578,0.2352686790700185,-20.777474154778446,-4.324432720943135,-1.37542964910661,8,1,0,0,0,SAFE
2026-07-21T12:44:21.078151,0.23347025055718895,0.22461409343623254,-20.482071893965383,-3.0494955804070307,-1.6473805281438478,8,1,0,0,0,SAFE
2026-07-21T12:44:21.164061,0.24729753138831245,0.2319035070977886,-19.922959059478103,-3.1159409763584893,-1.78835351973427,8,1,0,0,0,SAFE
2026-07-21T12:44:21.248002,0.24150943779869957,0.22859332162674223,-20.27403502533852,-2.80993974429007,-1.7692059045666229,8,1,0,0,0,SAFE
2026-07-21T12:44:21.337044,0.25448367746185996,0.22859332162674223,-20.85444325799321,-1.6462489370647055,-1.9002617018255594,8,1,0,0,0,SAFE
2026-07-21T12:44:21.419680,0.2539209340754487,0.23197654374033155,-21.172101350596506,-1.4557197002221376,-2.0085482863706643,8,1,0,0,0,SAFE
2026-07-21T12:44:21.501278,0.2509314903972871,0.23490379455563093,-20.2166833939024,-1.8193663814391607,-2.003607095471458,8,1,0,0,0,SAFE
2026-07-21T12:44:21.586462,0.25666044500850826,0.22466017242604788,-20.466169095048542,-1.5009959438715637,-1.9646166007688903,8,1,0,0,0,SAFE
2026-07-21T12:44:21.666550,0.2633726696062606,0.23566609866931598,-19.48519746641196,-1.7080196812810944,-1.8756134682778927,8,1,0,0,0,SAFE
2026-07-21T12:44:21.753564,0.2768415662146443,0.2319035070977886,-19.414722094130553,-2.521993704862776,-1.5595375844449146,8,1,0,0,0,SAFE
2026-07-21T12:44:21.839663,0.2751571848333958,0.23197654374033155,-19.42352891837953,-2.847684302760821,-1.4746447786929868,8,1,0,0,0,SAFE
2026-07-21T12:44:21.925574,0.2640053416654503,0.2319035070977886,-19.729961087626123,-2.697667330608593,-1.5591276529748779,8,1,0,0,0,SAFE
2026-07-21T12:44:22.013346,0.2705109559620278,0.22473092782303375,-20.64833276114038,-1.9389135709087701,-1.493613733879771,8,1,0,0,0,SAFE
2026-07-21T12:44:22.103167,0.2673376800428935,0.22473092782303375,-20.492868437003523,-2.2349493864129455,-1.44777579288808,8,1,0,0,0,SAFE
2026-07-21T12:44:22.185633,0.27404562127401166,0.22859332162674223,-20.33992966015913,-2.423056475437711,-1.5844565596198292,8,1,0,0,0,SAFE
2026-07-21T12:44:22.266291,0.27404562127401166,0.22859332162674223,-20.280221661423553,-2.3342733483287783,-1.6179884359282666,8,1,0,0,0,SAFE
2026-07-21T12:44:22.343393,0.27111895418161797,0.22466017242604788,-20.444337415804853,-2.759351497707144,-1.7162040139484704,8,1,0,0,0,SAFE
2026-07-21T12:44:22.423738,0.27126804970904983,0.22859332162674223,-21.388177534046804,-1.9859985441092645,-1.5816652890994622,8,1,0,0,0,SAFE
2026-07-21T12:44:22.510019,0.2643618657994424,0.22859332162674223,-20.372824182477956,-2.493730051426259,-1.5429722681336728,8,1,0,0,0,SAFE
2026-07-21T12:44:22.594519,0.27126804970904983,0.23521149650513862,-20.440967282367183,-1.6330546028005932,-2.123795446689474,8,1,0,0,0,SAFE
2026-07-21T12:44:22.678578,0.27750715910569124,0.22559053417400055,-22.87837976668027,-2.5857146064758765,-1.6878077482800153,8,1,0,0,0,SAFE
2026-07-21T12:44:22.764186,0.23693000771745243,0.2324654507456239,-22.496640920990018,-4.237346046033649,-1.6075341378922703,8,1,0,0,0,SAFE
2026-07-21T12:44:22.846951,0.24752162815883524,0.2219883919349076,-22.167352880643023,-3.751468370741602,-1.8323568367126426,8,1,0,0,0,SAFE
2026-07-21T12:44:22.925735,0.2424397715038362,0.2257924409270474,-22.196827459633568,-3.4710744940054363,-2.04492092226159,8,1,0,0,0,SAFE
2026-07-21T12:44:23.010824,0.24726362203697327,0.2292336731875946,-24.950291172227907,-3.488584624981913,-1.6240183099096537,8,1,0,0,0,SAFE
2026-07-21T12:44:23.097576,0.23755030951812361,0.22305646798442502,-23.779479924667868,-2.133918293493172,-2.119242800062805,8,1,0,0,0,SAFE
2026-07-21T12:44:23.180983,0.24757150328950933,0.23601152355094585,-23.54518991406286,-3.6991790839456287,-1.9035210200738186,8,1,0,0,0,SAFE
2026-07-21T12:44:23.263580,0.2372784275889545,0.22289223414042356,-23.806213974797515,-3.4274274408798404,-1.8958908359581417,8,1,0,0,0,SAFE
2026-07-21T12:44:23.349113,0.2343695437939846,0.2293881210334349,-24.329629771304667,-3.184559606123792,-1.9766515872693602,8,1,0,0,0,SAFE
2026-07-21T12:44:23.434517,0.22602640372920335,0.23932974643482632,-24.44042077853024,-3.0146480978227825,-1.8631425003360138,8,1,0,0,0,SAFE
2026-07-21T12:44:23.531535,0.2205712490946701,0.21822869283446125,-24.39773919826345,-3.869981691881356,-1.6943358888780675,8,1,0,0,1,DISTRACTED
2026-07-21T12:44:23.620088,0.22358413122539184,0.2219883919349076,-26.296529269616826,-2.816053183419216,-1.9986981332359428,8,1,0,0,1,DISTRACTED
2026-07-21T12:44:23.697172,0.23369213504626474,0.23557658601251266,-26.90299603394749,-3.2827983920744397,-1.9760922149272762,8,1,0,0,1,DISTRACTED
2026-07-21T12:44:23.778662,0.23943612892928742,0.23196163799282823,-24.40358875785168,-2.646270401795756,-2.5215125479344076,8,1,0,0,1,DISTRACTED
2026-07-21T12:44:23.860674,0.25526845128379616,0.23178193251166243,-23.075751267729203,-5.3271312193747695,-1.4330144057708962,8,1,0,0,1,DISTRACTED
2026-07-21T12:44:23.949776,0.28604243604926166,0.221453378152023,-24.05039843785883,-4.044869964368847,-1.529688141177032,8,1,0,0,1,DISTRACTED
2026-07-21T12:44:24.041599,0.2807663788269003,0.22134057014808958,-24.95125717330359,-3.23034359100469,-1.4910902747199728,8,1,0,0,1,DISTRACTED
2026-07-21T12:44:24.133442,0.30172663395195864,0.23262650962130346,-22.403211280181466,-5.024277332563864,-1.6097755889038907,8,1,0,0,1,DISTRACTED
2026-07-21T12:44:24.212537,0.3003731657123579,0.2324654507456239,-22.557159672157354,-4.781738941551997,-1.6528929627592592,8,1,0,0,1,DISTRACTED
2026-07-21T12:44:24.297147,0.28880847218507977,0.22212087874927167,-7.936292268811712,-19.357503621075107,-4.433629111834051,8,1,0,0,0,SAFE
2026-07-21T12:44:24.383398,0.28214319258311304,0.23262650962130346,-23.993006096698963,-3.7685841508064395,-2.2456835866899705,8,1,0,0,0,SAFE
2026-07-21T12:44:24.464058,0.302050129227725,0.23544178415332628,-22.917063102763223,-3.720338591176054,-2.4515826417461235,8,1,0,0,0,SAFE
2026-07-21T12:44:24.542514,0.3073725947962114,0.23196163799282823,-20.66743994347115,-4.79154848194876,-2.3025135291710757,8,1,0,0,0,SAFE
2026-07-21T12:44:24.625657,0.2824655906825855,0.23513323251537066,-23.236689151048836,-5.006293560230971,-2.2165293766244916,8,1,0,0,0,SAFE
2026-07-21T12:44:24.703238,0.2622187286318222,0.23889965048559786,-23.50290245856999,-4.544989846197813,-1.9043629166735478,8,1,0,0,0,SAFE
2026-07-21T12:44:24.782734,0.27532701851907265,0.23177828630868955,-23.41408681508358,-4.483915020204252,-2.291275748494966,8,1,0,0,0,SAFE
2026-07-21T12:44:24.867900,0.2677748176464943,0.22454239513227797,-25.093062631275842,-4.17586563964644,-1.684469969980488,8,1,0,0,0,SAFE
2026-07-21T12:44:24.950985,0.2898838753968337,0.22625115273496477,-10.907428452547009,-21.109156353501977,-3.948046746499557,8,1,0,0,0,SAFE
2026-07-21T12:44:25.034538,0.2906942578407946,0.23577565305262643,-23.998287060653297,-5.8154579172027185,-1.457367850911474,8,1,0,0,0,SAFE
2026-07-21T12:44:25.118120,0.30925861799803445,0.23245217198433174,-10.253297004790454,-22.555218193672843,-4.2201111992484925,8,1,0,0,0,SAFE
2026-07-21T12:44:25.199102,0.30583062183179854,0.23935676360052344,-23.74306011654224,-5.609626115177353,-1.2851813661441847,8,1,0,0,0,SAFE
2026-07-21T12:44:25.283448,0.30457639931629454,0.22864442923531234,-10.135627332281814,-21.482151372294116,-4.843772985174155,8,1,0,0,0,SAFE
2026-07-21T12:44:25.366073,0.2968144370950163,0.23196163799282823,-23.945931093133453,-6.885269331078707,-1.1320820756070724,8,1,0,0,0,SAFE
2026-07-21T12:44:25.450665,0.2935517380751741,0.22152753953625307,-26.51662199368087,-4.236346203291245,-3.1186457363930766,8,1,0,0,0,SAFE
2026-07-21T12:44:25.536067,0.27151904233641766,0.22069638998344338,-24.966693396319158,-5.62469963955109,-1.380521713666527,8,1,0,0,0,SAFE
2026-07-21T12:44:25.621158,0.29290963876863285,0.23544178415332628,-26.760376961232396,-3.1831302263657375,-2.4642757254429384,8,1,0,0,0,SAFE
2026-07-21T12:44:25.702566,0.2847625041623134,0.23904742063524353,-25.742079113273263,-4.596942178642535,-1.367215484437743,8,1,0,0,0,SAFE
2026-07-21T12:44:25.783717,0.20641585534228554,0.22543434665325254,-29.117895795158574,-3.6334004752116353,-2.109898672471314,8,1,0,0,0,SAFE
2026-07-21T12:44:25.863791,0.22653923709113977,0.2223130156402835,-31.182265306994992,-2.623631737834582,-2.3667767250864142,8,1,0,0,0,SAFE
2026-07-21T12:44:25.947043,0.23303002423535413,0.22955882634172844,-31.547974569012894,-2.6889929586658736,-2.2693798987082783,8,1,0,0,0,SAFE
2026-07-21T12:44:26.033404,0.2473228397665302,0.2292336731875946,-30.913106497488997,-3.306592775532594,-1.6705080036495783,8,1,0,0,0,SAFE
2026-07-21T12:44:26.119053,0.2536133231631671,0.2261029509627208,-31.585367521069344,-3.041294751527939,-1.7691361856008252,8,1,0,0,0,SAFE
2026-07-21T12:44:26.197028,0.22815573911427658,0.2359633148968706,-31.615391082767445,-3.583205349227005,-1.5913247325580935,8,1,0,0,0,SAFE
2026-07-21T12:44:26.286040,0.2437292291659301,0.22955882634172844,-32.173227948489114,-3.5083621845941364,-1.5547536629884373,8,1,0,0,0,SAFE
2026-07-21T12:44:26.366672,0.24058808387884426,0.2223130156402835,-31.447056291181724,-3.9672190373960303,-1.7758380016968678,8,1,0,0,0,SAFE
2026-07-21T12:44:26.444698,0.24312630938804264,0.23211722622113895,-27.873535712147543,-3.4643108707612664,-1.739120770662646,8,1,0,0,0,SAFE
2026-07-21T12:44:26.531298,0.22605020683203114,0.22865876335356716,-26.859600211889614,-3.231665807742643,-1.7729400800961495,8,1,0,0,0,SAFE
2026-07-21T12:44:26.611531,0.2577106888912774,0.2221122151043071,-19.930612416538082,-5.0227287164362755,-1.9912557930869805,8,1,0,0,0,SAFE
2026-07-21T12:44:26.695305,0.24149341037899996,0.23000167035143726,-20.192163012082005,-5.6571164044545625,-1.8254392838442133,8,1,0,0,0,SAFE
2026-07-21T12:44:26.783016,0.25033183153662025,0.23852257683513692,-18.791537064712912,-4.657110716231426,-2.4186325710714103,8,1,0,0,0,SAFE
2026-07-21T12:44:26.863093,0.09238210775313503,0.2239787527579668,-22.661331965087754,-2.4009899215689607,-2.175265686963958,8,1,0,0,0,SAFE
2026-07-21T12:44:26.950025,0.15444889868955952,0.2248922406757124,-20.865215646933052,-3.1472477128714145,-2.320951174226309,8,1,0,0,0,SAFE
2026-07-21T12:44:27.027630,0.2006706773051469,0.23262650962130346,-17.581541179335375,-2.086317016307902,-3.345279797903103,8,1,0,0,0,SAFE
2026-07-21T12:44:27.114054,0.21980390335829736,0.23886162901838398,-14.109985181524593,-3.8649449708475943,-3.01439923376512,8,1,0,0,0,SAFE
2026-07-21T12:44:27.193622,0.22595018524372415,0.2277536361634329,-12.452205304950922,-3.691266274280413,-2.827534883974154,8,1,0,0,0,SAFE
2026-07-21T12:44:27.277571,0.250352685029652,0.23172103076889877,-9.41183889891039,-4.371334969315392,-2.3410390683488362,8,1,0,0,0,SAFE
2026-07-21T12:44:27.362550,0.23656449626779286,0.2268515641469272,-12.567071217326514,-4.286093925488499,-2.272620026982872,8,1,0,0,0,SAFE
2026-07-21T12:44:27.448157,0.22158150995860837,0.23785972193991214,-12.097655030609161,-2.496499642858535,-3.690387722018238,8,1,0,0,0,SAFE
2026-07-21T12:44:27.523126,0.23240240026619124,0.2342217101914507,-7.850319480039673,-5.5684008651853585,-3.600418892405414,8,1,0,0,0,SAFE
2026-07-21T12:44:27.604073,0.23547109455307028,0.24531638959589883,-6.453059903769258,-6.628614081552814,-3.5528300067090326,8,1,0,0,0,SAFE
2026-07-21T12:44:27.688211,0.2624330214552615,0.2415137250594863,-11.37993881687396,-5.415525362592025,-2.4234268219956765,8,1,0,0,0,SAFE
2026-07-21T12:44:27.772562,0.24300436050616192,0.23725298928371732,-9.808454534367286,-9.542297985972679,-2.1230599595809143,8,1,0,0,0,SAFE
2026-07-21T12:44:27.853096,0.2497397589388607,0.23725298928371732,-9.720709485990255,-6.278370377195171,-2.9740472031770295,8,1,0,0,0,SAFE
2026-07-21T12:44:27.936090,0.24098214854019345,0.23226424664110829,-8.708273847661104,-9.94785694158762,-2.4824017274159016,8,1,0,0,0,SAFE
2026-07-21T12:44:28.020580,0.23850396363330922,0.22335836539261958,-7.576836242997501,-8.847672346478149,-2.8764043155321204,8,1,0,0,0,SAFE
2026-07-21T12:44:28.100788,0.24144289157013982,0.21683714770272464,-9.360236103078336,-9.260686071036394,-2.783694417293876,8,1,0,0,0,SAFE
2026-07-21T12:44:28.185886,0.237515123315659,0.24007724005855743,-9.493537309448925,-9.487815172249988,-2.6662503882145767,8,1,0,0,0,SAFE
2026-07-21T12:44:28.263088,0.24532530429501054,0.2359627948615301,-9.574639982527373,-8.34014478731707,-2.795046896716074,8,1,0,0,0,SAFE
2026-07-21T12:44:28.346623,0.23778448464280766,0.2362556825643124,-7.949409275842555,-8.363479570042898,-2.9292040659375456,8,1,0,0,0,SAFE
2026-07-21T12:44:28.428575,0.25859034674585735,0.2362556825643124,-7.622159394707069,-8.666527750100588,-3.0736185151918143,8,1,0,0,0,SAFE
2026-07-21T12:44:28.513739,0.2641504539282584,0.2268367972272031,-7.8381808671419435,-7.862063999505621,-3.027919640126519,8,1,0,0,0,SAFE
2026-07-21T12:44:28.593894,0.2435814208742499,0.22133452190798272,-7.620965612629277,-8.18089789291782,-2.776677475342017,8,1,0,0,0,SAFE
2026-07-21T12:44:28.683114,0.2598301602439218,0.23186350243340104,3.2010636498475264,-16.25552777831074,-4.707670842567268,8,1,0,0,0,SAFE
2026-07-21T12:44:28.759707,0.268082949178809,0.22264916252402472,3.642536647677389,-13.967758341084782,-4.252241255963725,8,1,0,0,0,SAFE
2026-07-21T12:44:28.838659,0.2542188929081208,0.23673783872901658,3.081743044404675,-17.175715416220555,-4.57481103225922,8,1,0,0,0,SAFE
2026-07-21T12:44:28.922782,0.2552771813835354,0.22238322195685692,2.8542272565290716,-15.838795517001245,-4.367519218982466,8,1,0,0,0,SAFE
2026-07-21T12:44:29.008569,0.23829480951977888,0.22238322195685692,-10.908301504039457,-4.8605993753239405,-2.402666233474245,8,1,0,0,0,SAFE
2026-07-21T12:44:29.088983,0.2542161706224273,0.21861311519018606,-12.217416289707842,-4.976737595056789,-2.185015899364169,8,1,0,0,0,SAFE
2026-07-21T12:44:29.174574,0.25908364196174394,0.22325787847773068,1.0260384491662364,-15.067218844138804,-3.9619409989098244,8,1,0,0,0,SAFE
2026-07-21T12:44:29.256558,0.24715780367905058,0.2313176024722115,-9.87127228021697,-5.476849612620288,-2.354156550077219,8,1,0,0,0,SAFE
2026-07-21T12:44:29.334210,0.2336459435821343,0.2369331508971514,-11.60575867594909,-5.046045011655335,-2.4769842486743756,8,1,0,0,0,SAFE
2026-07-21T12:44:29.414158,0.22466470008518713,0.2191702640994871,-14.236398451019198,-4.285427819912311,-2.4288302728879145,8,1,0,0,0,SAFE
2026-07-21T12:44:29.498611,0.22012282652250165,0.22335836539261958,-12.0111937869533,-2.2257346272111205,-2.82624675934215,8,1,0,0,0,SAFE
2026-07-21T12:44:29.578710,0.21300697154455933,0.23226424664110829,-10.05685892084773,5.406513522241684,-3.559406985578379,8,1,0,0,0,SAFE
2026-07-21T12:44:29.668206,0.24228116492537338,0.23080750965150437,-10.309383246337546,16.591950708392794,-4.356890512495414,8,1,0,0,0,SAFE
2026-07-21T12:44:29.758101,0.22657910138471238,0.22099530244034674,-9.936047655486817,22.641151979887695,-4.661166929192656,8,1,0,0,0,SAFE
2026-07-21T12:44:29.841397,0.24904922817392472,0.2354618863763383,-2.0839852721550187,37.2927323185109,1.8935879824941253,8,1,0,0,0,SAFE
2026-07-21T12:44:29.924524,0.26940075750361014,0.2354618863763383,-0.9821003491567524,37.55886256175686,2.2391858800769455,8,1,0,0,0,SAFE
2026-07-21T12:44:30.003525,0.25553920216638676,0.2342426884952669,-4.449688573005773,43.10533812248005,1.2208001203941876,8,1,0,0,0,SAFE
2026-07-21T12:44:30.086744,0.2708789620656179,0.22787035644994422,-6.049982855246469,43.654382570297436,1.2196204582977543,8,1,0,0,0,SAFE
2026-07-21T12:44:30.167610,0.2677957554857177,0.21895036531799858,-18.425267487302534,36.10460449347492,-7.840407731925705,8,1,0,0,0,SAFE
2026-07-21T12:44:30.251116,0.2615545969887466,0.24444444444444444,-18.423859114734256,36.16229914349665,-9.056096612397322,8,1,0,0,0,SAFE
2026-07-21T12:44:30.337744,0.2795989071253929,0.22826086956521738,-18.42949772774847,36.443439172273926,-8.79069569898809,8,1,0,0,0,SAFE
2026-07-21T12:44:30.421608,0.2887179708332477,0.22335370565104642,-5.397934705329931,45.13380421282542,1.2783169993228398,8,1,0,0,0,SAFE
2026-07-21T12:44:30.507772,0.2846317312650321,0.22911695050019235,-5.428035009652774,43.72066665416939,0.7749392026864825,8,1,0,0,0,SAFE
2026-07-21T12:44:30.589352,0.25084024272140204,0.22360679774997896,-3.6922710341452216,42.32374825347736,0.9880509022802926,8,1,0,0,0,SAFE
2026-07-21T12:44:30.670594,0.21214236166358125,0.2354618863763383,3.2285861098137616,29.03319600016239,0.7202021442172679,8,1,0,0,0,SAFE
2026-07-21T12:44:30.758568,0.21957682022362932,0.23004319445487847,-5.930133421952377,22.05141629347937,-4.835828725671767,8,1,0,0,0,SAFE
2026-07-21T12:44:30.840674,0.24559332443398307,0.22430159009579506,-10.63242163534818,-29.501025311369176,-0.1874753890527007,8,1,0,0,0,SAFE
2026-07-21T12:44:30.918770,0.22667337367005627,0.2304534840052444,-11.11167494990059,-27.382373199682256,-0.5127771793890843,8,1,0,0,0,SAFE
2026-07-21T12:44:30.999668,0.25217714085551524,0.2338821384818745,1.6495360969437627,-42.61227071665981,-8.679519391602923,8,1,0,0,0,SAFE
2026-07-21T12:44:31.081558,0.28365210590844536,0.2280021833654082,-12.689463067231486,-36.92958083251217,2.1478355471099495,8,1,0,0,0,SAFE
2026-07-21T12:44:31.164666,0.3164241197941292,0.22807850873865998,-13.825120446315736,-40.29886917158532,2.837488807299027,8,1,0,0,0,SAFE
2026-07-21T12:44:31.246252,0.30325635664132833,0.23634760745182956,-14.113847353829357,-39.68242852774397,2.6911569386391347,8,1,0,0,0,SAFE
2026-07-21T12:44:31.333645,0.27705196711429236,0.2304651352177946,-13.606570437520446,-39.32969677949678,3.5671518235189725,8,1,0,0,0,SAFE
2026-07-21T12:44:31.418724,0.262780880146995,0.21718612138153467,-13.688884525166145,-40.291809975610846,3.4250547998666634,8,1,0,0,0,SAFE
2026-07-21T12:44:31.506160,0.29714246906496844,0.2293279085347568,-14.505799451952925,-41.826230852519416,2.569981831231359,8,1,0,0,0,SAFE
2026-07-21T12:44:31.590483,0.3108715839973783,0.22957141015349952,-15.74678059256965,-40.18615134424547,3.119913022182146,8,1,0,0,0,SAFE
2026-07-21T12:44:31.677172,0.3733054014727713,0.221017258058659,2.423560517275888,-58.96847954509088,-13.259719775980727,8,1,0,0,0,SAFE
2026-07-21T12:44:31.763080,0.36778679194914843,0.22715419199977277,-15.316386714391626,-43.672766239712004,3.0441791524041317,8,1,0,0,0,SAFE
2026-07-21T12:44:31.850563,0.3850101458792702,0.22115325213893156,0.0894666377611486,-58.66085200855999,-11.69232389074881,8,1,0,0,0,SAFE
2026-07-21T12:44:31.935180,0.4073924279411742,0.22115325213893156,-19.710687010299438,-44.58203917607423,4.861348918992819,8,1,0,0,0,SAFE
2026-07-21T12:44:32.022786,0.3894992330577731,0.22443263324337812,-17.99962465167141,-44.09652264661365,3.2418754066836986,8,1,0,0,0,SAFE
2026-07-21T12:44:32.105413,0.3447203072465834,0.23377220244793476,-17.964101890961672,-44.03621829663017,3.9797630217243336,8,1,0,0,0,SAFE
2026-07-21T12:44:32.185006,0.347284660318978,0.22572563052789058,-18.95810676849399,-44.289360619246054,3.858394080690868,8,1,0,0,0,SAFE
2026-07-21T12:44:32.263586,0.34584216243063126,0.2128804249133696,-18.853233066016372,-44.6079335610516,4.086998227132999,8,1,0,0,0,SAFE
2026-07-21T12:44:32.349049,0.3595444630065029,0.22572563052789058,0.8888087648861926,-58.589040464895334,-13.479647594595207,8,1,0,0,0,SAFE
2026-07-21T12:44:32.441379,0.36474435798373606,0.2363164985124644,0.6440453942764464,-58.46389510214824,-12.976605998234362,8,1,0,0,0,SAFE
2026-07-21T12:44:32.532591,0.3624178959308174,0.22572563052789058,-18.749820526094595,-44.42832199962282,3.720345992004474,8,1,0,0,0,SAFE
2026-07-21T12:44:32.618766,0.34702099639997996,0.20480798012976012,0.5438204693859348,-57.96824105504251,-13.029132162383462,8,1,0,0,0,SAFE
2026-07-21T12:44:32.705562,0.3627593867392564,0.2336362201553206,-0.6497923086291735,-57.97439977873315,-11.502064447198052,8,1,0,0,0,SAFE
2026-07-21T12:44:32.786646,0.3906943821027402,0.23686903637463086,-0.09625335524228262,-58.496839775969846,-13.557161445779428,8,1,0,0,0,SAFE
2026-07-21T12:44:32.874753,0.3733188078355198,0.21929009128884744,-1.8634637504822251,-58.13119170859694,-11.793073919485039,8,1,0,0,0,SAFE
2026-07-21T12:44:32.964358,0.42821665239251616,0.2346044171446217,-1.587214729264275,-58.11597122749333,-12.829743504312148,8,1,0,0,0,SAFE
2026-07-21T12:44:33.045605,0.4092797593529459,0.22572563052789058,-0.6126633687612184,-59.44753081603445,-12.638069833361953,8,1,0,0,0,SAFE
2026-07-21T12:44:33.129777,0.38730368441519986,0.23346788822330306,-0.2157267896778876,-57.423277441943924,-13.286993983708356,8,1,0,0,0,SAFE
2026-07-21T12:44:33.215523,0.39025867936614955,0.2294691996394247,0.09428399408781729,-58.32931595520106,-12.941317529711085,8,1,0,0,0,SAFE
2026-07-21T12:44:33.301112,0.33020492580915595,0.22572563052789058,-18.297498445345553,-44.317303037060384,3.023382924097156,8,1,0,0,0,SAFE
2026-07-21T12:44:33.385649,0.35273882675728263,0.23190036174568118,0.9627234526882376,-57.802024106625545,-13.887582052641847,8,1,0,0,0,SAFE
2026-07-21T12:44:33.470223,0.36700765158754123,0.22715419199977277,-0.744347459631399,-57.507412322727916,-12.6066684333166,8,1,0,0,0,SAFE
2026-07-21T12:44:33.551597,0.3740057145104795,0.22063452540839876,-0.9547637461576528,-58.58502852509865,-12.976956402751,8,1,0,0,0,SAFE
2026-07-21T12:44:33.628055,0.4308682461753571,0.22153370219461802,-2.3859549234145163,-59.308012326169106,-12.461553087237888,8,1,0,0,0,SAFE
2026-07-21T12:44:33.702635,0.41312800800605665,0.23237252423839144,-1.5854498504925516,-59.15868699727369,-12.708447731940623,8,1,0,0,0,SAFE
2026-07-21T12:44:33.791268,0.3772838054625113,0.22946776551122525,-2.071471122058739,-58.938425583222795,-12.556391002612685,8,1,0,0,0,SAFE
2026-07-21T12:44:33.894057,0.4077709890988172,0.2525432979211397,-20.26629959272242,-44.73812486479582,3.940484845711061,8,1,0,0,1,DISTRACTED
2026-07-21T12:44:33.978141,0.3694737702458103,0.23329171436663218,-2.3488450611887686,-57.92700321610229,-12.423954439926888,8,1,0,0,1,DISTRACTED
2026-07-21T12:44:34.057266,0.4110900611034541,0.24230230501974057,-1.8731674087163697,-58.63592829948545,-12.450417948414184,8,1,0,0,1,DISTRACTED
2026-07-21T12:44:34.142662,0.3875162449030265,0.23426890390489594,-1.9359422024398327,-58.23705039891202,-12.725071874244719,8,1,0,0,1,DISTRACTED
2026-07-21T12:44:34.227788,0.38477258098608735,0.21810399097956956,-2.3370781679757613,-58.91250155346813,-12.214506544915679,8,1,0,0,1,DISTRACTED
2026-07-21T12:44:34.302645,0.4133102509975214,0.22599227035449038,-2.8348245475387728,-58.06391778920195,-11.663820725747428,8,1,0,0,1,DISTRACTED
2026-07-21T12:44:34.390115,0.3848975510698882,0.23925436241159692,-3.525533268701281,-58.89924210518591,-10.746509211391867,8,1,0,0,1,DISTRACTED
2026-07-21T12:44:34.470194,0.44996970185408625,0.25267960143609375,-20.772862668909085,-45.19489669564441,4.570103334818918,8,1,0,0,1,DISTRACTED
2026-07-21T12:44:34.555091,0.4188862596427445,0.23329171436663218,-1.9860386662168708,-58.86967936850271,-12.320371524141194,8,1,0,0,1,DISTRACTED
2026-07-21T12:44:34.640583,0.42670232232488686,0.24811833131440791,-4.837146848831196,-60.0465780522828,-10.676370330219527,8,1,0,0,1,DISTRACTED
2026-07-21T12:44:34.725181,0.43646647858985954,0.2350383054562907,-22.68171259273319,-45.25944953010893,5.1776315793357,8,1,0,0,1,DISTRACTED
2026-07-21T12:44:34.805918,0.4184754379957063,0.24185832441533836,-22.289936546448416,-45.50985838337109,4.959069400554746,8,1,0,0,1,DISTRACTED
2026-07-21T12:44:34.888991,0.4447105040922903,0.22829400965272742,-3.4680400750391414,-58.9380914136477,-12.06921184483241,8,1,0,0,1,DISTRACTED
2026-07-21T12:44:34.973321,0.39820839933739705,0.23911519121682703,-23.13594703826692,-45.421280571521486,5.499667401261566,8,1,0,0,1,DISTRACTED
2026-07-21T12:44:35.057437,0.36085116851185683,0.23329171436663218,-3.3098091893104993,-59.06116544491262,-11.765876581276643,8,1,0,0,1,DISTRACTED
2026-07-21T12:44:35.142177,0.3551368999544787,0.24155058793002396,-3.7694220063968373,-60.42795550538183,-11.467806831435752,8,1,0,0,1,DISTRACTED
2026-07-21T12:44:35.230063,0.4092797593529459,0.22834459443109356,-21.931751075038676,-46.235848402536135,5.03347417294236,8,1,0,0,1,DISTRACTED
2026-07-21T12:44:35.310678,0.36140042835047315,0.24063436059481405,-3.497997655747099,-58.69806739326564,-11.453863413005166,8,1,0,0,1,DISTRACTED
2026-07-21T12:44:35.390752,0.41605033332707686,0.2269618021511069,-2.102167384585016,-59.85499613424913,-12.779407259131432,8,1,0,0,1,DISTRACTED
2026-07-21T12:44:35.477604,0.41338672889228933,0.23473924664899012,-2.069097898978356,-58.93009354588095,-12.209941416831924,8,1,0,0,1,DISTRACTED
2026-07-21T12:44:35.559234,0.39944263107103095,0.22522746711906572,-3.1498063603488617,-58.948551782522905,-12.25339808069478,8,1,0,0,1,DISTRACTED
2026-07-21T12:44:35.640607,0.3992116957004668,0.22703659524711953,-4.618895690071469,-59.48239363905366,-11.008867962624919,8,1,0,0,1,DISTRACTED
2026-07-21T12:44:35.723593,0.38870758668933625,0.23237252423839144,-3.8248227638547974,-59.240076688599785,-11.49082781253756,8,1,0,0,1,DISTRACTED
2026-07-21T12:44:35.804294,0.3863389157229178,0.2269618021511069,-3.158484282900446,-59.618383003722165,-12.34370874247523,8,1,0,0,1,DISTRACTED
2026-07-21T12:44:35.882387,0.41546961390375725,0.21897675600878547,-1.6398861589993317,-59.057715951655666,-13.151262747270579,8,1,0,0,1,DISTRACTED
2026-07-21T12:44:35.970080,0.42605018815464857,0.22443263324337812,-21.3370006570988,-46.472379042411276,4.414363555014247,8,1,0,0,1,DISTRACTED
2026-07-21T12:44:36.052565,0.4204368474190827,0.22834459443109356,-3.214750262321985,-59.726360052993186,-11.937985898050243,8,1,0,0,1,DISTRACTED
2026-07-21T12:44:36.139586,0.40399865215695285,0.21927397065374815,-2.007242078483216,-59.2403437272028,-12.602778310412674,8,1,0,0,1,DISTRACTED
2026-07-21T12:44:36.228064,0.4338129970753358,0.21897675600878547,-2.0426591503463953,-59.25426328746943,-12.263678155250687,8,1,0,0,1,DISTRACTED
2026-07-21T12:44:36.309591,0.4014528775172116,0.21929009128884744,-0.903351553449113,-60.24383977500905,-13.75727200492318,8,1,0,0,1,DISTRACTED
2026-07-21T12:44:36.391464,0.39588522153609584,0.2311305086599894,-1.8256849366741505,-60.4125524007319,-13.218514423068967,8,1,0,0,1,DISTRACTED
2026-07-21T12:44:36.476053,0.3792115846551579,0.2255549396858453,-2.7991521662222,-60.05014941753979,-12.457559015911528,8,1,0,0,1,DISTRACTED
2026-07-21T12:44:36.554212,0.41338672889228933,0.23847367818907012,-2.2289201239265424,-59.993717572671414,-12.718601716747997,8,1,0,0,1,DISTRACTED
2026-07-21T12:44:36.636907,0.40503169683782697,0.23997421311015835,-1.9574973478635513,-60.041850688357314,-12.72983461459819,8,1,0,0,1,DISTRACTED
2026-07-21T12:44:36.718038,0.4054957830890293,0.23329171436663218,-2.085969791228308,-58.89953870680662,-12.536689704795123,8,1,0,0,1,DISTRACTED
2026-07-21T12:44:36.800623,0.360247465621532,0.22703659524711953,-1.0142695833615107,-59.66926291742162,-13.40465728344833,8,1,0,0,1,DISTRACTED
2026-07-21T12:44:36.888780,0.3542217139300198,0.22063452540839876,-1.0219565516349576,-58.747523701628005,-13.282461368490516,8,1,0,0,1,DISTRACTED
2026-07-21T12:44:36.981064,0.3729473794019662,0.2226671654138716,-0.8445452166782559,-59.43332806846404,-13.1161723975043,8,1,0,0,1,DISTRACTED
2026-07-21T12:44:37.061070,0.396567600475335,0.22443263324337812,-3.237539160577313,-59.706875454002564,-11.792635005470487,8,1,0,0,1,DISTRACTED
2026-07-21T12:44:37.143147,0.394628035246541,0.22572563052789058,-2.3924841863334905,-59.15685617546555,-12.160243648946533,8,1,0,0,1,DISTRACTED
2026-07-21T12:44:37.231051,0.4031848862720839,0.24185832441533836,-2.1442727309758425,-59.12902759323288,-12.536609556878204,8,1,0,0,1,DISTRACTED
2026-07-21T12:44:37.315668,0.39417919560607173,0.21810399097956956,-1.486223008145572,-59.534128358748426,-13.179243169275907,8,1,0,0,1,DISTRACTED
2026-07-21T12:44:37.397554,0.3870137823700599,0.2336362201553206,-1.7713509034326194,-59.06936206633778,-12.76330778795193,8,1,0,0,1,DISTRACTED
2026-07-21T12:44:37.485170,0.38477258098608735,0.23329171436663218,-1.8386594841514636,-59.13001231475419,-12.892155420153273,8,1,0,0,1,DISTRACTED
2026-07-21T12:44:37.569135,0.4031848862720839,0.2476066727244789,-2.0342856039386845,-59.210260025328886,-12.62616797736166,8,1,0,0,1,DISTRACTED
2026-07-21T12:44:37.654219,0.37384506975376985,0.24863384810338193,-2.673957374627122,-58.78563884629864,-12.023511336923207,8,1,0,0,1,DISTRACTED
2026-07-21T12:44:37.736024,0.4030932844911144,0.22599227035449038,-0.5020469598620707,-59.064937810636124,-13.57697448973741,8,1,0,0,1,DISTRACTED
2026-07-21T12:44:37.813112,0.37083664939788175,0.22063452540839876,-2.0067247237069523,-59.68402215169671,-13.171773131503215,8,1,0,0,1,DISTRACTED
2026-07-21T12:44:37.905643,0.3807683975575805,0.22218671486052535,-1.6020871513449038,-58.95695013093304,-13.191411123452696,8,1,0,0,1,DISTRACTED
2026-07-21T12:44:37.999663,0.38985098740933677,0.238600044724331,-2.1300212004082937,-59.03214975151524,-12.89811150828129,8,1,0,0,1,DISTRACTED
2026-07-21T12:44:38.083337,0.4114580206311977,0.2209580231467806,-2.8600754808367412,-58.89172219773347,-12.048406542715185,8,1,0,0,1,DISTRACTED
2026-07-21T12:44:38.167649,0.3965821739341273,0.22218671486052535,-2.372210550854817,-58.36094497582588,-11.990112883373342,8,1,0,0,1,DISTRACTED
2026-07-21T12:44:38.252573,0.3833576978510102,0.2209580231467806,-1.2047298318752269,-58.83375434528611,-12.891244664849381,8,1,0,0,1,DISTRACTED
2026-07-21T12:44:38.337240,0.38421331598260466,0.2269618021511069,-1.5937724543975094,-58.70121908115274,-12.653106920560788,8,1,0,0,1,DISTRACTED
2026-07-21T12:44:38.425767,0.41483452619439287,0.23473924664899012,-3.7575373465135726,-59.3451777003047,-11.706183856657361,8,1,0,0,1,DISTRACTED
2026-07-21T12:44:38.509055,0.4359382355646356,0.22063452540839876,-21.363450642188468,-45.05419676939956,4.67289124874242,8,1,0,0,1,DISTRACTED
2026-07-21T12:44:38.589980,0.40503169683782697,0.24914302669688204,-20.95438905686538,-44.54933180982372,4.649412357425978,8,1,0,0,1,DISTRACTED
2026-07-21T12:44:38.676583,0.3815271782815829,0.24185832441533836,-20.563272723737782,-44.86634132065958,4.400951390564044,8,1,0,0,1,DISTRACTED
2026-07-21T12:44:38.760758,0.39083061752345516,0.21927397065374815,-21.520767595739102,-45.24749162788757,4.555446095179774,8,1,0,0,1,DISTRACTED
2026-07-21T12:44:38.837276,0.4131727248278606,0.21927397065374815,-2.610527972769063,-59.940829787070285,-12.40243990225494,8,1,0,0,1,DISTRACTED
2026-07-21T12:44:38.923561,0.3955813159125958,0.22829400965272742,-2.709746595616622,-59.75539246044429,-12.33743137660403,8,1,0,0,1,DISTRACTED
2026-07-21T12:44:39.010856,0.37716901062659935,0.22703659524711953,-2.7404114889056927,-61.0421895286419,-12.698546143440637,8,1,0,0,1,DISTRACTED
2026-07-21T12:44:39.094622,0.4106930131982279,0.2301247466675527,-1.9941779547033036,-60.16196398627587,-13.359009176567554,8,1,0,0,1,DISTRACTED
2026-07-21T12:44:39.177564,0.39791474948120553,0.2269618021511069,-1.9617367482086365,-59.45118936919288,-13.552827208967528,8,1,0,0,1,DISTRACTED
2026-07-21T12:44:39.266172,0.36650523196452334,0.2411186225191537,-1.8478580291324533,-58.31655358652687,-12.808917778380618,8,1,0,0,1,DISTRACTED
2026-07-21T12:44:39.351115,0.378187169866104,0.22572563052789058,-19.873363950100156,-44.9303137363593,3.3023958896916223,8,1,0,0,1,DISTRACTED
2026-07-21T12:44:39.438628,0.3119727164277059,0.23557161406186,0.7864164021084434,-57.067626740335974,-14.39659430047476,8,1,0,0,1,DISTRACTED
2026-07-21T12:44:39.527437,0.23612938618617102,0.22396751996843214,6.5582994940014885,-54.20126167106459,-16.573278582830767,8,1,0,0,1,DISTRACTED
2026-07-21T12:44:39.605799,0.24703980530232683,0.24300319200565926,-10.638694000291224,-33.90738061847748,-0.551464996707926,8,1,0,0,1,DISTRACTED
2026-07-21T12:44:39.685600,0.2584965704988831,0.21853616859165065,-11.638498985382626,-33.302014571840175,-0.17286664839694563,8,1,0,0,1,DISTRACTED
2026-07-21T12:44:39.769032,0.2597033647013036,0.23607237255082555,1.763441539963992,-35.923550028074146,-8.58059857430942,8,1,0,0,1,DISTRACTED
2026-07-21T12:44:39.854124,0.2516680499875145,0.2271684498057685,-6.624094598387273,-22.61312148733347,-2.3724522456956167,8,1,0,0,0,SAFE
2026-07-21T12:44:39.937722,0.23869653967836724,0.2225818566883412,-6.68028481876874,-16.591989184494714,-2.9890248874149754,8,1,0,0,0,SAFE
2026-07-21T12:44:40.024125,0.2472158853793715,0.2229977212417668,3.8652030788556715,-25.660398589613056,-7.411174747132662,8,1,0,0,0,SAFE
2026-07-21T12:44:40.104115,0.2743860454076763,0.2273982493945111,5.669550788304747,-17.953999134326462,-5.72014622426687,8,1,0,0,0,SAFE
2026-07-21T12:44:40.194528,0.2674632441015079,0.23646521136686374,5.0007436291639635,-18.766617200811467,-5.801178912468998,8,1,0,0,0,SAFE
2026-07-21T12:44:40.275112,0.28664780990716254,0.2276604232023716,-7.188516274592331,-7.624165803097399,-2.645841325146901,8,1,0,0,0,SAFE
2026-07-21T12:44:40.355199,0.28785638606088026,0.22711686391537025,5.323794104441816,-16.590268735818224,-5.279114275100369,8,1,0,0,0,SAFE
2026-07-21T12:44:40.447017,0.28757291260818635,0.23249527748763857,-6.090444297509407,-3.1501671404260185,-2.7037201864572986,8,1,0,0,0,SAFE
2026-07-21T12:44:40.532586,0.29843481039148095,0.2320926204014076,-6.099373465074592,-3.7530900566348144,-2.6176078848574917,8,1,0,0,0,SAFE
2026-07-21T12:44:40.614563,0.3083562403158904,0.2313176024722115,-5.655831906665441,-2.9581575081248532,-3.0042171104343764,8,1,0,0,0,SAFE
2026-07-21T12:44:40.695068,0.2746299361584372,0.2367100365373109,7.5819546709124666,-15.91186365672569,-5.289251093259736,8,1,0,0,0,SAFE
2026-07-21T12:44:40.778271,0.26822483363607796,0.23643744119216994,8.292874330710333,-15.34552861118439,-5.707478713184571,8,1,0,0,0,SAFE
2026-07-21T12:44:40.853326,0.2667499745167389,0.23643744119216994,8.242272109979211,-15.49484012333349,-5.6851861475842895,8,1,0,0,0,SAFE
2026-07-21T12:44:40.937030,0.1868780822342288,0.22238322195685692,-5.882200541114969,-5.820743144366724,-3.470151023565615,8,1,0,0,0,SAFE
2026-07-21T12:44:41.023126,0.17103941691973945,0.22238322195685692,-4.971258010109295,-5.723165083585137,-3.891099967351618,8,1,0,0,0,SAFE
2026-07-21T12:44:41.100707,0.18057725584216916,0.22238322195685692,-4.447456008471619,-4.002589898117482,-3.6304320531693386,8,1,0,0,0,SAFE
2026-07-21T12:44:41.182644,0.15617324709198183,0.2273982493945111,-4.924826401369955,-4.195248619978366,-4.158252713735377,8,1,0,0,0,SAFE
2026-07-21T12:44:41.269424,0.1841158361917533,0.2355566688684745,-5.27053672962893,-4.793214956709925,-4.016514514805132,8,1,0,0,0,SAFE
2026-07-21T12:44:41.347080,0.16324422003358732,0.2229977212417668,-5.151327145646974,-3.904578841112219,-4.157404105281547,8,1,0,0,0,SAFE
2026-07-21T12:44:41.431674,0.17173955348258169,0.22706249591066405,-5.243236495397014,-5.0675038515054345,-4.0272821883263505,8,1,0,0,0,SAFE
2026-07-21T12:44:41.517099,0.17147452333080437,0.22204269449250216,-5.710860348562335,-3.4023277119901074,-4.590710580576607,8,1,0,0,0,SAFE
2026-07-21T12:44:41.602920,0.19539351426876317,0.22204269449250216,-5.54495127708347,-4.1422918236881,-4.694723545659828,8,1,0,0,0,SAFE
2026-07-21T12:44:41.687038,0.19317340140560527,0.22204269449250216,-5.852912560021565,-4.647873496920278,-4.439293235560275,8,1,0,0,0,SAFE
2026-07-21T12:44:41.765944,0.18202982202128112,0.2273982493945111,-5.7396315754201055,-2.3061210870001365,-4.5278352069713454,8,1,0,0,0,SAFE
2026-07-21T12:44:41.850554,0.19117200019787878,0.2273982493945111,-5.7417644468309845,-2.702711962234682,-4.451831814545705,8,1,0,0,0,SAFE
2026-07-21T12:44:41.944606,0.17109560714871075,0.23250518925101304,-4.236419957548179,-2.951522987503315,-4.706265966040452,8,1,0,0,0,SAFE
2026-07-21T12:44:42.024648,0.1881376401382769,0.22706249591066405,-5.110333102808028,-4.173572880571461,-4.484836855690387,8,1,0,0,0,SAFE
2026-07-21T12:44:42.103239,0.17915827975927345,0.23214916238060315,-5.036354791792974,-3.432209594381317,-4.418304113969016,8,1,0,0,0,SAFE
2026-07-21T12:44:42.184721,0.16009507159855685,0.23123193571063136,-4.497931763998423,-3.2465038108801707,-4.370910344052506,8,1,0,0,0,SAFE
2026-07-21T12:44:42.267867,0.17097283658525883,0.22204269449250216,-5.644982195656496,-2.9147698434010545,-4.407710860045304,8,1,0,0,0,SAFE
2026-07-21T12:44:42.351206,0.18353612608614905,0.231586555910703,-4.935711211760747,-3.7595413255092995,-3.851299878289328,8,1,0,0,0,SAFE
2026-07-21T12:44:42.434576,0.17329532898896788,0.23123193571063136,-6.182357601275839,-4.378660382713624,-4.044440242190988,8,1,0,0,0,SAFE
2026-07-21T12:44:42.524224,0.18089731783173513,0.23123193571063136,-5.6799049549613585,-3.9904508934297924,-4.374862855698386,8,1,0,1,0,DROWSY
2026-07-21T12:44:42.614561,0.1920633027117124,0.22796318368270369,-5.773254741231909,-3.842080079635931,-4.246124843945263,8,1,0,1,0,DROWSY
2026-07-21T12:44:42.704158,0.20177824408991335,0.22796318368270369,-5.761318009760913,-3.382732935428645,-4.233730551525094,9,1,0,1,0,DROWSY
2026-07-21T12:44:42.786596,0.20476367011958446,0.23221754229784042,-6.2960780187931675,-3.3369366105473226,-4.30624251565963,9,1,0,1,0,DROWSY
2026-07-21T12:44:42.872572,0.18876431170017335,0.231586555910703,-5.360932263709998,-4.270497326225623,-4.239339766571987,9,1,0,1,0,DROWSY
2026-07-21T12:44:42.955102,0.19169058223414978,0.2273982493945111,-4.854486689365984,-5.188943133491252,-3.939756537300537,9,1,0,1,0,DROWSY
2026-07-21T12:44:43.035565,0.18263180921705296,0.2273982493945111,-6.223272275512272,-5.559230212884939,-3.843277080659636,9,1,0,1,0,DROWSY
2026-07-21T12:44:43.122578,0.15465626535329424,0.240820516600117,-6.736200031559292,-5.195071259577606,-3.8570677465685472,9,1,0,1,0,DROWSY
2026-07-21T12:44:43.207163,0.17402890412041833,0.231586555910703,-5.90806626050221,-4.105979683326746,-3.9167597597703026,9,1,0,1,0,DROWSY
2026-07-21T12:44:43.290082,0.15493477667137798,0.2273982493945111,-6.410943857861582,-4.803429265201078,-3.9940677918798557,9,1,0,1,0,DROWSY
2026-07-21T12:44:43.374195,0.17931745278283598,0.23250518925101304,-6.22925358580531,-5.439301532696355,-3.7859797605861485,9,1,0,1,0,DROWSY
2026-07-21T12:44:43.455804,0.15477446055820068,0.2218073473036269,-6.201317406752423,-3.069976890152697,-4.091074488879495,9,1,0,1,0,DROWSY
2026-07-21T12:44:43.542840,0.17353150264441067,0.231586555910703,-6.109625813610052,-3.9663652962554656,-3.982837124052076,9,1,0,1,0,DROWSY
2026-07-21T12:44:43.626627,0.16835037007291043,0.23250518925101304,-6.497504384151796,-2.9009824732701355,-4.215258120322888,9,1,0,1,0,DROWSY
2026-07-21T12:44:43.711219,0.17530356958135684,0.2265555861776941,-5.64974033559011,-2.539762403927189,-4.45439440215172,9,1,0,1,0,DROWSY
2026-07-21T12:44:43.796334,0.21323831799346715,0.2273982493945111,-5.954179385634546,-3.7622939587077613,-4.300212706385633,10,1,0,1,0,DROWSY
2026-07-21T12:44:43.882231,0.18786135747966576,0.2273982493945111,-5.492404032057948,-3.642679967139085,-4.230173721165842,10,1,0,1,0,DROWSY
2026-07-21T12:44:43.968970,0.1829516975652174,0.2355566688684745,-5.000949538084257,-4.3288041645174635,-4.3519939069669,10,1,0,1,0,DROWSY
2026-07-21T12:44:44.050674,0.19724118331813303,0.2359315935057433,-5.440577525440887,-3.150655981842346,-4.448580614322393,10,1,0,1,0,DROWSY
2026-07-21T12:44:44.134298,0.1975885978156856,0.2273982493945111,-6.197810998681575,-3.9411061782891195,-4.410431902871036,10,1,0,1,0,DROWSY
2026-07-21T12:44:44.217384,0.1922138384873285,0.2273982493945111,-5.870351109493782,-5.454115709496954,-4.163570282384549,10,1,0,1,0,DROWSY
2026-07-21T12:44:44.305175,0.1846018609826876,0.2273982493945111,-5.297845806303286,-3.5705227770730916,-4.291242778637658,10,1,0,1,0,DROWSY
2026-07-21T12:44:44.390896,0.1852006309392265,0.22204269449250216,-5.80230906105794,-5.288571686920294,-4.104951607453728,10,1,0,1,0,DROWSY
2026-07-21T12:44:44.476801,0.18565732588282735,0.22204269449250216,-5.735197082023944,-5.396684245595709,-4.203883812450582,10,1,0,1,0,DROWSY
2026-07-21T12:44:44.561575,0.167397758228288,0.2271684498057685,-2.7904847485782227,-4.492644497717688,-4.907660041734096,10,1,0,1,0,DROWSY
2026-07-21T12:44:44.647793,0.1572585921167129,0.231586555910703,-2.6447891674800417,-3.510612543883993,-5.059188112216375,10,1,0,1,0,DROWSY
2026-07-21T12:44:44.734408,0.15195769651162677,0.2271684498057685,-2.6935459325664795,-2.288938811934326,-4.928779000226513,10,1,0,1,0,DROWSY
2026-07-21T12:44:44.816932,0.16574226515960683,0.2271684498057685,-1.463475335183034,-1.3597305809852611,-5.104453775932388,10,1,0,1,0,DROWSY
2026-07-21T12:44:44.897266,0.19166100601811797,0.2355566688684745,-1.5999331877631846,-2.168904980326091,-5.236830369114926,10,1,0,1,0,DROWSY
2026-07-21T12:44:44.983603,0.1910663008382817,0.23649105043783636,13.253518283522254,-7.125468581938917,-6.484494735561412,10,1,0,1,0,DROWSY
2026-07-21T12:44:45.072654,0.1919153075813329,0.23149742762279069,-0.5574507980024066,-3.7125195655664682,-5.306207381991693,10,1,0,1,0,DROWSY
2026-07-21T12:44:45.161266,0.15565582091130414,0.2265555861776941,-0.3922463242462868,-3.836131001889327,-5.075245693249973,10,1,0,1,0,DROWSY
2026-07-21T12:44:45.249593,0.14886202089193581,0.22238322195685692,-1.173526875190845,-2.9990172437972977,-5.235555592784143,10,1,0,1,0,DROWSY
2026-07-21T12:44:45.331049,0.16657469006691916,0.23123193571063136,13.620120321931978,-8.670731071228461,-6.929874629802555,10,1,0,1,0,DROWSY
2026-07-21T12:44:45.414140,0.15980272178791197,0.23088703629569973,0.18230572396163325,-3.596441472427346,-5.244686896374692,10,1,0,1,0,DROWSY
2026-07-21T12:44:45.499093,0.1553951840828714,0.24047409865629185,0.7763896315724992,-3.6924293568256434,-5.317711085906461,10,1,0,1,0,DROWSY
2026-07-21T12:44:45.580671,0.18589280258411198,0.22753002330335392,-0.7566706445325053,-3.865942314104553,-4.980488020590275,10,1,0,1,0,DROWSY
2026-07-21T12:44:45.667266,0.19052503843257734,0.2355566688684745,14.596611531750938,-6.102969736396016,-6.453445696144371,10,1,0,1,0,DROWSY
2026-07-21T12:44:45.757630,0.16614968690842222,0.23649105043783636,13.250831952679277,-8.418765092926886,-7.010581452965425,10,1,0,1,0,DROWSY
2026-07-21T12:44:45.836208,0.1798650583042999,0.23649105043783636,13.452965705434309,-8.586705522017722,-7.12034617449504,10,1,0,1,0,DROWSY
2026-07-21T12:44:45.927294,0.16593014433881142,0.23050599939413166,-0.7071194428590388,-5.313473584246752,-4.987445730856392,10,1,0,1,0,DROWSY
2026-07-21T12:44:46.013562,0.17255834389748925,0.23649105043783636,-0.17752939622789654,-5.829541435708338,-5.151772747507411,10,1,0,1,0,DROWSY
2026-07-21T12:44:46.099594,0.1585579649304632,0.2355566688684745,0.2795366495313658,-5.034115728847483,-5.167946552039133,10,1,0,1,0,DROWSY
2026-07-21T12:44:46.182682,0.14246706454289318,0.2355566688684745,0.41213958018698804,-3.5344815476484936,-5.129708501508974,10,1,0,1,0,DROWSY
2026-07-21T12:44:46.269148,0.14223465339463098,0.23149742762279069,1.1371737036349145,-4.559070618085164,-5.155541207885036,10,1,0,1,0,DROWSY
2026-07-21T12:44:46.348736,0.1550610382866576,0.23050599939413166,0.5420638301082477,-5.189793457962777,-4.863186486051668,10,1,0,1,0,DROWSY
2026-07-21T12:44:46.432822,0.14685625425309828,0.23149742762279069,0.1767760500335669,-4.343821528994392,-4.765425757526666,10,1,0,1,0,DROWSY
2026-07-21T12:44:46.513489,0.15032812864561967,0.2359937908228322,0.4723007392302634,-4.516685676704747,-4.821535136348322,10,1,0,1,0,DROWSY
2026-07-21T12:44:46.601574,0.20208950046228571,0.23050599939413166,0.5575282906063705,-4.000548942490294,-4.900007082880264,11,1,0,1,0,DROWSY
2026-07-21T12:44:46.683538,0.20252274497620798,0.23050599939413166,-0.016619847196352566,-3.2380370764691118,-4.932770151830827,11,1,0,1,0,DROWSY
2026-07-21T12:44:46.760608,0.2176823146679341,0.24047409865629185,0.7536587714165535,-2.7160143844562343,-4.8322807468748366,11,1,0,1,0,DROWSY
2026-07-21T12:44:46.846081,0.22495803152764654,0.23088703629569973,0.28952388189409817,-3.277968034972017,-4.70207589091995,11,1,0,1,0,DROWSY
2026-07-21T12:44:46.933559,0.23162519768740608,0.2453388021895793,14.409607040453011,-10.357858176202974,-7.036881055630971,11,1,0,1,0,DROWSY
2026-07-21T12:44:47.013581,0.23210966795364082,0.23693723198718988,-0.06385360441493049,-4.6585749137930605,-4.734336810719799,11,1,0,1,0,DROWSY
2026-07-21T12:44:47.097825,0.22746963951054333,0.23088703629569973,0.22419614025815804,-4.531732341669506,-4.721256794309354,11,1,0,1,0,DROWSY
2026-07-21T12:44:47.180615,0.22515941746099266,0.2265555861776941,0.8459460704862067,-4.611479999327056,-4.378055228192068,11,1,0,1,0,DROWSY
2026-07-21T12:44:47.270537,0.24210670242043444,0.24004549464976208,0.41622084952118144,-3.421564306892456,-4.67477543391935,11,1,0,1,0,DROWSY
2026-07-21T12:44:47.355963,0.24029829978711892,0.23607237255082555,1.392632346592734,-4.0995312703324185,-5.094511237452968,11,1,0,1,0,DROWSY
2026-07-21T12:44:47.445080,0.19367964500041418,0.22575785276343882,13.843111244074606,-9.680617872017207,-7.368684144669572,11,1,0,1,0,DROWSY
2026-07-21T12:44:47.521090,0.21694574142397066,0.22629863601966285,-1.303410752483046,-6.152882873620735,-6.18364340379918,11,1,0,1,0,DROWSY
2026-07-21T12:44:47.614559,0.2061313746881384,0.22997004055503886,-0.5887154604878901,-5.919336170405133,-5.765242675656676,11,1,0,1,0,DROWSY
2026-07-21T12:44:47.695723,0.26576149528218646,0.2313152612395431,-3.1218751311811843,-4.392595127323728,-7.657487918278299,11,1,0,0,0,SAFE
2026-07-21T12:44:47.776855,0.2547249019316023,0.22727272727272727,-2.4408561525138737,-5.1471851747745,-7.193475687631723,11,1,0,0,0,SAFE
2026-07-21T12:44:47.863521,0.24786029159329714,0.2277666136664202,-3.083912343251882,-5.08232074876085,-6.365300782802628,11,1,0,0,0,SAFE
2026-07-21T12:44:47.949437,0.2536859919625539,0.23251344047172842,-4.058613013605367,-7.518776115324018,-5.7352308504262135,11,1,0,0,0,SAFE
2026-07-21T12:44:48.029802,0.26717258131226507,0.21993193799408486,7.969791452429604,-15.444720299465917,-8.74830038533247,11,1,0,0,0,SAFE
2026-07-21T12:44:48.115590,0.26334062369384337,0.2222222222222222,-2.8909827302771305,-10.553837594564628,-6.849749432001475,11,1,0,0,0,SAFE
2026-07-21T12:44:48.197134,0.2635234865502638,0.2312361061847179,9.294947403033973,-13.370841540570726,-9.979131005522447,11,1,0,0,0,SAFE
2026-07-21T12:44:48.282212,0.25322623306305964,0.2277666136664202,-1.869967380971616,-6.304045951059741,-7.374472462797917,11,1,0,0,0,SAFE
2026-07-21T12:44:48.367305,0.218847509558123,0.22285517613508854,-0.4483016633454895,-8.158535832474676,-6.995724121195271,11,1,0,0,0,SAFE
2026-07-21T12:44:48.453904,0.218401294573502,0.22629863601966285,-0.7434041575476726,-9.00126446718018,-7.401533774301222,11,1,0,0,0,SAFE
2026-07-21T12:44:48.533289,0.2613449706660442,0.22696717111284076,9.36625332538756,-11.352110806096762,-10.167178959188618,11,1,0,0,0,SAFE
2026-07-21T12:44:48.609899,0.26235248608961687,0.22043375526998524,-0.9779805551399363,-7.295150881993721,-7.332283330168594,11,1,0,0,0,SAFE
2026-07-21T12:44:48.693770,0.2648003507003833,0.22318936092467717,7.834622148572123,-9.934669584408216,-9.360481401147894,11,1,0,0,0,SAFE
2026-07-21T12:44:48.779792,0.2596133931324559,0.22285517613508854,6.058215393926645,-13.500387116042578,-9.549099182557484,11,1,0,0,0,SAFE
2026-07-21T12:44:48.862875,0.2483217835960091,0.2277666136664202,-5.567461912035498,-6.300245878234411,-7.095388684129891,11,1,0,0,0,SAFE
2026-07-21T12:44:48.943462,0.2512585344392152,0.24105402559473446,4.42291323298798,-6.93467763036117,-7.996258159611415,11,1,0,0,0,SAFE
2026-07-21T12:44:49.029715,0.24894382287432507,0.2324805745389121,-5.5758428522168515,-6.3084576754575075,-6.305443964954313,11,1,0,0,0,SAFE
2026-07-21T12:44:49.109807,0.2712558911285161,0.24107525463268947,-6.023267411409449,-7.317251782081967,-6.498094986493401,11,1,0,0,0,SAFE
2026-07-21T12:44:49.190897,0.26009922962807874,0.22285517613508854,-6.985044139007698,-7.286064115935842,-6.320680224667116,11,1,0,0,0,SAFE
2026-07-21T12:44:49.275287,0.2624840038302911,0.2265195442277008,-7.370261300412523,-8.805608443959539,-5.746261427318168,11,1,0,0,0,SAFE
2026-07-21T12:44:49.362383,0.26799082981461064,0.2277666136664202,-7.0137550323230755,-8.648940307127678,-5.928002358511633,11,1,0,0,0,SAFE
2026-07-21T12:44:49.453105,0.28350110326977845,0.22832164644536826,-7.86497976343739,-6.963895576168788,-5.653630260209781,11,1,0,0,0,SAFE
2026-07-21T12:44:49.534551,0.22836884192430185,0.23542204021655033,-5.377205405760208,-12.891809792677536,-3.636618569331986,11,1,0,0,0,SAFE
2026-07-21T12:44:49.616575,0.17470798461438572,0.23088703629569973,5.391819450785363,-17.701141977732277,-6.249338832072283,11,1,0,0,0,SAFE
2026-07-21T12:44:49.700504,0.181910127320418,0.2359315935057433,11.103709459614635,-20.08312035849564,-7.273709995505413,11,1,0,0,0,SAFE
2026-07-21T12:44:49.780834,0.17938978629989633,0.22531374464267423,8.169207692612929,-24.80389071234973,-6.9981806061763905,11,1,0,0,0,SAFE
2026-07-21T12:44:49.862642,0.20255117407339074,0.23118470825909285,1.0989627614073072,-20.126932914088094,-2.1322266057201893,12,1,0,0,0,SAFE
2026-07-21T12:44:49.952561,0.23553009461293278,0.22619556118186063,13.552515246451748,-23.622525546984853,-8.09465616206137,12,1,0,0,0,SAFE
2026-07-21T12:44:50.032637,0.2563678148284259,0.23088703629569973,12.108754528659546,-21.38927920422472,-8.24243787307995,12,1,0,0,0,SAFE
2026-07-21T12:44:50.112643,0.2724500238737184,0.22526112460303874,11.488272970045756,-18.375461957077125,-7.794438033448387,12,1,0,0,0,SAFE
2026-07-21T12:44:50.194144,0.2783545567494431,0.24066738889847109,2.120957320674364,-14.91752765680739,-3.6809563358838266,12,1,0,0,0,SAFE
2026-07-21T12:44:50.278276,0.29656668582849244,0.2263152301476885,1.4947129656783318,-10.248371756911194,-4.0976162334811965,12,1,0,0,0,SAFE
2026-07-21T12:44:50.366069,0.28730601922255805,0.22619556118186063,11.273878772822428,-15.4348258941719,-7.280277665563204,12,1,0,0,0,SAFE
2026-07-21T12:44:50.449666,0.27442018959758385,0.22706249591066405,11.343410428812973,-13.846631007018832,-6.939489734714982,12,1,0,0,0,SAFE
2026-07-21T12:44:50.536082,0.2602665465337646,0.22575785276343882,9.58525082762398,-11.8531311170762,-7.0146489089727595,12,1,0,0,0,SAFE
2026-07-21T12:44:50.621587,0.2566300643009916,0.23171623146452053,10.081792104134763,-10.359522091533304,-7.024118719954345,12,1,0,0,0,SAFE
2026-07-21T12:44:50.711135,0.2641386622526518,0.22755321114123186,9.341834396141081,-9.94769254166635,-6.989722408738402,12,1,0,0,0,SAFE
2026-07-21T12:44:50.797192,0.25005050055961564,0.22755321114123186,10.003924710225533,-8.482078377841207,-7.193742153651385,12,1,0,0,0,SAFE
2026-07-21T12:44:50.879319,0.2450553381761597,0.22755321114123186,10.085469130364487,4.874064812674024,-5.485186808875767,12,1,0,0,0,SAFE
2026-07-21T12:44:50.970667,0.2606481083522879,0.22002665468561797,9.336307394362564,10.942417868091352,-4.21085593480575,12,1,0,0,0,SAFE
2026-07-21T12:44:51.063778,0.2566041526343808,0.22751381860718947,8.611908092488619,12.976702973377863,-3.491276891707713,12,1,0,0,0,SAFE
2026-07-21T12:44:51.144593,0.2576483962786693,0.23193335953685087,8.299283208930888,14.413816507557957,-2.9517110299475746,12,1,0,0,0,SAFE
2026-07-21T12:44:51.233553,0.26068617267013966,0.2242673805709731,7.849235473242004,12.161852087641067,-2.1188554903528996,12,1,0,0,0,SAFE
2026-07-21T12:44:51.319647,0.27009474081392193,0.22916842620101788,8.073841654186936,16.206274498771013,-1.5411821452807146,12,1,0,0,0,SAFE
2026-07-21T12:44:51.397075,0.25351620675049835,0.22914441586864437,8.303982087828047,17.6214836834944,-0.6472256247398889,12,1,0,0,0,SAFE
2026-07-21T12:44:51.483542,0.27337204649378827,0.22914441586864437,8.598086750684871,18.849485160602747,-0.22244730364715792,12,1,0,0,0,SAFE
2026-07-21T12:44:51.571100,0.2974185667350615,0.2330847291385785,-0.8236149132876278,15.64782066534934,-3.565001838246185,12,1,0,0,0,SAFE
2026-07-21T12:44:51.652672,0.29135042823739193,0.23772350174557916,10.736025727516932,17.76685024309913,0.9910884105687501,12,1,0,0,0,SAFE
2026-07-21T12:44:51.739579,0.29408484969408255,0.22267621494614892,9.480987705911218,19.129034697207594,1.12625604174184,12,1,0,0,0,SAFE
2026-07-21T12:44:51.817633,0.2897459424282425,0.2327798548148034,0.28840148272851707,19.823445853600408,-3.055654299863917,12,1,0,0,0,SAFE
2026-07-21T12:44:51.904225,0.26432589397284034,0.2222519346973561,11.253734310823376,16.840910888157037,1.7881200225930058,12,1,0,0,0,SAFE
2026-07-21T12:44:51.993630,0.26148059575928656,0.2258329465567851,12.072282208235038,16.88383013202769,1.8124774243335082,12,1,0,0,0,SAFE
2026-07-21T12:44:52.082700,0.23854236751879115,0.22592103065812197,11.570971165116958,17.0517467530283,1.743550064357322,12,1,0,0,0,SAFE
2026-07-21T12:44:52.164291,0.2768863794678962,0.22947736335021496,1.983985595937213,16.07255906349746,-1.8451697476184756,12,1,0,0,0,SAFE
2026-07-21T12:44:52.246642,0.2821715750251486,0.22131147540983606,0.6793718367516988,16.88293068755648,-2.2286630988029064,12,1,0,0,0,SAFE
2026-07-21T12:44:52.328434,0.28946700857006513,0.22592103065812197,1.3052021600468038,16.353414274346594,-1.8486234793840886,12,1,0,0,0,SAFE
2026-07-21T12:44:52.405524,0.27164761275030447,0.22496875650891,-0.20656230255886499,14.952013756206796,-2.0530034032264717,12,1,0,0,0,SAFE
2026-07-21T12:44:52.493565,0.29726475562129095,0.2333524911536964,11.58034789471725,15.602799437165894,1.6116653250018942,12,1,0,0,0,SAFE
2026-07-21T12:44:52.577736,0.2904279456464415,0.22883900100019258,11.859071076997793,15.649563579180727,1.9254266060691236,12,1,0,0,0,SAFE
2026-07-21T12:44:52.662380,0.28076990670215196,0.23319078890217093,12.415360579502334,12.087816023555721,1.3826060882829836,12,1,0,0,0,SAFE
2026-07-21T12:44:52.742473,0.25639046574639546,0.22487335187497368,0.08766437334668353,7.507675874648737,-1.6478989472010317,12,1,0,0,0,SAFE
2026-07-21T12:44:52.831069,0.27956752436413285,0.22792333907700157,0.03238026006806649,2.539110603145972,-0.9901761447822124,12,1,0,0,0,SAFE
2026-07-21T12:44:52.915577,0.2697236723281051,0.23685873350429346,-0.34330171538340437,4.335780521852573,-1.4530366371729468,12,1,0,0,0,SAFE
2026-07-21T12:44:52.994166,0.2587667426415048,0.22417041574862664,0.024027564677112423,3.1251325079851746,-1.6509405643926263,12,1,0,0,0,SAFE
2026-07-21T12:44:53.076118,0.27339533688703194,0.22417041574862664,-0.04554924086963297,2.690654688352965,-1.665843587681159,12,1,0,0,0,SAFE
2026-07-21T12:44:53.207690,0.2750469124062389,0.2289375606204396,0.3356791964742456,4.032344258920843,-1.4843676804201087,12,1,1,0,0,PHONE_USAGE
2026-07-21T12:44:53.296850,0.26652712704549697,0.2327798548148034,-0.1586783640051408,1.6908708587489583,-1.516210647069594,12,1,0,0,0,SAFE
2026-07-21T12:44:53.382608,0.2634630883875034,0.22047023006174954,-0.7556432101180235,0.6897465583556086,-1.214878493571577,12,1,0,0,0,SAFE
2026-07-21T12:44:53.469055,0.2772705773537623,0.24562163107673907,-1.107908517564681,3.2072439041050087,-1.4691160224618742,12,1,0,0,0,SAFE
2026-07-21T12:44:53.548006,0.268262273282179,0.2372540596060276,-1.3686974964266483,3.762916508341264,-1.3822010757586516,12,1,0,0,0,SAFE
2026-07-21T12:44:53.631588,0.2696935323712716,0.22953118254038876,11.821891253709623,-4.784226356525367,-1.7958255719234444,12,1,0,0,0,SAFE
2026-07-21T12:44:53.712495,0.2831882206940649,0.24153251918662896,12.045429324025292,-12.242641556867252,-3.3110454263907343,12,1,0,0,0,SAFE
2026-07-21T12:44:53.788580,0.2598714259927919,0.22644851100508254,12.348195976478053,-8.67874168968146,-3.3107420365699625,12,1,0,0,0,SAFE
2026-07-21T12:44:53.877725,0.2576480702817195,0.24220762171118393,12.129637623960491,-7.744661977865189,-3.265524040805502,12,1,0,0,0,SAFE
2026-07-21T12:44:53.959106,0.2632307117763953,0.2250292865389347,10.689166883233383,6.81458048278039,-1.0772236557611166,12,1,0,0,0,SAFE
2026-07-21T12:44:54.044126,0.24461889333244502,0.23730311630916912,10.977493818214953,-15.032331887761488,-4.5215558029914575,12,1,0,0,0,SAFE
2026-07-21T12:44:54.125574,0.25880844469765296,0.2326072590656971,-1.7154345648182243,1.0128353343416039,-2.706613790478996,12,1,1,0,0,PHONE_USAGE
2026-07-21T12:44:54.203154,0.26190245450540506,0.22883900100019258,-1.2697946031691458,2.009858239253811,-2.7508319836365565,12,1,1,0,0,PHONE_USAGE
2026-07-21T12:44:54.290264,0.2603736285581266,0.2250292865389347,10.00483194572027,-10.805389372454416,-4.127356241514207,12,1,1,0,0,PHONE_USAGE
2026-07-21T12:44:54.375917,0.25270944877633783,0.22487335187497368,10.092086913872862,-3.0148359902658486,-3.0168162078203125,12,1,1,0,0,PHONE_USAGE
2026-07-21T12:44:54.457704,0.2724569737548034,0.2250292865389347,10.82333368677726,-12.8193645807391,-4.576862986988516,12,1,1,0,0,PHONE_USAGE
2026-07-21T12:44:54.543116,0.2780287428299236,0.2333524911536964,10.135594997599071,-11.990317427295277,-4.118573431479717,12,1,1,0,0,PHONE_USAGE
2026-07-21T12:44:54.626286,0.2689060100616997,0.2333524911536964,10.485610756903384,-12.264790786832144,-4.241566543942184,12,1,1,0,0,PHONE_USAGE
2026-07-21T12:44:54.706315,0.2684167052991301,0.229377289675257,11.067045940154856,-10.450137242489491,-3.9280424199604624,12,1,1,0,0,PHONE_USAGE
2026-07-21T12:44:54.789868,0.26533921935169225,0.22981517226855527,11.041736033845098,-11.006721548719911,-3.9694506167084285,12,1,1,0,0,PHONE_USAGE
2026-07-21T12:44:54.883580,0.2818676037371822,0.229377289675257,10.955142180269434,-11.098975672517891,-3.984650039347173,12,1,1,0,0,PHONE_USAGE
2026-07-21T12:44:54.962650,0.2824089358329265,0.2299693589160705,10.40233570545476,-13.447658029085646,-4.160840859440327,12,1,1,0,0,PHONE_USAGE
2026-07-21T12:44:55.048066,0.2834378483750423,0.2333524911536964,10.873337890348353,-9.161063030316962,-3.5190863815396938,12,1,1,0,0,PHONE_USAGE
2026-07-21T12:44:55.131705,0.2720234790371859,0.2338883113875984,10.536139360497174,-8.369794549179199,-3.5850423974326873,12,1,1,0,0,PHONE_USAGE
2026-07-21T12:44:55.218097,0.2762923154822808,0.2338883113875984,10.688182926357769,-8.161532929144345,-3.4815452919690983,12,1,1,0,0,PHONE_USAGE
2026-07-21T12:44:55.303578,0.2720234790371859,0.22953118254038876,9.841824124964148,-9.972334352953851,-3.9814310157252066,12,1,1,0,0,PHONE_USAGE
2026-07-21T12:44:55.390797,0.2834378483750423,0.2299693589160705,10.196783800987504,-9.609497942800788,-3.8849425133290083,12,1,1,0,0,PHONE_USAGE
2026-07-21T12:44:55.474893,0.29160525024239514,0.22953118254038876,9.959961709112605,-8.810728716906134,-3.644415268320728,12,1,1,0,0,PHONE_USAGE
2026-07-21T12:44:55.559833,0.28570677076475526,0.2250292865389347,8.954924972579704,2.424535659503898,-2.2465367441186856,12,1,1,0,0,PHONE_USAGE
2026-07-21T12:44:55.649947,0.271925573069116,0.233657882808566,9.615009191681821,-12.710845509510005,-4.344431818739309,12,1,1,0,0,PHONE_USAGE
2026-07-21T12:44:55.731316,0.28259979604891383,0.229377289675257,9.621621896599066,-14.079672892714576,-4.4240329144697625,12,1,1,0,0,PHONE_USAGE
2026-07-21T12:44:55.813446,0.28729330158112515,0.22953118254038876,9.76686918344106,-11.776918118040632,-3.7892046171006655,12,1,1,0,0,PHONE_USAGE
2026-07-21T12:44:55.898066,0.28563127838104013,0.22867501745996474,9.41466056206994,5.066343951797236,-1.7957371490908258,12,1,1,0,0,PHONE_USAGE
2026-07-21T12:44:55.983597,0.2645590823128591,0.22533494665125064,10.624817263404566,-12.22418287379344,-4.378855466040932,12,1,1,0,0,PHONE_USAGE
2026-07-21T12:44:56.072537,0.2572295562879231,0.23777844743231685,10.958295725579319,-5.022371956149298,-3.1465178107987413,12,1,1,0,0,PHONE_USAGE
2026-07-21T12:44:56.155568,0.2678765639077354,0.229377289675257,9.861335291022925,-8.451816588404945,-3.580605434262651,12,1,1,0,0,PHONE_USAGE
2026-07-21T12:44:56.243394,0.26074729668620733,0.23363595148789298,9.81827791252553,-9.974484835718016,-3.7583439174962336,12,1,1,0,0,PHONE_USAGE
2026-07-21T12:44:56.325118,0.26996565395295424,0.22953118254038876,10.04508645592594,-12.619910888664464,-4.404136200914081,12,1,1,0,0,PHONE_USAGE
2026-07-21T12:44:56.408717,0.26407627962689706,0.23363595148789298,9.850659156518304,-12.571158074117763,-4.724175265697966,12,1,1,0,0,PHONE_USAGE
2026-07-21T12:44:56.499618,0.26074729668620733,0.2371330674759309,10.825214617000938,-8.546072553115076,-3.948633280738818,12,1,1,0,0,PHONE_USAGE
2026-07-21T12:44:56.579100,0.2617856203055706,0.2371386595732839,-1.6629165403410582,0.9947543109540136,-2.8827807458804977,12,1,1,0,0,PHONE_USAGE
2026-07-21T12:44:56.668218,0.2692109064237379,0.22487335187497368,10.541553047841063,-14.20460003651526,-4.833546295857047,12,1,1,0,0,PHONE_USAGE
2026-07-21T12:44:56.753433,0.2655879948549749,0.22914441586864437,10.321497576109323,-11.25956337962026,-4.300326692013499,12,1,1,0,0,PHONE_USAGE
2026-07-21T12:44:56.844246,0.26847120242156863,0.2326072590656971,10.649031735817744,-1.3274002716255604,-2.907230503343442,12,1,1,0,0,PHONE_USAGE
2026-07-21T12:44:56.925089,0.2772146088732236,0.2332576791728659,10.892170694716896,-7.633169975029625,-3.734032745775977,12,1,1,0,0,PHONE_USAGE
2026-07-21T12:44:57.008707,0.2713304283871007,0.22914441586864437,9.592906034418377,7.408184648032105,-1.7941232032162304,12,1,1,0,0,PHONE_USAGE
2026-07-21T12:44:57.094114,0.27030151584498485,0.2330847291385785,9.464568797299165,7.979497414771727,-1.7523443847561566,12,1,1,0,0,PHONE_USAGE
2026-07-21T12:44:57.181088,0.2505800211250441,0.22867501745996474,10.923969443271915,-10.803762140908855,-4.106654434951793,12,1,1,0,0,PHONE_USAGE
2026-07-21T12:44:57.270687,0.2491337074146167,0.22867501745996474,-1.7337662190548144,1.8045114897953518,-2.768525537101019,12,1,1,0,0,PHONE_USAGE
2026-07-21T12:44:57.358126,0.2663768632124701,0.2330847291385785,-1.7634811329013758,2.4172682889522807,-3.1165807007198567,12,1,1,0,0,PHONE_USAGE
2026-07-21T12:44:57.437762,0.26666586350549887,0.23690119858575184,-1.2143353138213797,2.366625626098899,-2.822606490337506,12,1,0,0,0,SAFE
2026-07-21T12:44:57.517121,0.2562704614685189,0.22867501745996474,11.24549791142806,-5.220445842343695,-3.349493560305177,12,1,0,0,0,SAFE
2026-07-21T12:44:57.604225,0.2639177645028291,0.23760805798196352,-1.9794727483905206,1.6226772355716295,-3.071960527945586,12,1,0,0,0,SAFE
2026-07-21T12:44:57.688826,0.2673297122997805,0.22844603161865287,10.71123450421183,-0.8149044122861187,-2.8791478094832996,12,1,0,0,0,SAFE
2026-07-21T12:44:57.774141,0.2612792798507687,0.23737012695799845,-1.5207814617970996,1.7347503780336355,-3.277985807655057,12,1,0,0,0,SAFE
2026-07-21T12:44:57.860721,0.2601216887074258,0.22867501745996474,-2.4520297699103537,3.85995729035099,-3.5148795524988086,12,1,0,0,0,SAFE
2026-07-21T12:44:57.946340,0.26337034401370474,0.24169391004325186,-1.9858706284352365,4.323678844916382,-3.278536042003178,12,1,0,0,0,SAFE
2026-07-21T12:44:58.031095,0.25744725982601024,0.24144350556985011,-1.5425317374339897,3.7075047442906017,-3.205150575936824,12,1,0,0,0,SAFE
2026-07-21T12:44:58.112684,0.26400739700322085,0.2289149599908995,-2.1334365805260234,4.623969173606668,-3.484170808249578,12,1,0,0,0,SAFE
2026-07-21T12:44:58.190758,0.25940694946155635,0.2289149599908995,-2.099957313798427,5.376906978696179,-3.5027102796104352,12,1,0,0,0,SAFE
2026-07-21T12:44:58.279111,0.2524232770442993,0.23223696982238698,-1.219295582327078,11.904650908929389,-3.2680982864477293,12,1,0,0,0,SAFE
2026-07-21T12:44:58.364120,0.28634350850931345,0.2286032650965165,-0.7666460801947608,17.34863621622259,-3.4089889360380465,12,1,0,0,0,SAFE
2026-07-21T12:44:58.445217,0.3045017682534149,0.22417041574862664,5.545482610874558,25.74582530719122,1.069634647102589,12,1,0,0,0,SAFE
2026-07-21T12:44:58.527772,0.30172897724395753,0.22417041574862664,5.424089376408432,27.741102734851587,1.9761503338189073,12,1,0,0,0,SAFE
2026-07-21T12:44:58.614586,0.30495289558511485,0.22317870521103678,5.897631015439828,31.643951708474596,3.3557295980628226,12,1,0,0,0,SAFE
2026-07-21T12:44:58.702712,0.3219401424579936,0.227235170843937,-3.5935263752103026,26.713944522666267,-2.77531986633709,12,1,0,0,0,SAFE
2026-07-21T12:44:58.793576,0.3130561577523101,0.22741688632347157,-2.4580852780011924,26.97477313563139,-2.704431673686809,12,1,0,0,0,SAFE
2026-07-21T12:44:58.879612,0.31463544682381905,0.22226264852985722,-3.111857997685206,27.505367067512314,-2.7317295123092893,12,1,0,0,0,SAFE
2026-07-21T12:44:58.966696,0.3070068295371904,0.22809843577569752,-2.7834369713144724,28.61000226576907,-1.6507543080205476,12,1,0,0,0,SAFE
2026-07-21T12:44:59.047788,0.2688472766214853,0.22792333907700157,7.514289552768304,33.62496987252944,7.376268027793742,12,1,0,0,0,SAFE
2026-07-21T12:44:59.129612,0.2637158700603321,0.22711686391537025,7.709810927142399,33.79713098382087,7.332157908774235,12,1,0,0,0,SAFE
2026-07-21T12:44:59.212698,0.2965827742838253,0.21416455049793862,7.638775404768239,33.72905652924328,8.202770741965622,12,1,0,0,0,SAFE
2026-07-21T12:44:59.299720,0.2449066621985213,0.22335836539261958,8.461855925375971,33.13783493195315,9.054803431932811,12,1,0,0,0,SAFE
2026-07-21T12:44:59.380834,0.22165788083772264,0.2281827805006295,7.759909123397392,31.252348299715443,8.258640907142706,12,1,0,0,0,SAFE
2026-07-21T12:44:59.469767,0.23692322390753395,0.2281827805006295,9.77464853937201,27.963132229883986,8.048717229695455,12,1,0,0,0,SAFE
2026-07-21T12:44:59.550910,0.2679607667273265,0.2242673805709731,7.5376552932088146,23.526130651112965,6.246312049706745,12,1,0,0,0,SAFE
2026-07-21T12:44:59.632646,0.28558082671643203,0.22427032086347945,8.333833385993358,19.95005902968193,4.8909137358701855,12,1,0,0,0,SAFE
2026-07-21T12:44:59.715565,0.2829867597586181,0.23806524940085688,9.85104254851899,17.34575529245474,3.828536296973482,12,1,0,0,0,SAFE
2026-07-21T12:44:59.802587,0.2984751691578571,0.22427032086347945,9.767083174884732,17.981955582212702,3.6824793989451905,12,1,0,0,0,SAFE
2026-07-21T12:44:59.885776,0.2994608162948833,0.22417041574862664,10.19603735489585,15.18444810507579,1.7924156918602705,12,1,1,0,0,PHONE_USAGE
2026-07-21T12:44:59.971119,0.29231175309794255,0.22417041574862664,10.40574285967864,15.262502032448817,1.7169865454242768,12,1,1,0,0,PHONE_USAGE
2026-07-21T12:45:00.060765,0.30059182074592955,0.2327798548148034,10.30227856510902,12.276192550442818,0.8579831626392149,12,1,1,0,0,PHONE_USAGE
2026-07-21T12:45:00.137859,0.24309121105629722,0.23781928719103976,14.070839956762228,-9.88491785979681,-2.7988551966801367,12,1,0,0,0,SAFE
2026-07-21T12:45:00.220448,0.26443854471752276,0.23012974108749498,15.178525589386993,-10.328190424596286,-2.5028086505577107,12,1,0,0,0,SAFE
2026-07-21T12:45:00.305327,0.273753720385098,0.22962366707138923,12.579237182628958,-21.76547727233818,-3.0206416496535837,12,1,0,0,0,SAFE
2026-07-21T12:45:00.384589,0.3044253117404119,0.233482095435365,11.969256472444926,-21.342869622616373,-2.889362777672318,12,1,1,0,0,PHONE_USAGE
2026-07-21T12:45:00.465919,0.3036393394192741,0.24166666666666667,12.362542722891448,-19.944943675629972,-2.526307853232794,12,1,1,0,0,PHONE_USAGE
2026-07-21T12:45:00.553867,0.3158427735976522,0.22962366707138923,0.4842231782266708,-6.7100085755974765,0.8231275431557312,12,1,1,0,0,PHONE_USAGE
2026-07-21T12:45:00.640603,0.31387734134976086,0.2251230031890191,-0.08201422057501873,-7.378066913665272,0.667674063857282,12,1,1,0,0,PHONE_USAGE
2026-07-21T12:45:00.724708,0.2943276722843805,0.23333333333333334,12.7573094311565,-19.66805004633674,-2.64653083933527,12,1,1,0,0,PHONE_USAGE
2026-07-21T12:45:00.803292,0.3082873594922838,0.24166666666666667,12.873796299873305,-18.67719524382952,-2.4882093710594404,12,1,1,0,0,PHONE_USAGE
2026-07-21T12:45:00.889892,0.28112161828301824,0.22878070033438377,0.9047986769878378,-2.930644525562568,1.1472053601916028,12,1,1,0,0,PHONE_USAGE
2026-07-21T12:45:00.968253,0.29452631106163557,0.2288135593220339,0.619773671605401,-3.266328861084276,1.1951845734422524,12,1,1,0,0,PHONE_USAGE
2026-07-21T12:45:01.054111,0.28943120918690807,0.225,0.32028203591715965,-2.66152491125727,1.0149641565945016,12,1,1,0,0,PHONE_USAGE
2026-07-21T12:45:01.148124,0.28700300435757564,0.2280350850198276,-0.052919992569542273,-1.2942217098854358,1.0215782086439764,12,1,1,0,0,PHONE_USAGE
2026-07-21T12:45:01.229228,0.2916444786246898,0.23272403288640459,-0.47047327915782944,1.9748974893071842,0.6909027010659813,12,1,1,0,0,PHONE_USAGE
2026-07-21T12:45:01.306955,0.2901559668281044,0.22878070033438377,-0.3000330917996905,0.9308441602769358,0.8376565989833491,12,1,1,0,0,PHONE_USAGE
2026-07-21T12:45:01.388595,0.28592715532905877,0.22878070033438377,-0.16458279096727324,0.8320820420367885,0.8937318629479737,12,1,1,0,0,PHONE_USAGE
2026-07-21T12:45:01.473838,0.2763806319606936,0.22878070033438377,-0.49088586848978366,1.1496421721726227,0.9268294781185497,12,1,1,0,0,PHONE_USAGE
2026-07-21T12:45:01.565655,0.20783740757517138,0.2288135593220339,-0.6185939429358598,2.1567282077317387,0.9320292725596818,12,1,1,0,0,PHONE_USAGE
2026-07-21T12:45:01.645055,0.19375484694586098,0.2288135593220339,-0.29886388654159646,3.283074074638058,0.8837274640459973,12,1,1,0,0,PHONE_USAGE
2026-07-21T12:45:01.725182,0.26791273886331457,0.23728813559322035,-1.8801306656812642,4.533496228285909,0.4993203234262278,12,1,1,0,0,PHONE_USAGE
2026-07-21T12:45:01.810121,0.25579289270279476,0.22878070033438377,-1.0315490486163696,3.8994814001286415,0.6332720122715547,12,1,1,0,0,PHONE_USAGE
2026-07-21T12:45:01.892715,0.27758752308806106,0.24163310884290334,12.340526084710774,-5.204474249597838,0.13506758692631138,12,1,1,0,0,PHONE_USAGE
2026-07-21T12:45:01.970414,0.278126496383404,0.22577708605564104,12.261619555150418,-9.300821463586697,-0.41896329525849296,12,1,1,0,0,PHONE_USAGE
2026-07-21T12:45:02.054570,0.2790084616561934,0.225,12.15542701241094,7.453336257084784,2.0288216746486967,12,1,1,0,0,PHONE_USAGE
2026-07-21T12:45:02.133196,0.2708423665623305,0.22033898305084745,-0.8482986825926275,2.1570878870772976,0.549991189927247,12,1,1,0,0,PHONE_USAGE
2026-07-21T12:45:02.215452,0.2798340017475237,0.22950819672131148,12.458821933546005,4.052814822476096,1.4756323721451565,12,1,1,0,0,PHONE_USAGE
2026-07-21T12:45:02.295656,0.27722841704131285,0.2372540596060276,-0.3095820147237589,3.6214373613587387,0.3192965134904512,12,1,1,0,0,PHONE_USAGE
2026-07-21T12:45:02.380109,0.26624248869547096,0.22947736335021496,13.468232827880485,-7.012176525637232,-0.42413050660493923,12,1,1,0,0,PHONE_USAGE
2026-07-21T12:45:02.463718,0.28076469422654327,0.22131147540983606,13.745776811510638,-10.08798696719786,-0.9196456131709851,12,1,1,0,0,PHONE_USAGE
2026-07-21T12:45:02.546323,0.28023137509999085,0.23330093267590665,0.16231276734797007,0.4826750002448237,0.5928440260668667,12,1,1,0,0,PHONE_USAGE
2026-07-21T12:45:02.626318,0.2824810603577874,0.22128174323056443,12.888194015607809,-13.834683117862427,-1.3861070087141059,12,1,1,0,0,PHONE_USAGE
2026-07-21T12:45:02.710604,0.2759247686224843,0.23333333333333334,13.93195978141992,-11.019808610930946,-0.8153151186118066,12,1,0,0,0,SAFE
2026-07-21T12:45:02.794313,0.27755053298044857,0.22496875650891,13.391581373116992,5.454394641149297,2.2731876412880467,12,1,0,0,0,SAFE
2026-07-21T12:45:02.871419,0.28652662359008774,0.23333333333333334,12.343424452032366,5.723889929695038,2.089716216297319,12,1,0,0,0,SAFE
2026-07-21T12:45:02.954158,0.2887601285066233,0.23333333333333334,13.760836322846842,-3.0542638918793394,0.7837133373379572,12,1,0,0,0,SAFE
2026-07-21T12:45:03.039924,0.2769182036931938,0.23333333333333334,13.134594311673283,-13.958139314121667,-0.804111626326204,12,1,0,0,0,SAFE
2026-07-21T12:45:03.113728,0.281802038835161,0.225,-0.09491311387031942,-2.5276558974021524,1.4218205490592923,12,1,0,0,0,SAFE
2026-07-21T12:45:03.198678,0.28321518270770824,0.225,-0.5935532296795145,-2.885739130399156,1.4036747218468557,12,1,1,0,0,PHONE_USAGE
2026-07-21T12:45:03.280152,0.28465354686959987,0.22950819672131148,12.606915701694618,-16.694680707771717,-1.6326627987723725,12,1,1,0,0,PHONE_USAGE
2026-07-21T12:45:03.364865,0.2949894497049482,0.22950819672131148,12.467296378532865,-15.827739665463053,-1.3957905493144835,12,1,1,0,0,PHONE_USAGE
2026-07-21T12:45:03.452598,0.2918953371070772,0.23333333333333334,13.102993051922226,-12.349043098320612,-0.5284330234447907,12,1,0,0,0,SAFE
2026-07-21T12:45:03.534908,0.2891691375419209,0.23333333333333334,12.834018459951238,-10.657769782336818,-0.25666101190287804,12,1,0,0,0,SAFE
2026-07-21T12:45:03.620998,0.2973020410139593,0.22950819672131148,13.5392581483718,-10.886548657900542,-0.44102142119356813,12,1,0,0,0,SAFE
2026-07-21T12:45:03.703321,0.2678813134343146,0.22897044213739484,-0.6706597469567157,2.712458415073943,0.7944424061223597,12,1,0,0,0,SAFE
2026-07-21T12:45:03.784418,0.28343050180190343,0.2288135593220339,-1.1698330812083952,2.545049958243956,1.0375531418439734,12,1,0,0,0,SAFE
2026-07-21T12:45:03.870062,0.2833623460076119,0.23272403288640459,-0.7880298064170574,5.04833836034414,0.8469958642098409,12,1,0,0,0,SAFE
2026-07-21T12:45:03.957682,0.28636620294789433,0.2288135593220339,-1.070862694069092,3.9769141785134803,0.914084991090254,12,1,0,0,0,SAFE
2026-07-21T12:45:04.036539,0.29632119896405673,0.22878070033438377,-1.211666749903486,5.920603160758072,0.8879898606138773,12,1,0,0,0,SAFE
2026-07-21T12:45:04.112607,0.28867011595653,0.2241046242609822,-1.5534237297423203,5.820306775074261,1.0719835920258378,12,1,0,0,0,SAFE
2026-07-21T12:45:04.193701,0.2977241611386532,0.23214285714285715,-1.6141827228333057,4.983508808885646,1.162413438907683,12,1,0,0,0,SAFE
2026-07-21T12:45:04.275296,0.29471920820041597,0.2328835968632491,-1.4745441452751606,5.758571118488792,1.0521961024716746,12,1,0,0,0,SAFE
2026-07-21T12:45:04.354374,0.29191382177348596,0.23288972948890185,-0.9356650564225788,6.248796561086003,1.1091202545189023,12,1,0,0,0,SAFE
2026-07-21T12:45:04.441610,0.29957090484713844,0.2327798548148034,-0.7076023300759857,11.80124598505676,1.3751504699003299,12,1,0,0,0,SAFE
2026-07-21T12:45:04.521112,0.3066284676149237,0.22417041574862664,-1.069759553031929,9.338278864098145,1.6830615989482325,12,1,0,0,0,SAFE
2026-07-21T12:45:04.608401,0.30002299893067186,0.2327798548148034,-0.5621672108630094,9.886071545173511,1.4787733500214975,12,1,0,0,0,SAFE
2026-07-21T12:45:04.690096,0.29702905822402326,0.23730871241663185,11.3198756389437,12.501281788260638,4.815570762052118,12,1,0,0,0,SAFE
2026-07-21T12:45:04.779237,0.29067436979346717,0.2415030054886715,-0.08529117463726266,6.726637226856602,1.5483436867107523,12,1,1,0,0,PHONE_USAGE
2026-07-21T12:45:04.860820,0.29177115832123496,0.22427032086347945,-0.366708512954375,6.585351465422399,1.7679943853917988,12,1,1,0,0,PHONE_USAGE
2026-07-21T12:45:04.940847,0.2683380447848973,0.22487335187497368,12.767077741755969,9.796291858865654,4.002309198440486,12,1,1,0,0,PHONE_USAGE
2026-07-21T12:45:05.028098,0.25133343493853855,0.22533494665125064,12.598341094989024,10.926394053534157,4.32401879584674,12,1,1,0,0,PHONE_USAGE
2026-07-21T12:45:05.113696,0.2492811064887102,0.22867501745996474,1.1704902478871588,10.929686011365408,1.6162958467500697,12,1,0,0,0,SAFE
2026-07-21T12:45:05.202815,0.2754895887897452,0.22449997144228487,-0.2683491375813958,9.638584487422433,1.550676525804348,12,1,0,0,0,SAFE
2026-07-21T12:45:05.285521,0.29081315199142216,0.22809843577569752,0.5629713890531036,8.059262859804706,1.55141362195041,12,1,0,0,0,SAFE
2026-07-21T12:45:05.362447,0.29936548316941747,0.22883900100019258,0.3541161180909569,11.78825190506757,1.006757776392145,12,1,0,0,0,SAFE
2026-07-21T12:45:05.447048,0.30890384513015445,0.2326072590656971,0.19936055091520188,11.448889111292642,0.9832770626456809,12,1,0,0,0,SAFE
2026-07-21T12:45:05.533628,0.30035444010554646,0.2328835968632491,0.289154627376945,9.387942619935327,0.996536224276729,12,1,0,0,0,SAFE
2026-07-21T12:45:05.626750,0.2984671335340034,0.2289375606204396,-0.06045779595183376,10.053669187909833,1.0175705818677032,12,1,0,0,0,SAFE
2026-07-21T12:45:05.704190,0.30169778406966785,0.22962366707138923,11.108218980037606,13.21508095252909,4.032900876260413,12,1,1,0,0,PHONE_USAGE
2026-07-21T12:45:05.792741,0.2972333633772717,0.22947736335021496,11.929000477433846,9.524976963040677,3.5159057508826663,12,1,0,0,0,SAFE
2026-07-21T12:45:05.872658,0.29665577468656446,0.22947736335021496,12.167149500387325,9.539722398364937,3.588308102453311,12,1,0,0,0,SAFE
2026-07-21T12:45:05.952712,0.2846203778806977,0.23730311630916912,12.342136245141546,13.474497975426523,3.835499537216492,12,1,0,0,0,SAFE
2026-07-21T12:45:06.036194,0.2882392326733363,0.22938493774533134,12.248564664889557,10.13956356859643,3.2416214564414076,12,1,0,0,0,SAFE
2026-07-21T12:45:06.122702,0.2941348222826777,0.23320381162846934,11.723624378663942,12.133652697872787,3.8305497266645716,12,1,0,0,0,SAFE
2026-07-21T12:45:06.199791,0.29380637541097765,0.22878070033438377,-0.3457894552132075,7.789179691615777,0.5321658604969187,12,1,1,0,0,PHONE_USAGE
2026-07-21T12:45:06.279897,0.2967639340449242,0.2280350850198276,-0.35549968043093827,6.899428043093547,0.4926955098324076,12,1,1,0,0,PHONE_USAGE
2026-07-21T12:45:06.363621,0.29328719918389873,0.22496875650891,12.288857274139218,9.469831080131861,2.8599975170332357,12,1,1,0,0,PHONE_USAGE
2026-07-21T12:45:06.447500,0.2949894497049482,0.22878070033438377,-0.0047292162285259565,8.365727230278758,0.31803704772062613,12,1,1,0,0,PHONE_USAGE
2026-07-21T12:45:06.531613,0.3010434416177177,0.2415030054886715,12.214306923724166,13.316740857793448,3.346540822318559,12,1,1,0,0,PHONE_USAGE
2026-07-21T12:45:06.617609,0.28792612980643156,0.23344967412083872,12.511020503072785,11.913526808435016,3.572897238989782,12,1,1,0,0,PHONE_USAGE
2026-07-21T12:45:06.704728,0.2884495422540004,0.2251230031890191,12.604095751124731,11.798240534292933,3.494014794879405,12,1,1,0,0,PHONE_USAGE
2026-07-21T12:45:06.792342,0.2900712882591414,0.2333524911536964,12.879867342086584,9.043993636159229,2.980182315935849,12,1,1,0,0,PHONE_USAGE
2026-07-21T12:45:06.876408,0.29482672709008406,0.22938493774533134,13.491317730196613,9.904780539212414,3.2414471457072125,12,1,1,0,0,PHONE_USAGE
2026-07-21T12:45:06.958167,0.30098576855341297,0.23728813559322035,13.001154023318037,11.77674531883137,3.505173345341973,12,1,1,0,0,PHONE_USAGE
2026-07-21T12:45:07.041092,0.2956443893765281,0.22950819672131148,12.784429955749033,11.100924725141887,3.3199658969815857,12,1,1,0,0,PHONE_USAGE
2026-07-21T12:45:07.119106,0.29027157810562154,0.2250292865389347,12.95958717103477,12.108123758663387,3.4912387078944107,12,1,1,0,0,PHONE_USAGE
2026-07-21T12:45:07.199702,0.3013296694052054,0.23320381162846934,12.735161789727584,12.488661269452159,3.691224053419546,12,1,1,0,0,PHONE_USAGE
2026-07-21T12:45:07.282789,0.2920318910710017,0.22883900100019258,12.056718247165435,14.034685057898804,3.8473435682037973,12,1,1,0,0,PHONE_USAGE
2026-07-21T12:45:07.369149,0.3000767535788964,0.22953118254038876,13.403893854016957,12.05912355211523,3.741786800622691,12,1,1,0,0,PHONE_USAGE
2026-07-21T12:45:07.449686,0.2930194841519386,0.24513106233948506,12.225236937655751,14.410363835003839,4.1659574406905335,12,1,1,0,0,PHONE_USAGE
2026-07-21T12:45:07.537305,0.29448851162308176,0.24111687146765862,12.337119351782462,14.40382111011869,4.042316282462025,12,1,1,0,0,PHONE_USAGE
2026-07-21T12:45:07.616298,0.30192246434641734,0.2250292865389347,12.287756517877682,13.691306735181868,4.0533686692091635,12,1,1,0,0,PHONE_USAGE
2026-07-21T12:45:07.704609,0.2972653059387689,0.24577282772560838,11.985862217122872,13.956479509626611,4.231752330880397,12,1,1,0,0,PHONE_USAGE
2026-07-21T12:45:07.791218,0.30971590889203027,0.22953118254038876,12.68392085689706,11.756949474478107,3.8407759104780155,12,1,1,0,0,PHONE_USAGE
2026-07-21T12:45:07.870201,0.3085946560091467,0.22496875650891,-0.2723198455094291,9.945748799070174,0.5604145412485154,12,1,1,0,0,PHONE_USAGE
2026-07-21T12:45:07.953285,0.2960120691449588,0.23344967412083872,12.024391269604394,13.520780928891579,4.062114613211264,12,1,1,0,0,PHONE_USAGE
2026-07-21T12:45:08.041418,0.2923535077000381,0.22962366707138923,12.66296233054564,11.412066209236846,3.667852593993871,12,1,1,0,0,PHONE_USAGE
2026-07-21T12:45:08.129023,0.2845819822622824,0.2333524911536964,12.675544546332247,12.695883372552851,3.854608076665187,12,1,1,0,0,PHONE_USAGE
2026-07-21T12:45:08.212701,0.28358204594078706,0.23740532137440992,0.7689827775478193,8.992780877446146,0.7761341377717709,12,1,0,0,0,SAFE
2026-07-21T12:45:08.301310,0.29837124708713414,0.23740532137440992,13.49971793069048,11.88681806526271,4.027947126880264,12,1,0,0,0,SAFE
2026-07-21T12:45:08.379110,0.28112697840244255,0.22947736335021496,13.288368477588563,12.95896921027522,4.172293946700108,12,1,0,0,0,SAFE
2026-07-21T12:45:08.461217,0.28409656892097135,0.22947736335021496,13.498722615555835,11.121159682242885,3.8028483644105506,12,1,0,0,0,SAFE
2026-07-21T12:45:08.544597,0.31003200955159305,0.23333333333333334,13.485162636920393,12.220047916686818,3.8100080457039667,12,1,0,0,0,SAFE
2026-07-21T12:45:08.622610,0.3012950094387472,0.2250292865389347,13.709025157878472,10.969302472208884,3.4497850714897993,12,1,0,0,0,SAFE
2026-07-21T12:45:08.707271,0.2898163237607739,0.2333524911536964,13.442705237755717,13.01524510178503,3.9041667863157556,12,1,0,0,0,SAFE
2026-07-21T12:45:08.787470,0.300285249708339,0.23767298346986548,13.241008968072919,10.718098968292171,3.3027496553864637,12,1,0,0,0,SAFE
2026-07-21T12:45:08.869997,0.2951710874657487,0.2409706266726012,12.213851379775917,13.880132941276768,3.6296795539383595,12,1,0,0,0,SAFE
2026-07-21T12:45:08.956070,0.29348032024586557,0.22962366707138923,13.635296023646845,12.163982658085896,3.628777110669688,12,1,0,0,0,SAFE
2026-07-21T12:45:09.040664,0.2985463602618279,0.22938493774533134,13.887269620446887,12.325030501519526,3.6540026092497158,12,1,0,0,0,SAFE
2026-07-21T12:45:09.127972,0.313815365578619,0.22962366707138923,13.54207625222341,13.655000983536489,4.076504442631233,12,1,0,0,0,SAFE
2026-07-21T12:45:09.205921,0.3126685463592148,0.23330093267590665,13.468578213891021,15.04525709581208,4.713830608594833,12,1,0,0,0,SAFE
2026-07-21T12:45:09.293612,0.3029747401246353,0.24576957615571215,13.278268441576245,13.827899388301908,4.298427096500916,12,1,0,0,0,SAFE
2026-07-21T12:45:09.374594,0.3094920952028648,0.22947736335021496,13.597451316129991,13.995291883369301,4.343515028645953,12,1,0,0,0,SAFE
2026-07-21T12:45:09.456686,0.31200944982555223,0.22487510407030972,12.940116629414632,15.836891932068337,4.583874014436958,12,1,0,0,0,SAFE
2026-07-21T12:45:09.537430,0.2975743434132295,0.23330093267590665,13.394022157631326,14.88277078859082,4.254955262880117,12,1,0,0,0,SAFE
2026-07-21T12:45:09.616776,0.2951832778533738,0.2333524911536964,12.868945231835625,13.847756069687225,4.1646650726503935,12,1,0,0,0,SAFE
2026-07-21T12:45:09.702617,0.29707480664779173,0.2333524911536964,13.265468948500626,14.312122538814236,4.056610920728133,12,1,0,0,0,SAFE
2026-07-21T12:45:09.784590,0.30224054728033156,0.22962366707138923,13.540303061771453,12.352911951978873,3.8688793214518,12,1,0,0,0,SAFE
2026-07-21T12:45:09.865898,0.2989932577610742,0.22868220824386049,12.20130671414006,12.478236874723816,4.097856513277549,12,1,0,0,0,SAFE
2026-07-21T12:45:09.954004,0.3182138707434753,0.22878070033438377,-0.6321718983592461,10.730026220741467,0.6799610388097721,12,1,0,0,0,SAFE
2026-07-21T12:45:10.036823,0.3271739629636312,0.22868220824386049,-0.20224488813420294,9.784022777364228,0.791044929457522,12,1,0,0,0,SAFE
2026-07-21T12:45:10.116395,0.33388612469873186,0.2289375606204396,-0.34044481692640716,11.968748598651969,0.6549461465077524,12,1,0,0,0,SAFE
2026-07-21T12:45:10.212250,0.31199290085659426,0.22883900100019258,-0.39394760213446034,11.013091218478257,0.5929756732927676,12,1,1,0,0,PHONE_USAGE
2026-07-21T12:45:10.297673,0.3094943535971555,0.22809843577569752,-0.760144074578335,10.006101674596666,0.8457790610737067,12,1,1,0,0,PHONE_USAGE
2026-07-21T12:45:10.378998,0.3018771020826705,0.22417041574862664,-0.8859271469993075,11.107436273048698,0.852801814839482,12,1,1,0,0,PHONE_USAGE
2026-07-21T12:45:10.463690,0.307236065782375,0.23278598470857137,-0.8215331406100859,11.689543941082428,0.5813555327554489,12,1,1,0,0,PHONE_USAGE
2026-07-21T12:45:10.543169,0.3075066946632773,0.22883900100019258,-0.37601072122811274,11.405622437689846,0.7739043301983853,12,1,1,0,0,PHONE_USAGE
2026-07-21T12:45:10.622342,0.30951473518031813,0.22883900100019258,-0.298640889916129,9.869750098855743,0.9223106128611309,12,1,1,0,0,PHONE_USAGE
2026-07-21T12:45:10.702436,0.3256401127183764,0.2241046242609822,-0.40353425163172574,10.000086089238135,0.6482065494171273,12,1,1,0,0,PHONE_USAGE
2026-07-21T12:45:10.780759,0.3120003112604063,0.2368056652128979,-0.12263759743029823,11.068030392077615,0.6795557748459761,12,1,1,0,0,PHONE_USAGE
2026-07-21T12:45:10.859751,0.3013807724463752,0.2368056652128979,-0.6967541390599763,9.874188326892055,0.6636017588138131,12,1,1,0,0,PHONE_USAGE
2026-07-21T12:45:10.940336,0.30878847999423265,0.2368056652128979,-0.9270503785264168,8.67879543525962,0.5848334345354484,12,1,1,0,0,PHONE_USAGE
2026-07-21T12:45:11.024169,0.31068780955812614,0.2368056652128979,-0.8330553827060783,10.304982206623217,0.5345032501806625,12,1,1,0,0,PHONE_USAGE
2026-07-21T12:45:11.106906,0.29946768833832194,0.2241046242609822,-0.6277762638283662,9.620897187329126,0.5044563451451088,12,1,1,0,0,PHONE_USAGE
2026-07-21T12:45:11.193020,0.308231278937139,0.2241046242609822,-0.9614891749874062,11.067797359875422,0.2116619911122793,12,1,1,0,0,PHONE_USAGE
2026-07-21T12:45:11.273598,0.29172821345706246,0.2326072590656971,-0.9036017617967502,10.35426150071102,0.7551470711195728,12,1,1,0,0,PHONE_USAGE
2026-07-21T12:45:11.355689,0.2831442507837948,0.22820368769352323,-0.92679965736545,9.673185585952195,0.7694120949071003,12,1,1,0,0,PHONE_USAGE
2026-07-21T12:45:11.442786,0.25046179529729895,0.23696802770383635,-0.8402374158804378,8.063896148944043,1.0840901730711676,12,1,1,0,0,PHONE_USAGE
2026-07-21T12:45:11.526382,0.2388863418056788,0.2280350850198276,-1.198613214061794,5.496917781725376,1.296640462275211,12,1,1,0,0,PHONE_USAGE
2026-07-21T12:45:11.608061,0.27885345195961486,0.22427032086347945,-0.6114781063250234,7.744631145228464,0.8773309349751163,12,1,1,0,0,PHONE_USAGE
2026-07-21T12:45:11.703558,0.2860401971878437,0.2241046242609822,-0.7342652226915902,9.27044358020371,0.5922638070856954,12,1,1,0,0,PHONE_USAGE
2026-07-21T12:45:11.790701,0.29840882426800386,0.22878070033438377,-0.33040161770097143,9.023876945072965,0.6939145013936336,12,1,1,0,0,PHONE_USAGE
2026-07-21T12:45:11.873348,0.2845169615055422,0.23330093267590665,-0.25947824750619475,8.206312900561464,0.7385404440040276,12,1,1,0,0,PHONE_USAGE
2026-07-21T12:45:11.956930,0.3048308831929506,0.22580645161290322,12.756033511144494,10.235173211664183,3.4447825365604956,12,1,0,0,0,SAFE
2026-07-21T12:45:12.035512,0.30674785303792607,0.22128174323056443,12.62182642938734,9.064144237606397,3.2962277632108226,12,1,0,0,0,SAFE
2026-07-21T12:45:12.116275,0.3021867667057473,0.23740532137440992,12.256379945783806,13.136379035020818,3.8798150705579815,12,1,0,0,0,SAFE
2026-07-21T12:45:12.190753,0.3030589437345987,0.2251230031890191,12.465903738114207,13.365376625249,3.992373413843694,12,1,0,0,0,SAFE
2026-07-21T12:45:12.279837,0.3005591997817999,0.2289375606204396,0.584359454351727,10.228270021294476,0.6234010567689664,12,1,0,0,0,SAFE
2026-07-21T12:45:12.365997,0.3005591997817999,0.23262036191850743,0.7148660467245236,12.039788197148093,0.4766780834091354,12,1,0,0,0,SAFE
2026-07-21T12:45:12.452390,0.321232014618464,0.2251230031890191,0.8382652114639768,10.03934672797874,0.6667724272419812,12,1,0,0,0,SAFE
2026-07-21T12:45:12.542546,0.3277629517041103,0.241343441511827,0.14904728787811905,12.107224714763323,0.6827729335269732,12,1,0,0,0,SAFE
2026-07-21T12:45:12.623822,0.3118141902413871,0.22417041574862664,-0.5292033208364728,12.3400250896483,0.8347976229140786,12,1,0,0,0,SAFE
2026-07-21T12:45:12.698690,0.30790093815828157,0.22417041574862664,-0.25433446777452673,11.775986143372618,0.8485060200350889,12,1,0,0,0,SAFE
2026-07-21T12:45:12.775103,0.3252777861734314,0.23272403288640459,-0.42023020218684337,12.578455143017184,0.7237090709687384,12,1,0,0,0,SAFE
2026-07-21T12:45:12.860889,0.2953330056735629,0.22883900100019258,-0.40899596044437203,11.65781679546162,0.8510907336440985,12,1,0,0,0,SAFE
2026-07-21T12:45:12.942578,0.30753665228130067,0.22878070033438377,-0.03167539393993479,9.620654713389497,0.9529756867806235,12,1,0,0,0,SAFE
2026-07-21T12:45:13.023571,0.31176709167621985,0.23262036191850743,-0.5686664136269144,9.344061170907086,1.0179970596795835,12,1,0,0,0,SAFE
2026-07-21T12:45:13.110470,0.29582770724375773,0.23272403288640459,-0.4004913437745756,10.74377157461558,0.9125079226078068,12,1,0,0,0,SAFE
2026-07-21T12:45:13.192260,0.2589655637984238,0.23262036191850743,-0.6066201778810125,10.719831239641312,0.6083772346096992,12,1,0,0,0,SAFE
2026-07-21T12:45:13.275700,0.2501913499737958,0.23684210526315788,-1.1860426330283644,8.493017224671133,0.7427197960667956,12,1,0,0,0,SAFE
2026-07-21T12:45:13.360619,0.26650132862121567,0.2280350850198276,-1.0532261552983755,9.40100021522328,0.8357638270721024,12,1,0,0,0,SAFE
2026-07-21T12:45:13.442718,0.28542591283409946,0.2280350850198276,-0.6535128070798635,9.535808291242331,1.0410595061494423,12,1,0,0,0,SAFE
2026-07-21T12:45:13.524806,0.28241552443348855,0.23216647881498811,-0.7467325659727067,9.571015418436753,0.9437447103838924,12,1,0,0,0,SAFE
2026-07-21T12:45:13.608889,0.28592229101027733,0.2372540596060276,-0.5814777230667403,8.383168198153372,0.8248847662804483,12,1,0,0,0,SAFE
2026-07-21T12:45:13.692586,0.2754827578246092,0.23685873350429346,-0.24290101167872535,9.41743985876319,0.7400827544015354,12,1,0,0,0,SAFE
2026-07-21T12:45:13.780087,0.2768206476974394,0.23272403288640459,-1.6473383459457693,9.908918129951713,0.67099054453863,12,1,0,0,0,SAFE
2026-07-21T12:45:13.865634,0.26995126831293115,0.22496875650891,11.748179022926251,10.694437455956162,3.5905695627203045,12,1,0,0,0,SAFE
2026-07-21T12:45:13.957597,0.2764503642600348,0.22878070033438377,-0.895801492412545,5.928390682920287,1.4835823829693195,12,1,0,0,0,SAFE
2026-07-21T12:45:14.037178,0.2649173978260727,0.23715191966029978,11.347089439799987,9.738499827808004,3.9100381828152138,12,1,0,0,0,SAFE
2026-07-21T12:45:14.124577,0.2807214388062596,0.2241046242609822,-0.7134112647482311,5.596116621870582,1.9950687331482928,12,1,0,0,0,SAFE
2026-07-21T12:45:14.207614,0.2801909180941125,0.2279299108647889,-1.111109592051406,4.260509872899002,1.9217713533586558,12,1,1,0,0,PHONE_USAGE
2026-07-21T12:45:14.291702,0.2567107646338437,0.23669644589805,-0.2557154361565779,3.943724682876052,2.122862563172672,12,1,1,0,0,PHONE_USAGE
2026-07-21T12:45:14.377494,0.25297139494111404,0.2327798548148034,-0.9457182261903654,2.953036954369612,2.2760982031350205,12,1,1,0,0,PHONE_USAGE
2026-07-21T12:45:14.468118,0.2634740557107206,0.2327798548148034,0.06751969427804738,3.6609869175643177,2.198275475695983,12,1,1,0,0,PHONE_USAGE
2026-07-21T12:45:14.547681,0.24908070211242195,0.2289375606204396,-0.9742910236981288,1.2340499724404244,2.0873275048185067,12,1,1,0,0,PHONE_USAGE
2026-07-21T12:45:14.626772,0.25611484201709683,0.22427032086347945,-0.9366820532422366,0.7338841413450896,2.1786934071259973,12,1,1,0,0,PHONE_USAGE
2026-07-21T12:45:14.710417,0.27110287113200227,0.2289375606204396,-0.09741308547077665,2.157577574293713,1.8857683428928118,12,1,1,0,0,PHONE_USAGE
2026-07-21T12:45:14.799089,0.2568281931378502,0.23730311630916912,0.6675552490040673,1.9222690935750448,1.6955321547557576,12,1,1,0,0,PHONE_USAGE
2026-07-21T12:45:14.877330,0.27022809386866276,0.2250292865389347,0.2555323836083687,3.752807582556199,1.644288811748728,12,1,1,0,0,PHONE_USAGE
2026-07-21T12:45:14.967106,0.27356075460042467,0.23335799409709432,0.5302234399955807,3.108162115393454,1.3871639879905686,12,1,1,0,0,PHONE_USAGE
2026-07-21T12:45:15.045329,0.2854678851064678,0.22867501745996474,0.47203670029898603,3.3004594208253497,1.4450889234146014,12,1,1,0,0,PHONE_USAGE
2026-07-21T12:45:15.124895,0.2717294809513603,0.22496875650891,0.24059348760414423,3.7775081029803355,1.5667284283903837,12,1,1,0,0,PHONE_USAGE
2026-07-21T12:45:15.203969,0.2833778478511057,0.23741091989208343,0.3729639245050862,5.1430971555865925,1.2807381239233753,12,1,1,0,0,PHONE_USAGE
2026-07-21T12:45:15.293166,0.28507959631136015,0.2289375606204396,0.19283181164126972,2.5543154848418723,1.8094446255896794,12,1,1,0,0,PHONE_USAGE
2026-07-21T12:45:15.379091,0.2871343843003249,0.2289375606204396,-0.14916849170396063,3.5187560380982195,1.5472949430903988,12,1,1,0,0,PHONE_USAGE
2026-07-21T12:45:15.469461,0.2871772240886654,0.2251230031890191,-0.05675286939387547,3.1452689566857814,1.610339122008537,12,1,1,0,0,PHONE_USAGE
2026-07-21T12:45:15.551195,0.28112999402065403,0.23335799409709432,12.977007619746985,8.819589688083155,3.6657902596755036,12,1,1,0,0,PHONE_USAGE
2026-07-21T12:45:15.632635,0.30378730147683414,0.2251230031890191,-0.34691661578673916,5.091042596252998,1.322368548174066,12,1,1,0,0,PHONE_USAGE
2026-07-21T12:45:15.714284,0.25985722218927,0.2250292865389347,-1.1205196503341313,5.905514628503554,1.436410704500332,12,1,1,0,0,PHONE_USAGE
2026-07-21T12:45:15.797869,0.16988137582140866,0.22884502711773275,-0.5242106402311322,4.501575368157641,2.494715728717662,12,1,1,0,0,PHONE_USAGE
2026-07-21T12:45:15.882619,0.15217230223161263,0.2327798548148034,-1.8343348467499254,4.2357694729739706,2.2518724245488055,12,1,1,0,0,PHONE_USAGE
2026-07-21T12:45:15.971622,0.1393267198196589,0.22883900100019258,-1.5447713621560126,3.4331005141467377,2.21611467452034,12,1,1,0,0,PHONE_USAGE
2026-07-21T12:45:16.055752,0.12110081899648444,0.2327798548148034,-1.4034165431398264,3.6415548640772397,2.0065350254683,12,1,1,0,0,PHONE_USAGE
2026-07-21T12:45:16.138333,0.11796532360216834,0.2366769120807801,-1.478228305909738,5.145638823023087,1.9125086802119555,12,1,1,0,0,PHONE_USAGE
2026-07-21T12:45:16.226086,0.1138726521907682,0.22417041574862664,-0.7642026638949915,4.0546868073888875,2.088773270002613,12,1,1,0,0,PHONE_USAGE
2026-07-21T12:45:16.312661,0.10276167268002191,0.22417041574862664,-0.687779147146216,3.8307362293856557,2.0709364652169993,12,1,1,0,0,PHONE_USAGE
2026-07-21T12:45:16.396351,0.11858172228939617,0.23730311630916912,-0.38369864483223637,3.951229593700641,2.218590714112847,12,1,1,0,0,PHONE_USAGE
2026-07-21T12:45:16.485951,0.12594078064595673,0.22883900100019258,-0.519925744339929,2.9039109431136194,2.4647018927033284,12,1,1,0,0,PHONE_USAGE
2026-07-21T12:45:16.573125,0.11026836643759952,0.23319628803228906,-0.8415286090342136,2.801092657147843,2.3155286950407,12,1,1,0,0,PHONE_USAGE
2026-07-21T12:45:16.650241,0.0997925093165685,0.2333524911536964,-0.3478295431048082,2.4400997167162486,2.028491996805115,12,1,1,0,0,PHONE_USAGE
2026-07-21T12:45:16.739381,0.11813698735220879,0.22851833705961724,-1.3471050551820838,3.773071363981666,1.767559452403726,12,1,1,0,0,PHONE_USAGE
2026-07-21T12:45:16.820976,0.13542127550584993,0.22883900100019258,-1.546897631661011,2.531882147368182,1.6366846921684381,12,1,1,0,0,PHONE_USAGE
2026-07-21T12:45:16.905079,0.17061898908605733,0.2327798548148034,-2.4994958537041327,2.811884818191227,1.4872161369324446,12,1,1,0,0,PHONE_USAGE
2026-07-21T12:45:16.987177,0.18089828321000243,0.22417041574862664,-2.317517926157194,1.9029367558825083,1.572492133212471,12,1,1,0,0,PHONE_USAGE
2026-07-21T12:45:17.072286,0.184966431339151,0.2415030054886715,-2.62389848740213,2.0817927732260557,1.2938831353171256,12,1,1,0,0,PHONE_USAGE
2026-07-21T12:45:17.158009,0.19394284898159664,0.2328835968632491,-2.649104425597841,2.600766114872869,1.2637877914704059,12,1,1,0,0,PHONE_USAGE
2026-07-21T12:45:17.243619,0.1994106679244538,0.22496875650891,-2.5262746570717525,0.8433430735492508,1.8684812851222554,12,1,1,0,0,PHONE_USAGE
2026-07-21T12:45:17.328779,0.20234331866690305,0.22953659536927834,-2.3343740467053635,1.8197962470856637,1.8479628568594015,13,1,1,0,0,PHONE_USAGE
2026-07-21T12:45:17.427587,0.2081575577416438,0.23730311630916912,-2.300504632290199,1.9063296770712135,1.6314637525662574,13,1,1,1,0,PHONE_USAGE
2026-07-21T12:45:17.522680,0.18945054210547863,0.22953118254038876,-1.9267926737197456,2.5876656171555172,1.6842356038144488,13,1,1,1,0,PHONE_USAGE
2026-07-21T12:45:17.610736,0.16423719426891048,0.22487510407030972,-2.294419164816361,1.5120096886344891,1.8618157439855736,13,1,1,1,0,PHONE_USAGE
2026-07-21T12:45:17.694439,0.16995280981051422,0.22883900100019258,-0.7573361619189143,2.6570959630853235,1.1182062330964166,13,1,1,1,0,PHONE_USAGE
2026-07-21T12:45:17.781284,0.20485571353129922,0.2250292865389347,-1.9292143549574519,4.366085708902765,1.3647687172719996,14,1,0,1,0,DROWSY
2026-07-21T12:45:17.871128,0.19379475423964324,0.2415137250594863,-1.375307989010082,5.431605935816545,1.2470987672996527,14,1,0,1,0,DROWSY
2026-07-21T12:45:17.957719,0.19215487100931405,0.22883900100019258,-1.555076566633744,3.6833340818639497,1.7551372010110369,14,1,0,1,0,DROWSY
2026-07-21T12:45:18.044733,0.20195357108038858,0.23730871241663185,-1.6329340096572196,5.507869546586954,1.3589866906475323,14,1,0,1,0,DROWSY
2026-07-21T12:45:18.129386,0.20485999996040835,0.23730871241663185,-1.5388007889353332,4.405557380324132,1.4216868328960983,14,1,0,1,0,DROWSY
2026-07-21T12:45:18.214480,0.19198048301043236,0.2250292865389347,13.51561849192018,1.3848329597299454,2.2790552805820994,14,1,0,1,0,DROWSY
2026-07-21T12:45:18.299077,0.19950202314506807,0.2250292865389347,-2.4707619373782848,1.0005813807269726,1.7556017953482483,14,1,1,1,0,PHONE_USAGE
2026-07-21T12:45:18.378825,0.20023924320895947,0.22953118254038876,12.35668053222642,0.9869917170398986,2.436723899549719,14,1,1,1,0,PHONE_USAGE
2026-07-21T12:45:18.461468,0.19332523649968308,0.229377289675257,12.357845811160502,-12.517562667368086,0.018934531301198376,14,1,1,1,0,PHONE_USAGE
2026-07-21T12:45:18.548478,0.1908830082136845,0.22953118254038876,13.203617260767174,-8.404428894305468,0.5729188456374175,14,1,1,1,0,PHONE_USAGE
2026-07-21T12:45:18.630419,0.19946539274647634,0.22953118254038876,13.435599701456312,-7.011899025739892,0.8275706306758082,14,1,1,1,0,PHONE_USAGE
2026-07-21T12:45:18.718722,0.1775232866290477,0.23730871241663185,-1.5371166179434965,2.9660538536281913,1.3464299355951383,14,1,1,1,0,PHONE_USAGE
2026-07-21T12:45:18.805165,0.18091502088134911,0.23335799409709432,-2.280440956207997,2.639511469870356,1.3478633153530386,14,1,1,1,0,PHONE_USAGE
2026-07-21T12:45:18.888765,0.16834156113560206,0.2250292865389347,-1.55182201419359,1.2184654986513461,1.1744506590814945,14,1,1,1,0,PHONE_USAGE
2026-07-21T12:45:18.969355,0.15813950948839373,0.23741091989208343,-0.8611936841233501,4.8196498363452545,1.1382050647035373,14,1,0,1,0,DROWSY
2026-07-21T12:45:19.057636,0.18052538790076156,0.22883900100019258,-0.9427078198232834,5.862055930992188,0.7194671174563085,14,1,0,1,0,DROWSY
2026-07-21T12:45:19.139076,0.2351440004983973,0.22417041574862664,-1.5313893542997619,6.500123033921195,0.8267946614465198,15,1,0,1,0,DROWSY
2026-07-21T12:45:19.222802,0.2516464328523175,0.23262036191850743,12.485322541455758,9.49068324854692,3.4490632309269245,15,1,0,0,0,SAFE
2026-07-21T12:45:19.310013,0.2478218282101797,0.2327798548148034,12.656004444259338,8.249037230580786,3.2519254724753637,15,1,0,0,0,SAFE
2026-07-21T12:45:19.390881,0.2439116554845092,0.22883900100019258,13.000972651322144,-6.891924073406626,0.9494498356114605,15,1,1,0,0,PHONE_USAGE
2026-07-21T12:45:19.469014,0.2273492921167389,0.22867501745996474,11.802186185972914,-15.547186246150968,-0.5440547069575814,15,1,1,0,0,PHONE_USAGE
2026-07-21T12:45:19.555123,0.24596774135910593,0.23330093267590665,12.834108669472755,6.163591002710831,2.7718872773842804,15,1,1,0,0,PHONE_USAGE
2026-07-21T12:45:19.634222,0.24067731647365376,0.22953118254038876,12.763797826599728,10.026322383954135,3.709770065923152,15,1,0,0,0,SAFE
2026-07-21T12:45:19.715817,0.2635745387404147,0.22883900100019258,12.661897004298737,10.031671862133294,3.732299859033475,15,1,0,0,0,SAFE
2026-07-21T12:45:19.797600,0.2553918553277338,0.22487510407030972,13.620814897350897,5.130558451306582,3.0430407435893585,15,1,0,0,0,SAFE
2026-07-21T12:45:19.874180,0.22831882391186134,0.22487510407030972,12.608331492297168,-13.603893403165596,0.06347523717451509,15,1,1,0,0,PHONE_USAGE
2026-07-21T12:45:19.958092,0.24323770950154916,0.22487335187497368,13.398017319200648,5.584678776710654,3.2534900214857885,15,1,1,0,0,PHONE_USAGE
2026-07-21T12:45:20.047568,0.2342338671627538,0.24139542377474812,-2.5467392340635797,1.587779690402177,2.0527394812295494,15,1,1,0,0,PHONE_USAGE
2026-07-21T12:45:20.132957,0.23200761479447315,0.22883900100019258,-2.1213182246490305,1.0970579511763163,1.8466782596984648,15,1,1,0,0,PHONE_USAGE
2026-07-21T12:45:20.213222,0.229610589120745,0.22487335187497368,12.548310441652632,-12.173297854155345,0.1220701046061663,15,1,1,0,0,PHONE_USAGE
2026-07-21T12:45:20.302536,0.22271268000553845,0.22487335187497368,12.867213551448714,-10.494060715503627,0.36835649741570364,15,1,1,0,0,PHONE_USAGE
2026-07-21T12:45:20.389225,0.21446203273071401,0.2371386595732839,-2.7608479453187442,1.7066994812211704,1.4351040562869333,15,1,1,0,0,PHONE_USAGE
2026-07-21T12:45:20.476179,0.20459454606010696,0.22867501745996474,-1.8702521350634242,4.603922499235724,0.894192628301876,15,1,1,0,0,PHONE_USAGE
2026-07-21T12:45:20.563782,0.18555001536930782,0.2327798548148034,-2.2520672710486735,4.014364393160303,0.7846470017755631,15,1,1,0,0,PHONE_USAGE
2026-07-21T12:45:20.648379,0.18573627935921078,0.23262036191850743,-1.2938201078094664,4.40210524606533,0.7992155673285246,15,1,1,0,0,PHONE_USAGE
2026-07-21T12:45:20.733989,0.1725960218244978,0.22427032086347945,-1.8084181694781023,3.8848104493764786,0.7425519537666762,15,1,1,0,0,PHONE_USAGE
2026-07-21T12:45:20.821649,0.16258429625481685,0.23278598470857137,-1.8512686563953764,4.405135062554695,0.7177717461140268,15,1,1,0,0,PHONE_USAGE
2026-07-21T12:45:20.903265,0.16490859074389685,0.22037531570129348,-2.394893858403236,3.002478412887973,0.873863433468875,15,1,1,0,0,PHONE_USAGE
2026-07-21T12:45:20.981292,0.1612876518192783,0.22883900100019258,-2.278226931639324,4.349254681091431,0.8181286248059144,15,1,1,0,0,PHONE_USAGE
2026-07-21T12:45:21.068090,0.15009526965131956,0.2372540596060276,-1.529006697845034,3.679656474075084,0.8242306789355571,15,1,1,0,0,PHONE_USAGE
2026-07-21T12:45:21.150804,0.1530003650011567,0.22878070033438377,-1.5274749061389343,4.581211347130653,0.7282792872293038,15,1,1,0,0,PHONE_USAGE
2026-07-21T12:45:21.235418,0.13727465956793594,0.22883900100019258,-1.9623974184734152,4.4036733439828915,0.885213952530069,15,1,1,0,0,PHONE_USAGE
2026-07-21T12:45:21.314493,0.1465929413317502,0.22867501745996474,-2.0241635384287804,4.832623107087959,0.7681199844790744,15,1,1,0,0,PHONE_USAGE
2026-07-21T12:45:21.398387,0.16806388661914134,0.23730311630916912,-1.3634979292521052,6.733386509529198,0.5417919124195438,15,1,1,0,0,PHONE_USAGE
2026-07-21T12:45:21.493142,0.16032511989271286,0.2333524911536964,-1.941906804576007,5.542205608682079,0.5261539206885674,15,1,1,1,0,PHONE_USAGE
2026-07-21T12:45:21.581201,0.16741340709951738,0.22883900100019258,-1.7961084185749314,5.526916022693398,0.6543086948965627,15,1,1,1,0,PHONE_USAGE
2026-07-21T12:45:21.666799,0.14615647868167014,0.2250292865389347,-0.9322282611992136,5.712642777377443,0.4491134410515463,15,1,1,1,0,PHONE_USAGE
2026-07-21T12:45:21.747152,0.15317807368521863,0.23756411620855591,13.627993687356678,1.6026291536414115,1.598734555660684,15,1,1,1,0,PHONE_USAGE
2026-07-21T12:45:21.831138,0.14969825913589024,0.23781928719103976,13.530425719679158,-1.6985020902697654,1.1665356772737994,15,1,1,1,0,PHONE_USAGE
2026-07-21T12:45:21.920982,0.17008433747710605,0.23772350174557916,13.544760234504423,1.5958497526953195,1.9492045802283826,15,1,1,1,0,PHONE_USAGE
2026-07-21T12:45:22.008698,0.1841685487368272,0.2333524911536964,13.674867676934923,-4.2555543685086406,1.1067276117706228,15,1,1,1,0,PHONE_USAGE
2026-07-21T12:45:22.092669,0.1845463861492482,0.23344967412083872,-2.0642332530744625,1.94892176348881,1.3722461021168901,15,1,1,1,0,PHONE_USAGE
2026-07-21T12:45:22.174257,0.20541108890264753,0.2250292865389347,14.319778463897876,-4.78991747046318,1.1133803374581248,16,1,1,1,0,PHONE_USAGE
2026-07-21T12:45:22.270689,0.20305224342740552,0.2333524911536964,12.769590354683544,-13.20044068652053,-0.3780879063818645,16,1,1,1,0,PHONE_USAGE
2026-07-21T12:45:22.348287,0.22100029339454558,0.22953118254038876,13.389218464347408,-12.777388850247002,0.10683712921715482,16,1,1,1,0,PHONE_USAGE
2026-07-21T12:45:22.433747,0.22323763312885944,0.22953118254038876,12.76853815820732,-13.466103164458591,0.039123480160128565,16,1,1,1,0,PHONE_USAGE
2026-07-21T12:45:22.520792,0.2343989998941361,0.2333524911536964,11.909745710744431,-14.898122296033343,-0.29171263357486055,16,1,1,1,0,PHONE_USAGE
2026-07-21T12:45:22.607746,0.23057853611552054,0.2333524911536964,-1.733637596605206,-2.6368905688600113,2.40463208044417,16,1,1,1,0,PHONE_USAGE
2026-07-21T12:45:22.692345,0.22667550764011646,0.23730871241663185,-0.9088289285980125,-1.6519954161744737,2.1621571911613295,16,1,1,1,0,PHONE_USAGE
2026-07-21T12:45:22.781146,0.2238435896237687,0.22868220824386049,-2.2761131782989423,-2.621994783201853,2.275403641020952,16,1,1,1,0,PHONE_USAGE
2026-07-21T12:45:22.864760,0.23122519171513328,0.24168119871185603,-0.9304017524259223,-1.754695763683149,2.298085616158049,16,1,1,1,0,PHONE_USAGE
2026-07-21T12:45:22.953653,0.2317286646978475,0.2327798548148034,-2.058163431444001,-1.513215770829368,2.3985214064995954,16,1,1,1,0,PHONE_USAGE
2026-07-21T12:45:23.036575,0.21289507497549193,0.22867501745996474,-2.2063622734256114,-0.34009890456394476,2.1295291895159765,16,1,1,1,0,PHONE_USAGE
2026-07-21T12:45:23.115848,0.1767507903174947,0.22883900100019258,-2.832244985400706,3.414098178476638,1.1286713583687369,16,1,1,1,0,PHONE_USAGE
2026-07-21T12:45:23.204454,0.16681102070348114,0.2250292865389347,-1.4199596692706677,4.046040348195031,0.8775567661558591,16,1,1,1,0,PHONE_USAGE
2026-07-21T12:45:23.291678,0.15846292376696985,0.22953118254038876,13.671894555712015,0.31858553480352697,1.6131004501598056,16,1,1,1,0,PHONE_USAGE
2026-07-21T12:45:23.371311,0.16513354598790486,0.23320381162846934,13.082276449762901,-2.5740063766159693,0.9834396003726624,16,1,1,1,0,PHONE_USAGE
2026-07-21T12:45:23.457110,0.17413428593571076,0.2333524911536964,-2.588545628545063,5.382754170684107,0.5485973417111916,16,1,1,1,0,PHONE_USAGE
2026-07-21T12:45:23.544641,0.1655807985813672,0.22868220824386049,-2.1008479139659926,3.977382212470338,0.9103259312692632,16,1,1,1,0,PHONE_USAGE
2026-07-21T12:45:23.624145,0.16117810654154957,0.2333524911536964,-1.557373665079325,5.059877133678688,0.45750822762782956,16,1,1,1,0,PHONE_USAGE
2026-07-21T12:45:23.700909,0.158836734556484,0.2251230031890191,-1.513066451742958,6.092294572017227,0.5217074184342584,16,1,0,1,0,DROWSY
2026-07-21T12:45:23.789246,0.14926424510139397,0.2251230031890191,-2.0203795508680287,5.250985850271062,0.4448857754123619,16,1,0,1,0,DROWSY
2026-07-21T12:45:23.873178,0.14505094897117263,0.2250292865389347,-1.7967066093801805,6.208934713256635,0.508193802281713,16,1,0,1,0,DROWSY
2026-07-21T12:45:23.950535,0.18189184944275066,0.2372540596060276,-2.417592839390295,3.1886420163721803,0.7304079140221371,16,1,1,1,0,PHONE_USAGE
2026-07-21T12:45:24.034136,0.19046219652579477,0.23344967412083872,-2.786394788078411,2.808208283554364,0.8786719598259736,16,1,1,1,0,PHONE_USAGE
2026-07-21T12:45:24.110738,0.23233454916626167,0.22953118254038876,13.506202574443137,5.763453592736641,2.6470642608502146,17,1,0,1,0,DROWSY
2026-07-21T12:45:24.194536,0.23064051734232283,0.22128174323056443,13.883041179548542,2.7564752749110526,1.967574965957823,17,1,0,1,0,DROWSY
2026-07-21T12:45:24.280618,0.23408822552785785,0.23345517935601576,-1.3933358700392944,3.7108220643835494,0.8660664912633035,17,1,0,1,0,DROWSY
2026-07-21T12:45:24.366222,0.24866162640852785,0.22962366707138923,13.620966325966663,6.103433736309955,2.710110943152415,17,1,0,1,0,DROWSY
2026-07-21T12:45:24.450105,0.25589946733849667,0.23344967412083872,13.871718163525799,-7.497087741060116,0.27669450484768277,17,1,1,0,0,PHONE_USAGE
2026-07-21T12:45:24.534355,0.2312191194854247,0.22878070033438377,-1.0856177474383344,2.1099116533709,1.2017641873310767,17,1,1,0,0,PHONE_USAGE
2026-07-21T12:45:24.624125,0.2532311683682588,0.23262036191850743,-1.6012121946953641,3.1181204479382107,1.3404344479396977,17,1,1,0,0,PHONE_USAGE
2026-07-21T12:45:24.707389,0.26235395778866416,0.2327798548148034,-2.114087215541474,4.541679167323849,1.2696523708511138,17,1,1,0,0,PHONE_USAGE
2026-07-21T12:45:24.796498,0.2590154208751788,0.22883900100019258,-2.512106255987817,1.0003392806612021,1.5190354704390474,17,1,1,0,0,PHONE_USAGE
2026-07-21T12:45:24.878741,0.26904369367315645,0.22400420350975234,-1.5953373225633243,0.38146727815320675,1.6644799668713242,17,1,1,0,0,PHONE_USAGE
2026-07-21T12:45:24.965599,0.25065969466851734,0.22496875650891,-1.4510169941689526,2.1041749969269894,1.333101866036808,17,1,1,0,0,PHONE_USAGE
2026-07-21T12:45:25.049174,0.25065969466851734,0.22496875650891,-1.5019549733464999,2.428410541733517,1.3391921851941828,17,1,1,0,0,PHONE_USAGE
2026-07-21T12:45:25.129838,0.24487664136841483,0.2333524911536964,-0.838603225597808,1.837464510470888,1.5644673343972688,17,1,1,0,0,PHONE_USAGE
2026-07-21T12:45:25.212956,0.25392624825331456,0.2333524911536964,-1.0732739262853102,2.209784815744641,1.5763854067259226,17,1,1,0,0,PHONE_USAGE
2026-07-21T12:45:25.292555,0.2442399883902673,0.23320381162846934,-1.9158776283845782,0.628303976598678,1.730190077934092,17,1,1,0,0,PHONE_USAGE
2026-07-21T12:45:25.374136,0.25031892860819815,0.2250292865389347,13.020512291490661,3.990167342080891,2.347975452950692,17,1,1,0,0,PHONE_USAGE
2026-07-21T12:45:25.457221,0.2567212880012887,0.2250292865389347,12.56566363239503,-11.82917204772956,-0.34052852244545306,17,1,1,0,0,PHONE_USAGE
2026-07-21T12:45:25.534797,0.26723143397174054,0.2250292865389347,12.685811606200389,4.384057083589634,2.379866216754067,17,1,1,0,0,PHONE_USAGE
2026-07-21T12:45:25.617169,0.2790220107856465,0.22883900100019258,12.695540039152007,8.756236670945805,3.3456405338726256,17,1,0,0,0,SAFE
2026-07-21T12:45:25.698119,0.26834341954213,0.22037531570129348,13.771367455435666,7.800277129179106,3.2282182859186435,17,1,0,0,0,SAFE
2026-07-21T12:45:25.781214,0.25098664199265786,0.23335799409709432,13.95728921316234,4.889204105939228,2.477442701374059,17,1,0,0,0,SAFE
2026-07-21T12:45:25.867320,0.24491936216930582,0.22883900100019258,13.570243587029466,7.652807613432942,2.813775533786668,17,1,0,0,0,SAFE
2026-07-21T12:45:25.954399,0.23500763232258784,0.22868220824386049,-1.2417786314072998,4.165945557216247,0.7438596921351187,17,1,0,0,0,SAFE
2026-07-21T12:45:26.033789,0.2169659059271546,0.23730871241663185,-0.7363472284536954,5.258955050959695,0.6563894606663156,17,1,0,0,0,SAFE
2026-07-21T12:45:26.112738,0.1994704626343312,0.2250292865389347,-0.964553839668298,6.358737488009062,0.31352760946608227,17,1,0,0,0,SAFE
2026-07-21T12:45:26.197773,0.18637539370668063,0.2328835968632491,0.03514274190422384,5.084348846111815,0.3923414233680181,17,1,0,0,0,SAFE
2026-07-21T12:45:26.276886,0.16814077289755297,0.22962908208125893,-0.09015493413278364,4.082809755641067,0.2120888848024473,17,1,0,0,0,SAFE
2026-07-21T12:45:26.361155,0.1748472475830461,0.24181542876869833,0.2959708149924438,4.7590560594626155,0.5341675790698313,17,1,0,0,0,SAFE
2026-07-21T12:45:26.439839,0.1852624061805741,0.2289375606204396,-1.3114326725020362,4.23553983969161,0.16586913487415855,17,1,0,0,0,SAFE
2026-07-21T12:45:26.523725,0.15364819308314898,0.24587868064605375,-1.32475431811136,5.2400342726640075,0.2912756689347039,17,1,0,0,0,SAFE
2026-07-21T12:45:26.605506,0.15472470293505167,0.23741091989208343,-1.1252436580661254,4.92051231672764,0.15629201246334656,17,1,0,0,0,SAFE
2026-07-21T12:45:26.689048,0.17714771255553127,0.23272403288640459,-1.107556522952251,7.372916083497991,-0.12172879712172995,17,1,0,0,0,SAFE
2026-07-21T12:45:26.769797,0.15972656132628582,0.23272403288640459,-0.7236204499298253,7.618384936639247,-0.07533077663143312,17,1,0,0,0,SAFE
2026-07-21T12:45:26.864265,0.15463217384009115,0.2372540596060276,-0.758343214746219,6.145073022527317,0.03898644861574293,17,1,0,0,0,SAFE
2026-07-21T12:45:26.949689,0.1635922821071511,0.23344967412083872,-0.9902834499348785,5.079581853232562,0.2622683218339457,17,1,0,0,0,SAFE
2026-07-21T12:45:27.027776,0.146579089012764,0.22427032086347945,-0.9885930681188597,4.625126134965176,0.6892944826797222,17,1,0,0,0,SAFE
2026-07-21T12:45:27.113501,0.14950467449787194,0.23345517935601576,-0.021990661150624646,4.635230473395625,0.48125666300760117,17,1,0,0,0,SAFE
2026-07-21T12:45:27.190926,0.15381481735048977,0.2333524911536964,-0.9096156597539959,5.397857781030632,0.32748210937497885,17,1,0,0,0,SAFE
2026-07-21T12:45:27.269555,0.14843905502936033,0.22953118254038876,-0.8867974755693808,4.7293647608314915,0.38444484129694717,17,1,0,0,0,SAFE
2026-07-21T12:45:27.356714,0.14809041000821044,0.2333524911536964,-1.2173619648067984,4.501464072412612,0.4138732918764158,17,1,0,0,0,SAFE
2026-07-21T12:45:27.448315,0.1525544553656617,0.2250292865389347,-2.1373598327959655,1.8298722519660304,0.43112164179322504,17,1,1,1,0,PHONE_USAGE
2026-07-21T12:45:27.531408,0.1533382357892942,0.23730311630916912,-1.8295669352580433,3.4719709443943385,0.49759909232160204,17,1,1,1,0,PHONE_USAGE
2026-07-21T12:45:27.620113,0.1629332315055516,0.23345517935601576,-2.105189526742379,4.4074738955402415,0.32244776248161144,17,1,1,1,0,PHONE_USAGE
2026-07-21T12:45:27.698700,0.16899446339255142,0.22496875650891,-0.6719400281786818,5.491967599000507,0.7666874811247711,17,1,0,1,0,DROWSY
2026-07-21T12:45:27.778092,0.1755953712279362,0.24092070022125814,-1.5164161631329875,5.410922157121777,0.534405361221858,17,1,0,1,0,DROWSY
2026-07-21T12:45:27.861140,0.1825166560069026,0.23335799409709432,-1.872716828668132,5.189683557077633,0.39172745204462445,17,1,0,1,0,DROWSY
2026-07-21T12:45:27.947184,0.17123599569368783,0.22962366707138923,-1.859889746810751,6.715664404692118,0.36676748162593,17,1,0,1,0,DROWSY
2026-07-21T12:45:28.035769,0.1645485302999672,0.22962366707138923,13.25774180318038,4.704359204548206,2.230038455668222,17,1,0,1,0,DROWSY
2026-07-21T12:45:28.120742,0.18022388941237907,0.2251230031890191,-0.8137532528650979,5.784048540371611,0.4862415189566892,17,1,0,1,0,DROWSY
2026-07-21T12:45:28.208911,0.18317337095057332,0.2250292865389347,-0.8160802115636727,6.455199822148195,0.5137656290032167,17,1,0,1,0,DROWSY
2026-07-21T12:45:28.286502,0.17796892077089743,0.22487335187497368,-1.5134650554134055,5.665223552840618,0.6910136016582353,17,1,0,1,0,DROWSY
2026-07-21T12:45:28.367193,0.18124352463005727,0.22119261854014094,-1.9818174982324308,5.904495487465621,0.7095473122334832,17,1,0,1,0,DROWSY
2026-07-21T12:45:28.446690,0.17780139499048578,0.22134427616408794,-1.8148677208422725,6.1122140811984496,0.618091943602254,17,1,0,1,0,DROWSY
2026-07-21T12:45:28.531292,0.15978754034352624,0.23320381162846934,-1.79037374017895,5.685406370520369,0.8997015694101796,17,1,0,1,0,DROWSY
2026-07-21T12:45:28.614070,0.16658890527764347,0.2371330674759309,-0.7105877979598745,7.922525449048095,0.6232367088143793,17,1,0,1,0,DROWSY
2026-07-21T12:45:28.695152,0.196218094149947,0.2375857558946063,14.050798280140896,11.731195312593332,4.794063351653392,17,1,0,1,0,DROWSY
2026-07-21T12:45:28.775711,0.1637554704511177,0.23286764202289537,0.14092896440291725,16.79587811693537,1.8277922436429999,17,1,0,1,0,DROWSY
2026-07-21T12:45:28.856106,0.16242891963888884,0.23658252036697208,2.5823847587774935,18.237284189404917,3.0323259869496084,17,1,0,1,0,DROWSY
2026-07-21T12:45:28.935151,0.1810664466564031,0.23189827660677517,-2.5046308678435025,29.37762705214345,3.376315705420528,17,1,0,1,0,DROWSY
2026-07-21T12:45:29.019240,0.1607111480643973,0.2271424434863913,-4.8595493461263,32.53745046358524,3.379498357611778,17,1,0,1,0,DROWSY
2026-07-21T12:45:29.100753,0.1351238795217815,0.23611403060364355,-5.146758878755861,31.8598854579265,3.5367716423877873,17,1,0,1,0,DROWSY
2026-07-21T12:45:29.182391,0.238240021753475,0.2328470476094368,-10.30794389381262,45.674718875144436,2.6054970557423136,18,1,0,1,0,DROWSY
2026-07-21T12:45:29.269035,0.28743038798111215,0.23990777087347337,-8.391346477504072,44.986613682439305,2.3311580246792167,18,1,0,0,0,SAFE
2026-07-21T12:45:29.351686,0.30974168921428097,0.22999475156169497,-10.01305510366015,46.56254241611245,3.4639604696245816,18,1,0,0,0,SAFE
2026-07-21T12:45:29.436097,0.2678343345442663,0.21555025099411323,4.166074349319246,39.87168220290045,14.309329551041003,18,1,0,0,0,SAFE
2026-07-21T12:45:29.522520,0.3107739499620792,0.21659404439656293,-11.662235074893402,43.84532409104001,3.0196312842147623,18,1,0,0,0,SAFE
2026-07-21T12:45:29.611285,0.2712781032361562,0.2417574695895165,-11.59146297105329,46.153760380727554,3.016201908375045,18,1,0,0,0,SAFE
2026-07-21T12:45:29.687134,0.3003333596982035,0.23580092641798447,1.6567293546900146,40.26363569046652,11.603787240085381,18,1,0,0,0,SAFE
2026-07-21T12:45:29.764177,0.2751832190772818,0.21980214624374877,-12.922254484451514,47.7542944605759,-1.61658631065493,18,1,0,0,0,SAFE
2026-07-21T12:45:29.849420,0.2365213172298275,0.24460305126892953,-13.353490907453732,46.43687722394189,-2.2936162902508834,18,1,0,0,0,SAFE
2026-07-21T12:45:29.927424,0.2698037635119364,0.23590472131796722,-14.309098316420602,45.25077705536786,-3.470532592833753,18,1,0,0,0,SAFE
2026-07-21T12:45:30.016767,0.27079186000550104,0.2483138722202418,-13.789924478221593,48.7194479564473,-0.9351045221259053,18,1,0,0,0,SAFE
2026-07-21T12:45:30.095862,0.21804133575235946,0.24954777301378925,-11.967587937552764,47.21023820425935,0.25705878121279474,18,1,0,0,0,SAFE
2026-07-21T12:45:30.183051,0.23899899970489086,0.25816431288368635,-11.396332757334477,47.26712432407236,-0.6625669385000688,18,1,0,0,0,SAFE
2026-07-21T12:45:30.264122,0.24608481069443713,0.2586833587509997,-16.16954732036814,0.21119038918010322,19.182976538996947,18,1,0,0,0,SAFE
2026-07-21T12:45:30.352842,0.2216655114560455,0.25152626236870695,-19.930672539767016,0.05914052053499297,4.088036881177825,18,1,0,0,0,SAFE
2026-07-21T12:45:30.433633,0.24810113813022622,0.23409643557947246,1.4452034982646182,40.54885383627076,11.749897765927898,18,1,0,0,0,SAFE
2026-07-21T12:45:30.521739,0.2758461098207739,0.22396751996843214,-12.072418528804008,45.58792514535399,0.6358252172357778,18,1,0,0,0,SAFE
2026-07-21T12:45:30.607221,0.2894330540222243,0.21340472228219637,2.0745072818097867,41.7167427271208,12.072111193081184,18,1,0,0,0,SAFE
2026-07-21T12:45:30.690305,0.29661649103062143,0.2272992954611633,1.0913747137333587,40.682825022626844,12.516066758372943,18,1,0,0,0,SAFE
2026-07-21T12:45:30.771257,0.29130487315944453,0.22927098118364628,3.5456003697799474,42.220337686676174,13.273630953116765,18,1,0,0,0,SAFE
2026-07-21T12:45:30.851287,0.26338287236153113,0.23979374869083597,2.340002973804161,40.53656192561333,13.929565207237744,18,1,0,0,0,SAFE
2026-07-21T12:45:30.940687,0.26812574211784346,0.2573281855499908,3.704586636098014,41.567897278702006,13.600716467834133,18,1,0,0,0,SAFE
2026-07-21T12:45:31.021355,0.2586433846061608,0.2213271508410133,-0.20208830391288757,39.4748126997738,13.048314046173402,18,1,0,0,0,SAFE
2026-07-21T12:45:31.105722,0.2801954527543353,0.22284845940331652,0.2635536820352229,40.258716818416126,12.462916942939671,18,1,0,0,0,SAFE
2026-07-21T12:45:31.185505,0.2679956579193584,0.2269575917246983,1.109181452910832,40.114362395435535,11.874989359166307,18,1,0,0,0,SAFE
2026-07-21T12:45:31.266076,0.2927103641439795,0.23236589415524547,1.6553531433337128,41.77528241896618,11.924323714061728,18,1,0,0,0,SAFE
2026-07-21T12:45:31.346167,0.27206411923438334,0.2410605938119912,-0.4658635239339617,39.02418554155838,11.293146091851611,18,1,0,0,0,SAFE
2026-07-21T12:45:31.431076,0.2600181865112349,0.22989453565798776,1.2757317791915739,38.0845421977975,12.43030023921915,18,1,0,0,0,SAFE
2026-07-21T12:45:31.511199,0.2495658297811168,0.23951347961326427,1.2660938991442663,38.36328112425442,12.674289309468861,18,1,0,0,0,SAFE
2026-07-21T12:45:31.598214,0.2562274829720772,0.22999475156169497,-12.72447641881584,44.428689488419316,1.1945228956662592,18,1,0,0,0,SAFE
2026-07-21T12:45:31.681494,0.26116514933986545,0.21898420829105308,-11.946598839073062,42.82717129220209,1.1657430171186103,18,1,0,0,0,SAFE
2026-07-21T12:45:31.764558,0.2800343563071143,0.21158106471788157,-12.074325561091172,43.93499544125711,2.049577845207544,18,1,0,0,0,SAFE
2026-07-21T12:45:31.844140,0.2840952744568481,0.23154902602118207,-10.921788021311528,43.09563494508052,1.863026829959962,18,1,0,0,0,SAFE
2026-07-21T12:45:31.928230,0.2620909427951853,0.22512460123726744,-11.682714891723691,41.84584416024729,2.2733231968636836,18,1,0,0,0,SAFE
2026-07-21T12:45:32.015680,0.2720929018762809,0.23123050045445465,-12.045887161874361,42.330199383747946,2.0470928796313688,18,1,0,0,0,SAFE
2026-07-21T12:45:32.097122,0.27655174089688767,0.2146403054055949,-12.094734045311952,42.14199676618644,1.6498775457219388,18,1,0,0,0,SAFE
2026-07-21T12:45:32.181215,0.2891714135272367,0.2370801773145871,-10.259154725734533,43.61104947094969,2.4452917588180543,18,1,0,0,0,SAFE
2026-07-21T12:45:32.259738,0.32657464778823714,0.22144790269759643,-10.628129289065924,45.124654713227415,0.5874545549459295,18,1,0,0,0,SAFE
2026-07-21T12:45:32.341184,0.3243997571453543,0.2152023975185306,-11.470807994510295,46.730754544464496,-0.8015420766408793,18,1,0,0,0,SAFE
2026-07-21T12:45:32.422444,0.29624520529115134,0.22004151083384338,-12.575248168826732,46.82233227339168,-1.6349545233957592,18,1,0,0,0,SAFE
2026-07-21T12:45:32.497674,0.24471907734928014,0.22360679774997896,-8.773332060801323,40.42649961325382,0.8445155208247389,18,1,0,0,0,SAFE
2026-07-21T12:45:32.579252,0.26779803370831223,0.2288666434880528,-8.303128064257493,41.397106582539614,1.6518663828007436,18,1,0,0,0,SAFE
2026-07-21T12:45:32.661517,0.21059713017294804,0.2351319373701837,-10.866360469886388,36.95041763327566,-0.5547696140776424,18,1,0,0,0,SAFE
2026-07-21T12:45:32.740810,0.2517885498708736,0.2265555861776941,-6.625006499016308,33.52114791592671,0.005134469993072349,18,1,0,0,0,SAFE
2026-07-21T12:45:32.827874,0.24736457787869848,0.23643744119216994,-3.238849342066004,26.056129660501547,0.08071221557990352,18,1,0,0,0,SAFE
2026-07-21T12:45:32.910145,0.2787629501641694,0.22449997144228487,-2.1492050519749455,21.339395807215507,0.588873603149847,18,1,0,0,0,SAFE
2026-07-21T12:45:32.989804,0.2824938071317562,0.23668314459746218,8.751639429379338,13.517461341202377,3.9457978252916917,18,1,0,0,0,SAFE
2026-07-21T12:45:33.076141,0.2749750595093877,0.22400420350975234,9.560916480017625,12.323454542142526,3.6606863002191403,18,1,0,0,0,SAFE
2026-07-21T12:45:33.156808,0.2597528369179972,0.241343441511827,-2.0730030890831017,3.336973547463481,0.6370903724852793,18,1,0,0,0,SAFE
2026-07-21T12:45:33.236634,0.24398850395494995,0.22417041574862664,-1.545719404463597,6.119392162130886,0.6273691058391716,18,1,0,0,0,SAFE
2026-07-21T12:45:33.323506,0.2574653292566989,0.22427032086347945,-2.557390025381494,1.7432071871509875,1.1742902589670463,18,1,0,0,0,SAFE
2026-07-21T12:45:33.403590,0.2317005457496839,0.2241046242609822,-0.9575893751616036,0.07563293151514942,1.2069019029114327,18,1,0,0,0,SAFE
2026-07-21T12:45:33.486126,0.21968829595370382,0.22496875650891,12.713745146434348,-17.589849013868022,-1.4691461813215199,18,1,0,0,0,SAFE
2026-07-21T12:45:33.568720,0.23225857695124547,0.22487510407030972,10.679486913227294,-19.799042042997378,-1.788653975393288,18,1,0,0,0,SAFE
2026-07-21T12:45:33.651678,0.24828425817416697,0.22577708605564104,12.377333900421604,-17.327035354653304,-1.997597117034985,18,1,0,0,0,SAFE
2026-07-21T12:45:33.730836,0.24721726200869482,0.22962366707138923,12.11800428248742,-17.808146625236763,-2.5493956841949625,18,1,0,0,0,SAFE
2026-07-21T12:45:33.809915,0.2621969472363208,0.23333333333333334,13.809183433193596,-10.570052882821718,-1.388126940851862,18,1,0,0,0,SAFE
2026-07-21T12:45:33.893686,0.2432398240901384,0.23333333333333334,13.278517261608613,-16.490729192543398,-2.2048624673278994,18,1,0,0,0,SAFE
2026-07-21T12:45:33.977921,0.2582437934011501,0.23767298346986548,13.329163335814798,-15.121689508077157,-2.015626517869805,18,1,0,0,0,SAFE
2026-07-21T12:45:34.060804,0.27762454068580844,0.22947736335021496,14.375936794330244,-8.373374825426701,-0.8499262494545405,18,1,0,0,0,SAFE
2026-07-21T12:45:34.144259,0.275864949490616,0.22580645161290322,13.65517780178888,-12.537459364219735,-1.5161040452289285,18,1,0,0,0,SAFE
2026-07-21T12:45:34.223346,0.25914051435138274,0.22950819672131148,14.47282847648711,-16.014357576926912,-1.9886802515521254,18,1,0,0,0,SAFE
2026-07-21T12:45:34.306525,0.29451310187099333,0.23770491803278687,14.226349856441374,-13.870030081359875,-1.366757458287566,18,1,0,0,0,SAFE
2026-07-21T12:45:34.392618,0.27358054037102364,0.2288135593220339,14.308363705326713,-17.96607241891158,-1.759589906930671,18,1,0,0,0,SAFE
2026-07-21T12:45:34.478787,0.22061016324365867,0.22496875650891,13.989007486674126,-16.296729814090984,-1.6017676329518622,18,1,0,0,0,SAFE
2026-07-21T12:45:34.565664,0.19718660813710365,0.2372540596060276,12.83460426796745,-14.42919108800487,-1.1893379799834918,18,1,0,0,0,SAFE
2026-07-21T12:45:34.650315,0.22946964760517546,0.2333524911536964,14.270297861940605,-12.314724929542733,-0.23036532415855504,18,1,0,0,0,SAFE
2026-07-21T12:45:34.732702,0.23367408160007075,0.22487510407030972,14.495893482750517,-13.958214183437804,-0.6930405526792924,18,1,0,0,0,SAFE
2026-07-21T12:45:34.819697,0.2539740359965057,0.2250292865389347,14.535355780538481,-15.27774519213906,-1.0059715468632646,18,1,0,0,0,SAFE
2026-07-21T12:45:34.900113,0.27974243514118374,0.23330093267590665,13.77639884705468,-18.026053425509033,-1.718206902411623,18,1,0,0,0,SAFE
2026-07-21T12:45:34.982381,0.2707245905711748,0.23330093267590665,13.731700051700443,-18.402229324714824,-1.7821463601435994,18,1,0,0,0,SAFE
2026-07-21T12:45:35.058693,0.27159164970727057,0.22947736335021496,13.470033890206167,-18.372697176832194,-1.8750593232338417,18,1,0,0,0,SAFE
2026-07-21T12:45:35.138026,0.25636429985126663,0.22580645161290322,14.317585199903988,-17.783239813857996,-2.137466943824535,18,1,0,0,0,SAFE
2026-07-21T12:45:35.231636,0.2801016486662676,0.2289375606204396,14.063532927425115,-2.417171302960724,0.7569625392939372,18,1,0,0,0,SAFE
2026-07-21T12:45:35.320069,0.2789779045525196,0.23730871241663185,-0.40816311755784795,7.989352581085121,0.17408143492542805,18,1,0,0,0,SAFE
2026-07-21T12:45:35.403744,0.2734614424278994,0.233482095435365,13.58947660755166,9.158230624648079,2.642327925320103,18,1,0,0,0,SAFE
2026-07-21T12:45:35.484346,0.27730670524920986,0.22496875650891,-0.9352386888111823,7.30284716959059,-0.06159055794944787,18,1,0,0,0,SAFE
2026-07-21T12:45:35.576108,0.26193705063770356,0.22878070033438377,13.258187314979068,7.685563429406328,2.554426139201553,18,1,0,0,0,SAFE
2026-07-21T12:45:35.661128,0.2583744994462871,0.24163310884290334,14.140929444338099,0.37983126584467664,1.289907304307718,18,1,0,0,0,SAFE
2026-07-21T12:45:35.739813,0.26059451417271023,0.23344967412083872,13.382195279411917,1.224705947688031,1.6078538033985126,18,1,0,0,0,SAFE
2026-07-21T12:45:35.815400,0.26411931116038556,0.2328835968632491,13.633486008691193,1.8671328560746308,1.8261848507637808,18,1,0,0,0,SAFE
2026-07-21T12:45:35.899038,0.25203639685726276,0.23767298346986548,13.30581226629306,3.1510865654768954,2.018764148526344,18,1,0,0,0,SAFE
2026-07-21T12:45:35.987326,0.27503818101572775,0.23384055341477106,13.556986332585552,-1.1229830470948339,1.68018597643632,18,1,0,0,0,SAFE
2026-07-21T12:45:36.071425,0.26877776748587856,0.23772350174557916,13.939458263905436,-1.7818309210492662,1.7888939993615907,18,1,0,0,0,SAFE
2026-07-21T12:45:36.152452,0.26895753276490464,0.22592103065812197,14.386602755216103,-6.577029052493042,1.3571606501312203,18,1,0,0,0,SAFE
2026-07-21T12:45:36.241127,0.25574810418264055,0.22592103065812197,13.954502332829406,-3.4354549489525525,1.7074204398273878,18,1,0,0,0,SAFE
2026-07-21T12:45:36.319643,0.2573869170680642,0.22143346196160837,13.982137180650625,-5.667366737776043,1.145538990490536,18,1,1,0,0,PHONE_USAGE
2026-07-21T12:45:36.404749,0.2446742624185499,0.2338932700595246,13.461733510765015,-14.502992980208917,-0.6151377168700947,18,1,1,0,0,PHONE_USAGE
2026-07-21T12:45:36.483851,0.21378613390803464,0.229377289675257,14.278234446384403,-9.245620234256922,0.6413292754746465,18,1,1,0,0,PHONE_USAGE
2026-07-21T12:45:36.563757,0.2196533300871279,0.2371330674759309,13.529006635946615,-13.608195301556504,0.15502225517198553,18,1,1,0,0,PHONE_USAGE
2026-07-21T12:45:36.646576,0.2166119123805863,0.23319078890217093,13.261176366976713,-14.56951702949479,0.09922216745925994,18,1,1,0,0,PHONE_USAGE
2026-07-21T12:45:36.732671,0.236661534375992,0.2250292865389347,13.82188683455982,-9.285180451694588,0.6498797632113167,18,1,1,0,0,PHONE_USAGE
2026-07-21T12:45:36.817094,0.24668344591191507,0.2333524911536964,13.184440907844362,-16.587726777391186,-0.7485925662502666,18,1,1,0,0,PHONE_USAGE
2026-07-21T12:45:36.905622,0.2347236283532798,0.23319078890217093,12.252646073237543,-19.151275143743828,-0.9885552905143982,18,1,1,0,0,PHONE_USAGE
2026-07-21T12:45:36.990853,0.2519126097240817,0.23319078890217093,14.212991821701877,-1.56501189290943,1.7894374997148077,18,1,1,0,0,PHONE_USAGE
2026-07-21T12:45:37.075030,0.24662915589104134,0.2211958723417297,13.07817979300819,-16.85061547611404,-1.0858314156990616,18,1,1,0,0,PHONE_USAGE
2026-07-21T12:45:37.159743,0.2611872557300517,0.22962366707138923,13.704001072986017,-14.311530080111122,-0.6142556024057058,18,1,1,0,0,PHONE_USAGE
2026-07-21T12:45:37.244173,0.24908251839945017,0.2250292865389347,12.995970619145197,-2.823712882968168,1.2188666436779272,18,1,1,0,0,PHONE_USAGE
2026-07-21T12:45:37.323614,0.2416097559310303,0.22953118254038876,13.012900953401243,-16.031105902530083,-1.1230851430662199,18,1,1,0,0,PHONE_USAGE
2026-07-21T12:45:37.410127,0.2618496342475957,0.23330093267590665,13.457030989517278,-9.365463105795241,0.21001394720249777,18,1,1,0,0,PHONE_USAGE
2026-07-21T12:45:37.491241,0.2713151625477551,0.22962366707138923,13.35833440907129,-17.518425120422517,-1.0389709270446303,18,1,1,0,0,PHONE_USAGE
2026-07-21T12:45:37.576115,0.26829930264442536,0.22962366707138923,13.542316992970427,-16.28181386967598,-0.91056240574801,18,1,1,0,0,PHONE_USAGE
2026-07-21T12:45:37.660679,0.25036960872133546,0.22953118254038876,13.615662968600986,-12.691205333033956,-0.3634498866338731,18,1,1,0,0,PHONE_USAGE
2026-07-21T12:45:37.745277,0.26056369778489996,0.24153251918662896,13.318085018191056,-14.963711232315951,-0.6353297252058212,18,1,1,0,0,PHONE_USAGE
2026-07-21T12:45:37.825954,0.2691168211490583,0.22947736335021496,13.27585790828266,-14.7768185086004,-0.7862942241968369,18,1,1,0,0,PHONE_USAGE
2026-07-21T12:45:37.900035,0.2597864372407226,0.22883900100019258,-0.6365915148340662,-0.06722496683450749,1.8001001766539133,18,1,1,0,0,PHONE_USAGE
2026-07-21T12:45:37.977369,0.24374417891318512,0.23320381162846934,13.576867444587322,-16.76555536178056,-0.9420359074383668,18,1,1,0,0,PHONE_USAGE
2026-07-21T12:45:38.061221,0.2389439520687125,0.23772350174557916,13.51849373110602,-14.222730949310607,-0.6038901369647363,18,1,1,0,0,PHONE_USAGE
2026-07-21T12:45:38.146172,0.25649327003726685,0.22568636839728043,13.090818223746396,-12.668177052664388,-0.45204326135743145,18,1,1,0,0,PHONE_USAGE
2026-07-21T12:45:38.227757,0.25616356652195144,0.2250292865389347,13.767131254595228,-9.248854539611587,0.16616327547424703,18,1,1,0,0,PHONE_USAGE
2026-07-21T12:45:38.313853,0.2516758380224628,0.2250292865389347,13.60130193282967,-17.805028945115993,-1.438005950024177,18,1,1,0,0,PHONE_USAGE
2026-07-21T12:45:38.393935,0.2582198480593183,0.22938269887502857,13.50336746218187,-18.015214064870506,-1.4959724905193639,18,1,1,0,0,PHONE_USAGE
2026-07-21T12:45:38.481164,0.2508314598824647,0.23707798861391927,13.048239285480719,-16.883773602582814,-1.2172882907136682,18,1,1,0,0,PHONE_USAGE
2026-07-21T12:45:38.566858,0.2613126263436289,0.2250292865389347,13.220365362339237,-18.80007289592684,-1.5408763592517687,18,1,1,0,0,PHONE_USAGE
2026-07-21T12:45:38.654726,0.2536617168152744,0.229377289675257,12.842061625674631,-18.062416165942942,-1.225440835448154,18,1,1,0,0,PHONE_USAGE
2026-07-21T12:45:38.737807,0.24670973666694973,0.24136514856214578,12.525100311495294,-18.928757191684436,-1.3969051474387015,18,1,1,0,0,PHONE_USAGE
2026-07-21T12:45:38.821540,0.2506852358544055,0.22134427616408794,13.06062898879469,-18.443550427437653,-1.1663731178426815,18,1,1,0,0,PHONE_USAGE
2026-07-21T12:45:38.907168,0.25123834159234826,0.22953118254038876,13.403673944201955,-15.112078792585493,-0.5853852059846361,18,1,1,0,0,PHONE_USAGE
2026-07-21T12:45:38.989165,0.2656935215099957,0.22883900100019258,13.175051433261416,-9.368220222881153,0.38805125328491386,18,1,0,0,0,SAFE
2026-07-21T12:45:39.072776,0.26639438019394474,0.22883900100019258,12.289804654020145,-16.476430801986787,-0.6469823666265597,18,1,0,0,0,SAFE
2026-07-21T12:45:39.148201,0.26105319416450384,0.23335799409709432,12.710744810395909,-13.011979112222239,-0.23306357079056284,18,1,0,0,0,SAFE
2026-07-21T12:45:39.231708,0.2539740359965057,0.2250292865389347,12.79285595786078,-18.86896782920747,-1.6076382428192062,18,1,1,0,0,PHONE_USAGE
2026-07-21T12:45:39.310203,0.2401846294604688,0.22953659536927834,13.112474655489535,-3.8393516767326523,1.5042558271279063,18,1,0,0,0,SAFE
2026-07-21T12:45:39.396128,0.24862232641478457,0.22037531570129348,12.00207530942862,5.704369054113367,3.1254685020021213,18,1,0,0,0,SAFE
2026-07-21T12:45:39.484198,0.2338998249487353,0.22883900100019258,13.151418834539044,-14.642405021610154,-0.6584088069573966,18,1,0,0,0,SAFE
2026-07-21T12:45:39.567275,0.24798053727083802,0.2250292865389347,-2.827808711847638,-0.2911699804942981,1.533109684451723,18,1,1,0,0,PHONE_USAGE
2026-07-21T12:45:39.653086,0.23913792590738916,0.22134427616408794,14.081308608601887,-18.30190898168622,-1.6537551009339495,18,1,1,0,0,PHONE_USAGE
2026-07-21T12:45:39.737183,0.25329349622397745,0.2338883113875984,13.819498839364684,-13.728485716069255,-0.9878828166947642,18,1,1,0,0,PHONE_USAGE
2026-07-21T12:45:39.820104,0.26034476036078064,0.2258329465567851,13.434051790748214,-18.218435572277908,-1.581913413631753,18,1,1,0,0,PHONE_USAGE
2026-07-21T12:45:39.898570,0.24963888936231668,0.2258329465567851,13.421296598207505,-15.656216953915877,-0.989785211504767,18,1,1,0,0,PHONE_USAGE
2026-07-21T12:45:39.987009,0.2492518987841861,0.2258329465567851,13.453361680978418,-12.115318650641402,-0.26097920154711574,18,1,1,0,0,PHONE_USAGE
2026-07-21T12:45:40.070097,0.26475115492966605,0.2338883113875984,13.76443853177662,-1.9353294797996183,1.6654828587597592,18,1,1,0,0,PHONE_USAGE
2026-07-21T12:45:40.160781,0.23300871594022088,0.22592103065812197,13.980320658347608,-15.960134486330189,-1.1330521459406384,18,1,1,0,0,PHONE_USAGE
2026-07-21T12:45:40.242877,0.2543946753186887,0.22953118254038876,13.876564751020567,-14.524819290084801,-0.931508276973716,18,1,1,0,0,PHONE_USAGE
2026-07-21T12:45:40.328466,0.23467023503435624,0.22134427616408794,13.94194769493538,1.2010633603690426,2.0879878801841016,18,1,1,0,0,PHONE_USAGE
2026-07-21T12:45:40.407789,0.2604201902213544,0.22953118254038876,13.723886504866925,-6.320214419044878,0.7994641917542538,18,1,1,0,0,PHONE_USAGE
2026-07-21T12:45:40.489903,0.2554370943669231,0.22134427616408794,13.497724678583978,-17.488587021108053,-0.9832332432094972,18,1,1,0,0,PHONE_USAGE
2026-07-21T12:45:40.571144,0.2554615506566383,0.22953118254038876,12.946185680931421,-18.182613390338584,-1.2098093550830527,18,1,1,0,0,PHONE_USAGE
2026-07-21T12:45:40.652410,0.25657770578898065,0.22496875650891,-1.4802305697279508,-0.11818299348611733,1.8451662183438935,18,1,1,0,0,PHONE_USAGE
2026-07-21T12:45:40.732986,0.2551083655561089,0.2250292865389347,13.302319479001852,-17.15518937656674,-1.16730377295994,18,1,1,0,0,PHONE_USAGE
2026-07-21T12:45:40.819568,0.25394511282430965,0.2250292865389347,13.28250457008133,-15.81669795911829,-0.9324877162800931,18,1,1,0,0,PHONE_USAGE
2026-07-21T12:45:40.903590,0.24022887959145872,0.23320381162846934,13.875769855768368,-16.453956016765474,-1.1603597758807496,18,1,1,0,0,PHONE_USAGE
2026-07-21T12:45:40.991198,0.25520824272942255,0.22938493774533134,14.521717600663038,-8.851062020494378,0.3378100978094096,18,1,1,0,0,PHONE_USAGE
2026-07-21T12:45:41.072398,0.22965727124863666,0.23320381162846934,-1.2249814692845291,0.24334559263344316,1.6115071612182201,18,1,1,0,0,PHONE_USAGE
2026-07-21T12:45:41.154973,0.24752837654503385,0.23335799409709432,14.761071699232332,-8.766521370186027,0.4122641922279797,18,1,1,0,0,PHONE_USAGE
2026-07-21T12:45:41.233732,0.24294758153768303,0.22883900100019258,13.175361874573895,6.020404366768718,3.112165227099098,18,1,0,0,0,SAFE
2026-07-21T12:45:41.313617,0.25258268513147564,0.2250292865389347,13.640893530952127,6.368954197369617,2.88430119657761,18,1,0,0,0,SAFE
2026-07-21T12:45:41.395704,0.24826419754938503,0.23344967412083872,13.393977919537775,4.2680605531597715,2.4938420283895084,18,1,0,0,0,SAFE
2026-07-21T12:45:41.469147,0.24551846271832942,0.2372540596060276,13.609679625350111,-15.303151886768056,-1.121438646793564,18,1,1,0,0,PHONE_USAGE
2026-07-21T12:45:41.554735,0.25629342513222353,0.22938493774533134,13.94212302979318,-16.131277090450812,-1.0884079617273699,18,1,1,0,0,PHONE_USAGE
2026-07-21T12:45:41.642672,0.25394511282430965,0.2333524911536964,14.38740668959386,-11.993022213016788,-0.35039417991532673,18,1,1,0,0,PHONE_USAGE
2026-07-21T12:45:41.720968,0.25050309847696917,0.23374938157944586,13.341228900648247,-16.556845611991182,-1.0725060788633414,18,1,1,0,0,PHONE_USAGE
2026-07-21T12:45:41.808735,0.2470557051039196,0.22938493774533134,13.80012971846142,-16.153734826954256,-0.992400643286544,18,1,1,0,0,PHONE_USAGE
2026-07-21T12:45:41.887869,0.24464113236717436,0.2258329465567851,13.637324343848633,-16.054769730082494,-0.9984974620452647,18,1,1,0,0,PHONE_USAGE
2026-07-21T12:45:41.969455,0.23920401369996086,0.23757725695052173,13.81234361263185,-16.438973685376155,-0.9679488368581417,18,1,1,0,0,PHONE_USAGE
2026-07-21T12:45:42.048801,0.2382948305882252,0.2258329465567851,14.110201588029526,-11.382618396676303,-0.1513725137252493,18,1,1,0,0,PHONE_USAGE
2026-07-21T12:45:42.127907,0.22998903306349955,0.22962908208125893,13.577067253282394,0.006099490270886232,2.1373675920862354,18,1,1,0,0,PHONE_USAGE
2026-07-21T12:45:42.206164,0.22998014758500196,0.22962366707138923,13.439408041651603,-16.797919758171723,-0.7879213098515834,18,1,1,0,0,PHONE_USAGE
2026-07-21T12:45:42.288780,0.22139360021527665,0.2258329465567851,13.218045738210975,-11.716817120737323,0.21031615667206438,18,1,1,0,0,PHONE_USAGE
2026-07-21T12:45:42.372367,0.22473464855631148,0.22577708605564104,14.08947474963557,-11.664983237497228,0.15585581532405968,18,1,1,0,0,PHONE_USAGE
2026-07-21T12:45:42.453636,0.22019191725913967,0.2333524911536964,14.206587762069717,-12.98424907626118,0.08751649447356158,18,1,1,0,0,PHONE_USAGE
2026-07-21T12:45:42.531479,0.23587012252425105,0.22953118254038876,14.152876301664264,-10.379969696585759,0.2868633444261093,18,1,1,0,0,PHONE_USAGE
2026-07-21T12:45:42.613162,0.24708269558097867,0.2258329465567851,14.046361488933115,-6.429654067928552,0.958435233379987,18,1,1,0,0,PHONE_USAGE
2026-07-21T12:45:42.696840,0.2231911620074119,0.23319078890217093,13.762476725488142,-9.21612095885658,0.6340108692490674,18,1,1,0,0,PHONE_USAGE
2026-07-21T12:45:42.784629,0.22996878687450978,0.22938493774533134,13.90825768125137,-6.160884287589387,1.1407968837992826,18,1,1,0,0,PHONE_USAGE
2026-07-21T12:45:42.867851,0.2388649951548495,0.2333524911536964,13.031156397950156,-13.347024639650273,-0.18302054128906775,18,1,1,0,0,PHONE_USAGE
2026-07-21T12:45:42.947740,0.23853019447867496,0.22938493774533134,13.23228234022136,-13.291131198567701,-0.21134475457321855,18,1,1,0,0,PHONE_USAGE
2026-07-21T12:45:43.035501,0.225021157353947,0.2333524911536964,-0.7673474677559966,1.5741999790057666,1.7123833627352318,18,1,1,0,0,PHONE_USAGE
2026-07-21T12:45:43.118746,0.23939186346111124,0.23772350174557916,15.03761601864639,-13.016455787161048,-0.15086472235876158,18,1,1,0,0,PHONE_USAGE
2026-07-21T12:45:43.199835,0.24056014622932217,0.22883900100019258,-0.8291725516897372,-0.14842797952548825,1.826998284576623,18,1,1,0,0,PHONE_USAGE
2026-07-21T12:45:43.280969,0.24619188683640436,0.22883900100019258,-0.2777701973082287,1.9006473538341995,1.4249739515181405,18,1,1,0,0,PHONE_USAGE
2026-07-21T12:45:43.370114,0.24511471974082288,0.2250292865389347,14.062593611061857,-15.124996068177547,-0.8052406579925275,18,1,1,1,0,PHONE_USAGE
2026-07-21T12:45:43.454749,0.22601251768763544,0.2250292865389347,-0.5757620265154912,1.593517711225545,1.4074076007434324,18,1,1,1,0,PHONE_USAGE
2026-07-21T12:45:43.541165,0.23242571912648483,0.23730311630916912,14.382687643740411,-2.299973844871413,1.8271526998160255,18,1,1,1,0,PHONE_USAGE
2026-07-21T12:45:43.617180,0.21959965295155928,0.2250292865389347,13.561672475781108,-16.202554779261433,-0.7292736650880158,18,1,1,1,0,PHONE_USAGE
2026-07-21T12:45:43.699260,0.2541298256924631,0.2258329465567851,14.429937424103514,-17.388137100557717,-0.9529853076593326,18,1,1,0,0,PHONE_USAGE
2026-07-21T12:45:43.781278,0.2589508584528683,0.229377289675257,13.913852836577917,-19.544259698691743,-1.2424022102573815,18,1,1,0,0,PHONE_USAGE
2026-07-21T12:45:43.865720,0.2545126478489022,0.2327798548148034,13.414343697850285,-24.48329671774405,-2.341794051496805,18,1,1,0,0,PHONE_USAGE
2026-07-21T12:45:43.948145,0.24628857137630605,0.22867501745996474,13.340307786950376,-21.103344625365104,-1.5128862775386551,18,1,1,0,0,PHONE_USAGE
2026-07-21T12:45:44.032355,0.22212130762824772,0.22867501745996474,12.527037498952609,-21.859572690394536,-1.1537011289738928,18,1,1,0,0,PHONE_USAGE
2026-07-21T12:45:44.112437,0.24832718549852192,0.22844603161865287,12.443288147582422,-22.255067041029854,-0.8884158601975969,18,1,1,0,0,PHONE_USAGE
2026-07-21T12:45:44.192719,0.23495723464549817,0.22465558694001544,13.415083516489233,-19.885804190013843,-0.44394354219431875,18,1,1,0,0,PHONE_USAGE
2026-07-21T12:45:44.279166,0.23677778276496442,0.229377289675257,13.252414453915264,-18.080305547417563,-0.4707711078707746,18,1,1,0,0,PHONE_USAGE
2026-07-21T12:45:44.365169,0.24350162526591185,0.23319078890217093,-0.47947451155124554,-4.278596007036974,2.7118360344133903,18,1,1,0,0,PHONE_USAGE
2026-07-21T12:45:44.450210,0.24434512072404527,0.22568636839728043,14.154834707300807,-23.28866186734889,-1.3960347880946529,18,1,1,0,0,PHONE_USAGE
2026-07-21T12:45:44.534030,0.26108098273374425,0.2289149599908995,13.303271229946375,-22.61794053302717,-0.9347127395027428,18,1,1,0,0,PHONE_USAGE
2026-07-21T12:45:44.614133,0.257087333210845,0.229377289675257,13.81739932600081,-23.34258558906257,-0.6647338773477998,18,1,1,0,0,PHONE_USAGE
2026-07-21T12:45:44.699397,0.2604688454757683,0.2251167347128765,13.59072670562216,-23.95125943265356,-0.6130390806390551,18,1,1,0,0,PHONE_USAGE
2026-07-21T12:45:44.781012,0.28522570256452906,0.23737012695799845,13.758703733080068,-21.333234405283996,0.1659937571830028,18,1,0,0,0,SAFE
2026-07-21T12:45:44.863357,0.2721691115983301,0.2380019988018542,12.330171598734069,-14.097498998620358,1.5130726534336247,18,1,0,0,0,SAFE
2026-07-21T12:45:44.952537,0.29786520262299276,0.22981517226855527,12.472777482801206,-16.99902925844994,0.7916334036239903,18,1,0,0,0,SAFE
2026-07-21T12:45:45.034638,0.2628037692981502,0.23734784720304244,11.796167257836686,-23.35979137481995,0.0751750129827542,18,1,1,0,0,PHONE_USAGE
2026-07-21T12:45:45.116827,0.2578822350623836,0.23340970094573021,11.92318268775773,-20.22891967537097,0.795306627954659,18,1,1,0,0,PHONE_USAGE
2026-07-21T12:45:45.203453,0.26110236289345734,0.22144222818333237,13.204157964804068,-21.44840209493676,0.35515951635105125,18,1,1,0,0,PHONE_USAGE
2026-07-21T12:45:45.288065,0.27670902630969585,0.22844603161865287,11.217442396699141,-22.18115644633704,0.40204530835623586,18,1,1,0,0,PHONE_USAGE
2026-07-21T12:45:45.369669,0.24132918164313655,0.23737012695799845,10.91444763972325,-25.892639128074155,0.14255000289043096,18,1,1,0,0,PHONE_USAGE
2026-07-21T12:45:45.459426,0.2387450043068856,0.22883900100019258,11.88305402836923,-9.78830149251851,2.0957366422937014,18,1,0,0,0,SAFE
2026-07-21T12:45:45.547028,0.22852675130263572,0.2371386595732839,10.782882463566978,-11.924758794947586,1.6350360006721871,18,1,0,0,0,SAFE
2026-07-21T12:45:45.627128,0.23987681205639394,0.22947736335021496,13.946773407854408,-15.023183478287788,-1.1619147658250313,18,1,0,0,0,SAFE
2026-07-21T12:45:45.706312,0.2551202971124451,0.23333333333333334,13.269342606314211,-13.382848512373053,-0.8015018879703746,18,1,0,0,0,SAFE
2026-07-21T12:45:45.788182,0.2368279411104115,0.22496875650891,12.706050301512164,-3.4175314315613528,0.824166170703819,18,1,1,0,0,PHONE_USAGE
2026-07-21T12:45:45.872671,0.24236343880803704,0.2250292865389347,12.899856901317719,-16.805670620916956,-1.2042919131945666,18,1,1,0,0,PHONE_USAGE
2026-07-21T12:45:45.956671,0.2397836970767936,0.22592103065812197,12.992595421572474,-14.233634636592829,-0.9942906372091045,18,1,1,0,0,PHONE_USAGE
2026-07-21T12:45:46.039826,0.23675788719682866,0.22568905807670636,13.27746123377031,-5.8849099491743315,1.1492823259167722,18,1,1,0,0,PHONE_USAGE
2026-07-21T12:45:46.128937,0.2133668112131325,0.22592103065812197,14.106705407463153,-13.22626900011258,-0.4072491084964156,18,1,1,0,0,PHONE_USAGE
2026-07-21T12:45:46.221128,0.23932593829746102,0.23345517935601576,13.927691557684767,-11.440085803354355,0.20678200162882376,18,1,1,0,0,PHONE_USAGE
2026-07-21T12:45:46.298540,0.23440463177877385,0.2250292865389347,13.93983638484076,-18.06511912768781,-0.7071562225632704,18,1,1,0,0,PHONE_USAGE
2026-07-21T12:45:46.387874,0.21386569721913937,0.22809843577569752,1.8974054047417326,-6.402530222871654,2.8993297640221973,18,1,1,0,0,PHONE_USAGE
2026-07-21T12:45:46.469838,0.23350761261923528,0.22465558694001544,13.83787028966998,-18.09620924856043,0.3642046392056386,18,1,1,0,0,PHONE_USAGE
2026-07-21T12:45:46.548448,0.2548005360321827,0.22883900100019258,14.359392772605418,-23.181236400022517,-0.6185731017459091,18,1,1,0,0,PHONE_USAGE
2026-07-21T12:45:46.635605,0.2608686173047043,0.23417229690406655,15.095899736687812,-17.795773869235802,0.4832119903335581,18,1,1,0,0,PHONE_USAGE
2026-07-21T12:45:46.722360,0.25155174284759907,0.22400420350975234,13.654120824234951,-22.782487882518726,0.2880088351099914,18,1,1,0,0,PHONE_USAGE
2026-07-21T12:45:46.802525,0.25589308358939544,0.22449997144228487,13.363929918208669,-22.64532193647256,0.36731233310939615,18,1,1,0,0,PHONE_USAGE
2026-07-21T12:45:46.887276,0.23434893169879195,0.23784368216140947,13.134031023214305,-22.003980102766967,1.0676103812892848,18,1,1,0,0,PHONE_USAGE
2026-07-21T12:45:46.970367,0.24806771612173134,0.23253386342514,12.13757413722331,-23.429672780050275,0.9837047759731661,18,1,1,0,0,PHONE_USAGE
2026-07-21T12:45:47.050957,0.2387546389115306,0.24144350556985011,12.395329842814164,-20.66770908598014,1.0292434972125477,18,1,1,0,0,PHONE_USAGE
2026-07-21T12:45:47.138300,0.2449617664191231,0.22487335187497368,12.880337272771783,-18.38598838578861,1.0914242862014873,18,1,1,0,0,PHONE_USAGE
2026-07-21T12:45:47.224981,0.23471796390456506,0.22930873601587756,-2.1736405084367902,0.0032012366683815143,3.9064275436638627,18,1,1,0,0,PHONE_USAGE
2026-07-21T12:45:47.303646,0.2478819920562479,0.2242673805709731,-1.4218911424587475,1.0425340502875804,4.261928331498036,18,1,1,0,0,PHONE_USAGE
2026-07-21T12:45:47.381000,0.25809179284254363,0.22400420350975234,-1.402752726857841,-0.5482122643462864,4.151553513390278,18,1,1,0,0,PHONE_USAGE
2026-07-21T12:45:47.461087,0.2335419953598396,0.2281827805006295,-2.252074192113298,2.318498579743644,3.563255686642655,18,1,1,0,0,PHONE_USAGE
2026-07-21T12:45:47.544076,0.24233939753956538,0.23343161102834825,12.714929705994138,-12.379843496766375,2.068409262224435,18,1,1,0,0,PHONE_USAGE
2026-07-21T12:45:47.623614,0.24576590761089917,0.2251167347128765,12.242161328830633,-15.821742735374729,1.5510150292962521,18,1,1,0,0,PHONE_USAGE
2026-07-21T12:45:47.714223,0.2419119642129111,0.22465558694001544,12.70847429739581,-13.546038890499291,1.9126343871051859,18,1,1,0,0,PHONE_USAGE
2026-07-21T12:45:47.802338,0.24200449711908695,0.23340970094573021,13.469863825850979,-9.980572536103173,2.4170091029790797,18,1,1,0,0,PHONE_USAGE
2026-07-21T12:45:47.884419,0.24196746639578104,0.22048377931320592,12.667737397157794,-18.766847181927098,1.220649089093854,18,1,1,0,0,PHONE_USAGE
2026-07-21T12:45:47.960623,0.2467015456249639,0.22844603161865287,12.781514499463185,-14.630478308023795,2.0501047528262006,18,1,1,0,0,PHONE_USAGE
2026-07-21T12:45:48.041262,0.23804677496470647,0.22400420350975234,12.07704843567069,-19.09833895905643,0.8230982974111214,18,1,1,0,0,PHONE_USAGE
2026-07-21T12:45:48.126361,0.23664428436085466,0.2237721262736747,-1.5585480020650095,-0.44857825707899324,3.8644433289755185,18,1,1,0,0,PHONE_USAGE
2026-07-21T12:45:48.215480,0.2413202260917336,0.22400420350975234,-1.6249241061576356,3.289995045223093,3.597845485085163,18,1,1,0,0,PHONE_USAGE
2026-07-21T12:45:48.293949,0.22502288499990558,0.23310915234695823,-2.125286166818512,1.1989228838002381,3.8065008680925816,18,1,1,0,0,PHONE_USAGE
2026-07-21T12:45:48.371182,0.2312893688416575,0.23286764202289537,-1.9048989195586614,0.7026333748282623,3.902910856375671,18,1,1,0,0,PHONE_USAGE
2026-07-21T12:45:48.454247,0.2324881550697787,0.2242673805709731,-1.37869953460563,2.1008093033462574,3.8091299421446925,18,1,1,0,0,PHONE_USAGE
2026-07-21T12:45:48.540349,0.24248855309693218,0.23690836682689798,-2.6169515306112032,1.1355857995486818,3.9652425964810933,18,1,1,0,0,PHONE_USAGE
2026-07-21T12:45:48.620538,0.24196746639578104,0.22767887974464476,-2.804782805073131,0.06858712282940958,4.235271432272601,18,1,1,0,0,PHONE_USAGE
2026-07-21T12:45:48.701207,0.2535459277501745,0.2281827805006295,-2.7672374530516777,1.3433635376462674,3.792311445432708,18,1,1,0,0,PHONE_USAGE
2026-07-21T12:45:48.786521,0.22798778617847215,0.23693319068572088,-2.1231653098032837,-0.9673771320299073,3.955380194676214,18,1,1,0,0,PHONE_USAGE
2026-07-21T12:45:48.873792,0.24399645477912357,0.22449997144228487,-1.676018083033597,2.1597372660531065,3.281250002922204,18,1,1,0,0,PHONE_USAGE
2026-07-21T12:45:48.953842,0.2301722674477466,0.22844603161865287,11.432707883041871,3.7929739834686975,4.067644565420949,18,1,1,0,0,PHONE_USAGE
2026-07-21T12:45:49.034437,0.23704539603340163,0.22465558694001544,11.471654505376932,3.950401532251508,4.190374273552436,18,1,1,0,0,PHONE_USAGE
2026-07-21T12:45:49.122643,0.23251099235781286,0.2289149599908995,-1.9347787522490592,5.866572214234592,3.221102072153942,18,1,1,0,0,PHONE_USAGE
2026-07-21T12:45:49.203779,0.22774765228153587,0.2289149599908995,-2.9432029930156034,4.185837706118576,3.153652799647838,18,1,1,0,0,PHONE_USAGE
2026-07-21T12:45:49.287869,0.2318024816043277,0.22862095563983753,-2.132746300192906,6.3467837533520335,3.079171674452444,18,1,1,0,0,PHONE_USAGE
2026-07-21T12:45:49.367967,0.23706387045599236,0.22483710578534638,12.683323239548315,-5.502863966558791,2.79196705837316,18,1,1,0,0,PHONE_USAGE
2026-07-21T12:45:49.452638,0.22587005538806926,0.23311977090372857,12.941456116732951,-4.068757517541338,3.356674409044274,18,1,1,0,0,PHONE_USAGE
2026-07-21T12:45:49.541446,0.24081835393446863,0.22867501745996474,-2.4498048165715716,4.196654691821082,3.1761900665537905,18,1,1,0,0,PHONE_USAGE
2026-07-21T12:45:49.624558,0.24469438638822008,0.2289149599908995,12.986034767417095,-11.6232195191989,2.1174846154487454,18,1,0,0,0,SAFE
2026-07-21T12:45:49.709214,0.24511092197648993,0.22021739714593544,11.64859262220196,-0.4141511872205715,3.8525409758208298,18,1,0,0,0,SAFE
2026-07-21T12:45:49.791209,0.2559354345356578,0.22070478408769872,-2.344883220485656,5.902668992319783,3.3347811551768087,18,1,0,0,0,SAFE
2026-07-21T12:45:49.873890,0.2407281120713286,0.2242673805709731,-3.8827810479399716,2.978623749668012,3.5218242686290955,18,1,1,0,0,PHONE_USAGE
2026-07-21T12:45:49.959990,0.24595923594065927,0.23734784720304244,13.067877610651067,-4.243370841397864,3.5311292977122832,18,1,1,0,0,PHONE_USAGE
2026-07-21T12:45:50.045594,0.2344757175287921,0.22867501745996474,-1.3351560152839284,5.993983535950311,3.63964771721823,18,1,0,0,0,SAFE
2026-07-21T12:45:50.133001,0.2599103907374932,0.24144350556985011,-2.1365148691961053,7.825139640333162,3.101410348025736,18,1,0,0,0,SAFE
2026-07-21T12:45:50.212637,0.2628203384293819,0.22844603161865287,11.965432189118928,-7.660839003129624,2.7893562162654746,18,1,0,0,0,SAFE
2026-07-21T12:45:50.296730,0.24453048590822118,0.22844603161865287,12.556317028662988,-8.081142020659781,2.370797325441657,18,1,1,0,0,PHONE_USAGE
2026-07-21T12:45:50.382472,0.24411989925816394,0.23310915234695823,-1.1888091030075145,1.131027047962529,3.6565941993994286,18,1,1,0,0,PHONE_USAGE
2026-07-21T12:45:50.469677,0.24709743885836385,0.23253386342514,13.22627675537376,-12.393730484106563,2.2743804400713827,18,1,1,0,0,PHONE_USAGE
2026-07-21T12:45:50.553430,0.25685525887558175,0.23363603920749906,-2.1920068477248833,1.0839328203610643,3.9727570958535963,18,1,1,0,0,PHONE_USAGE
2026-07-21T12:45:50.630024,0.24492653577833423,0.2325582289124148,-0.28494573630695186,0.8351104658598355,4.056424604965014,18,1,1,0,0,PHONE_USAGE
2026-07-21T12:45:50.711710,0.28202079717452366,0.23284324411792787,-2.1626682355428954,3.4172741976110994,3.767975447871922,18,1,1,0,0,PHONE_USAGE
2026-07-21T12:45:50.793497,0.2813230742148537,0.23236626872297253,-1.569012062225994,-1.5420433633918174,3.843970841484248,18,1,1,0,0,PHONE_USAGE
2026-07-21T12:45:50.876611,0.25849869366472056,0.2289149599908995,-0.975858744697149,6.129580207078419,3.0830657783248046,18,1,1,0,0,PHONE_USAGE
2026-07-21T12:45:50.961210,0.2765384625052315,0.2281827805006295,-2.36172718020606,1.882290335167457,3.7849282628678678,18,1,1,0,0,PHONE_USAGE
2026-07-21T12:45:51.047824,0.27577955124694165,0.22767887974464476,-0.5573224615347385,2.382424094407809,3.788239095526294,18,1,1,0,0,PHONE_USAGE
2026-07-21T12:45:51.127427,0.26371559314457793,0.2281827805006295,-1.1194537204763435,1.3501182880140137,4.008851678855882,18,1,1,0,0,PHONE_USAGE
2026-07-21T12:45:51.203715,0.27103118476959503,0.23760805798196352,12.33175132273692,-17.140480054260443,1.1451298133967782,18,1,1,0,0,PHONE_USAGE
2026-07-21T12:45:51.285317,0.26223811727703833,0.24195888764520834,13.375278919686878,-17.344948290547627,1.1556956658013178,18,1,1,0,0,PHONE_USAGE
2026-07-21T12:45:51.369563,0.275003834052717,0.22465558694001544,13.019624828788182,-18.530256889262912,0.691733716760325,18,1,1,0,0,PHONE_USAGE
2026-07-21T12:45:51.450661,0.2732861534110767,0.22449997144228487,-1.746866735693942,3.3868178214571953,3.453819203403449,18,1,1,0,0,PHONE_USAGE
2026-07-21T12:45:51.537780,0.27995215025684617,0.2281827805006295,-2.8810598950078656,2.917781564377488,3.8019457183159435,18,1,1,0,0,PHONE_USAGE
2026-07-21T12:45:51.619872,0.2558229188726571,0.22400420350975234,11.949499093890353,-20.40096084538577,0.8356594559496955,18,1,1,0,0,PHONE_USAGE
2026-07-21T12:45:51.703337,0.26736119626229754,0.2371386595732839,12.60948224791693,-19.41452269584642,0.8292441233699037,18,1,1,0,0,PHONE_USAGE
2026-07-21T12:45:51.789659,0.26390973710548454,0.2326072590656971,-1.75372029980889,-0.18547016899731003,3.8025111854581644,18,1,1,0,0,PHONE_USAGE
2026-07-21T12:45:51.869335,0.2712766851483871,0.2371386595732839,12.818724384896939,-20.982973506746617,0.40770939154538155,18,1,1,0,0,PHONE_USAGE
2026-07-21T12:45:51.947441,0.2507978637440672,0.2289149599908995,-0.6377902290961686,2.9938586118643977,3.5038053141665157,18,1,1,0,0,PHONE_USAGE
2026-07-21T12:45:52.031550,0.27399198000186253,0.22400420350975234,-2.4803643452379163,5.799251270914952,3.3051288327707975,18,1,1,0,0,PHONE_USAGE
2026-07-21T12:45:52.109171,0.26873764383607307,0.24121643997037046,-1.6533665120563512,0.8354457419981534,3.702055206508711,18,1,1,0,0,PHONE_USAGE
2026-07-21T12:45:52.194148,0.27830820410257184,0.2330847291385785,-0.28772292268010347,1.231353049229512,3.9481335193091716,18,1,1,0,0,PHONE_USAGE
2026-07-21T12:45:52.279513,0.2518455372355875,0.2326072590656971,-1.7026154498829555,2.2895701519820935,3.808781138265491,18,1,1,0,0,PHONE_USAGE
2026-07-21T12:45:52.362989,0.2568433088164044,0.23236626872297253,-2.7530730745737912,0.49208428625626344,4.032204392712469,18,1,1,0,0,PHONE_USAGE
2026-07-21T12:45:52.447725,0.2537119447061921,0.2281827805006295,-0.799375795615731,-1.0077129383650196,3.9273862423201398,18,1,1,0,0,PHONE_USAGE
2026-07-21T12:45:52.527828,0.22876826050755034,0.2242673805709731,-2.8522780872405633,0.3577896807162207,3.7189572388202436,18,1,1,0,0,PHONE_USAGE
2026-07-21T12:45:52.609409,0.24209538539323544,0.23642306409774405,11.931570744554165,-20.785260702198457,0.3990870665698196,18,1,1,0,0,PHONE_USAGE
2026-07-21T12:45:52.690992,0.23808060381413593,0.22792333907700157,12.234907409272921,-19.462149603011838,0.6274586295781432,18,1,1,0,0,PHONE_USAGE
2026-07-21T12:45:52.770345,0.2136829838028526,0.22400420350975234,12.507669885085846,-18.899057981095353,1.2507928507715462,18,1,1,0,0,PHONE_USAGE
2026-07-21T12:45:52.860974,0.24209538539323544,0.22400420350975234,12.472657223097258,-16.11276130266946,1.4691561309571455,18,1,1,0,0,PHONE_USAGE
2026-07-21T12:45:52.941526,0.22854011817785697,0.22767887974464476,-1.0326828038236329,2.047681702002089,3.838756322078996,18,1,1,0,0,PHONE_USAGE
2026-07-21T12:45:53.031662,0.25660867636934803,0.22449997144228487,-0.6947756848316828,2.8425282694647036,3.815723144134733,18,1,1,0,0,PHONE_USAGE
2026-07-21T12:45:53.113647,0.23815525731005704,0.2289149599908995,13.075847421021223,-8.402686951694783,3.231686946722988,18,1,1,0,0,PHONE_USAGE
2026-07-21T12:45:53.192332,0.25251522584411507,0.22400420350975234,-0.8622901524469455,1.5779587179618186,3.8985484343093666,18,1,1,0,0,PHONE_USAGE
2026-07-21T12:45:53.275453,0.24591386567349685,0.24500585050319085,-1.4875342594938559,4.004561128452973,3.749219135164791,18,1,1,0,0,PHONE_USAGE
2026-07-21T12:45:53.353533,0.25969638085810276,0.22048377931320592,-2.270120127858206,3.0655003798662177,3.5145355842940638,18,1,1,0,0,PHONE_USAGE
2026-07-21T12:45:53.438119,0.2548002662449115,0.23737012695799845,-0.8139153610741232,0.54088056246023,3.8906898935450553,18,1,1,0,0,PHONE_USAGE
2026-07-21T12:45:53.526362,0.2685376941092904,0.2242673805709731,-1.202506312170101,1.1100534066709407,3.750081999330518,18,1,1,0,0,PHONE_USAGE
2026-07-21T12:45:53.605443,0.23535753753604677,0.23284324411792787,-1.6289853691676228,4.569094955226969,3.530630884071775,18,1,1,0,0,PHONE_USAGE
2026-07-21T12:45:53.693069,0.27266617786918457,0.2242673805709731,-1.3342531987756558,3.9144030521046207,3.5548716196055103,18,1,0,0,0,SAFE
2026-07-21T12:45:53.777704,0.27784898393223123,0.21893519288365115,-1.615813005493493,5.421268270362019,3.648330583471686,18,1,0,0,0,SAFE
2026-07-21T12:45:53.863219,0.28111692902754104,0.22400420350975234,-1.625018025417404,5.433733007575523,3.4003038129261456,18,1,0,0,0,SAFE
2026-07-21T12:45:53.943797,0.26371559314457793,0.2317241161162293,-1.8526852451402647,2.647131251411816,4.014167888947579,18,1,1,0,0,PHONE_USAGE
2026-07-21T12:45:54.029962,0.2648671718916267,0.2237721262736747,-1.428805461966789,1.577783121574223,3.9596407981253536,18,1,1,0,0,PHONE_USAGE
2026-07-21T12:45:54.118832,0.26967472323900565,0.2326072590656971,-0.9962096169645633,0.14173540424660888,3.910784917089119,18,1,1,0,0,PHONE_USAGE
2026-07-21T12:45:54.193266,0.25342846272460595,0.23716273588058093,-0.6281002796316955,0.8728926457180153,3.891905875523149,18,1,1,0,0,PHONE_USAGE
2026-07-21T12:45:54.280761,0.28111692902754104,0.22844603161865287,13.162780298619566,-10.054192638879385,2.5757955377735016,18,1,0,0,0,SAFE
2026-07-21T12:45:54.365917,0.2536794307926108,0.23198185335531854,-2.919812940943956,3.051496664697281,3.31636126357559,18,1,0,0,0,SAFE
2026-07-21T12:45:54.445505,0.229564787577822,0.22792333907700157,-2.463414977008398,3.8904275336064997,2.7783947898055876,18,1,0,0,0,SAFE
2026-07-21T12:45:54.536196,0.2075308342363859,0.24906514785156622,-2.2193337645311715,7.504612966039819,2.4066889981283235,18,1,0,0,0,SAFE
2026-07-21T12:45:54.620346,0.2258924937474472,0.2289149599908995,11.882029578911897,0.6380109425916136,3.438686100218632,18,1,0,0,0,SAFE
2026-07-21T12:45:54.704276,0.1674218363248387,0.22792333907700157,-4.6069202765730495,2.734157962291487,2.7865258546855287,18,1,1,0,0,PHONE_USAGE
2026-07-21T12:45:54.793218,0.1726433104920605,0.2375857558946063,-2.476163964018724,3.1691137554496445,2.893923265928015,18,1,1,0,0,PHONE_USAGE
2026-07-21T12:45:54.877313,0.16066458988126964,0.2289149599908995,-3.0239743841229085,4.3194174030081625,2.5707677593927865,18,1,1,0,0,PHONE_USAGE
2026-07-21T12:45:54.966166,0.14896046645047464,0.24144350556985011,-2.89914486013501,5.771006327907159,2.443332793832338,18,1,1,0,0,PHONE_USAGE
2026-07-21T12:45:55.049269,0.18102982934845974,0.23236626872297253,-2.6335519725025733,7.769470153982743,1.9130351232227063,18,1,1,0,0,PHONE_USAGE
2026-07-21T12:45:55.135756,0.1727802352667901,0.22767887974464476,-3.5691371145607604,8.39699345071404,2.088086529927391,18,1,1,0,0,PHONE_USAGE
2026-07-21T12:45:55.216842,0.17586411191479184,0.22767887974464476,-3.429318795030099,4.24412239845003,2.6448201035542382,18,1,1,0,0,PHONE_USAGE
2026-07-21T12:45:55.304102,0.16357249716643701,0.23237238772559698,-3.568703230020759,4.549928193790786,2.490439463175124,18,1,1,0,0,PHONE_USAGE
2026-07-21T12:45:55.394529,0.16791369627047514,0.2237721262736747,-2.4112935306189343,3.5062637804840486,2.566428731328206,18,1,1,0,0,PHONE_USAGE
2026-07-21T12:45:55.478149,0.15799736916001517,0.22400420350975234,-1.6840435837938799,3.313543814553459,2.735995386835173,18,1,1,0,0,PHONE_USAGE
2026-07-21T12:45:55.558745,0.17276718505409194,0.2326072590656971,-2.253212556643348,3.120015194629911,2.7658624252800847,18,1,1,0,0,PHONE_USAGE
2026-07-21T12:45:55.640858,0.16540426072733505,0.22792333907700157,-1.7248477251122267,5.061878215510296,2.7465080714616805,18,1,0,0,0,SAFE
2026-07-21T12:45:55.718459,0.1643540527057631,0.2289149599908995,-2.3180831149595633,4.45845123883259,2.5361079298853815,18,1,0,0,0,SAFE
2026-07-21T12:45:55.797759,0.17055448489275948,0.23284324411792787,-1.7450445704596405,3.9854825962680867,2.741493652251952,18,1,0,0,0,SAFE
2026-07-21T12:45:55.878906,0.15051660194495575,0.22844603161865287,-3.2733620576399005,2.531138882718235,2.944578544838279,18,1,1,0,0,PHONE_USAGE
2026-07-21T12:45:55.962500,0.17426763191569397,0.22465558694001544,-2.836323351838246,4.718030924647676,2.894674794812884,18,1,1,0,0,PHONE_USAGE
2026-07-21T12:45:56.064757,0.18345438228216837,0.22867501745996474,-3.229850532646452,4.798667673056956,2.708088236641889,18,1,1,1,0,PHONE_USAGE
2026-07-21T12:45:56.161108,0.16859077550870677,0.2281827805006295,-3.0522163079087647,6.386816314977273,2.5052069880690078,18,1,1,1,0,PHONE_USAGE
2026-07-21T12:45:56.247835,0.18043374688687377,0.23284324411792787,13.179523208950826,-4.550122162906893,2.767032768328562,18,1,1,1,0,PHONE_USAGE
2026-07-21T12:45:56.333682,0.2030905896656253,0.23236626872297253,-2.9602066367468183,6.449364085148736,2.7228491506369354,19,1,1,1,0,PHONE_USAGE
2026-07-21T12:45:56.412355,0.19821402686170844,0.2239693946971136,-4.150321254964666,3.479353783794722,3.1626350640619565,19,1,1,1,0,PHONE_USAGE
2026-07-21T12:45:56.495303,0.22522495154901073,0.2289149599908995,13.081094832678417,-8.649193736151762,2.4490000946025248,19,1,1,1,0,PHONE_USAGE
2026-07-21T12:45:56.572376,0.24064339288564468,0.23690119858575184,13.15211739928182,0.5873560396293316,4.655618002064102,19,1,0,1,0,DROWSY
2026-07-21T12:45:56.652960,0.25169534804236965,0.23284324411792787,12.95147304061419,7.123303907356277,5.489102371670526,19,1,0,0,0,SAFE
2026-07-21T12:45:56.739182,0.26342009850046366,0.22867501745996474,12.32184732391741,6.61159239233756,5.204305827730138,19,1,0,0,0,SAFE
2026-07-21T12:45:56.826601,0.23611170833111422,0.2251167347128765,13.17172123122782,4.2934043837318905,4.914266031195979,19,1,1,0,0,PHONE_USAGE
2026-07-21T12:45:56.908193,0.23861538761042828,0.2242673805709731,-1.8748534884849164,4.529620065642792,3.4939068217906337,19,1,1,0,0,PHONE_USAGE
2026-07-21T12:45:56.986341,0.2348927148704404,0.2317241161162293,-1.489284313792325,2.7272440648402703,3.5040436088973173,19,1,1,0,0,PHONE_USAGE
2026-07-21T12:45:57.074445,0.27108515295091906,0.2330847291385785,13.051142290569345,-0.4801951609423016,3.9672597297368952,19,1,1,0,0,PHONE_USAGE
2026-07-21T12:45:57.159567,0.2698337459565509,0.23642928992973614,-1.4909491078618942,3.126506450081983,3.43233451938155,19,1,1,0,0,PHONE_USAGE
2026-07-21T12:45:57.245954,0.27638704359289235,0.23642928992973614,-1.59004291636694,0.9057172373023712,3.846456074492967,19,1,1,0,0,PHONE_USAGE
2026-07-21T12:45:57.332929,0.2686412615307183,0.23690836682689798,-0.7752903289903657,10.437890362122346,2.8237740617960845,19,1,0,0,0,SAFE
2026-07-21T12:45:57.418526,0.234260201526527,0.2230729168503305,0.25906334473526726,10.326225665969545,1.9986330954521903,19,1,0,0,0,SAFE
2026-07-21T12:45:57.503816,0.2468100641547995,0.22400420350975234,1.14577807332941,7.551868433710815,1.6786701208578552,19,1,0,0,0,SAFE
2026-07-21T12:45:57.591615,0.26091962156823884,0.23249527748763857,-0.14000372708417785,1.9580787238262716,2.0867434893719774,19,1,0,0,0,SAFE
2026-07-21T12:45:57.681417,0.2537220275134422,0.2327798548148034,-0.13192622172883262,5.336266055767632,1.181814972450923,19,1,0,0,0,SAFE
2026-07-21T12:45:57.756512,0.2733219768521277,0.22820368769352323,-1.701323759931995,5.3725104005257185,1.1358440255779603,19,1,0,0,0,SAFE
2026-07-21T12:45:57.842468,0.2884037004306354,0.2280350850198276,-2.1138896404260663,7.78180588357345,0.9454312134081788,19,1,0,0,0,SAFE
2026-07-21T12:45:57.927573,0.26448829228158605,0.2410330016279197,-2.4482045685493574,6.675965764214572,1.2062264611891313,19,1,0,0,0,SAFE
2026-07-21T12:45:58.007683,0.2643183922645682,0.23272403288640459,-2.58905276562885,4.423770587157406,1.2353258397980402,19,1,0,0,0,SAFE
2026-07-21T12:45:58.089177,0.27237185592064256,0.2368056652128979,-2.3287182970575486,4.710625317487229,1.148274165091105,19,1,0,0,0,SAFE
2026-07-21T12:45:58.179307,0.21302143698920695,0.2454629809313111,-3.0824522694161374,4.098356373992217,0.9724590432275961,19,1,0,0,0,SAFE
2026-07-21T12:45:58.264359,0.23517166484879976,0.23685873350429346,-1.5140552096094666,6.309828689360673,0.553051271909955,19,1,0,0,0,SAFE
2026-07-21T12:45:58.344460,0.22470670332825693,0.2327798548148034,-1.7103914011057384,2.6987195219708173,1.3464021809073732,19,1,0,0,0,SAFE
2026-07-21T12:45:58.427180,0.2582808946155539,0.22820368769352323,-1.4914755219556923,5.716114618680869,1.3873372838657454,19,1,0,0,0,SAFE
2026-07-21T12:45:58.504391,0.2793704051085188,0.2241046242609822,-2.189066841159871,2.5414490773655833,1.4701589145731302,19,1,0,0,0,SAFE
2026-07-21T12:45:58.589003,0.2909759054003928,0.2368056652128979,-1.7238525451150224,3.540851231440907,1.4259754516929573,19,1,0,0,0,SAFE
2026-07-21T12:45:58.666971,0.28139160952807596,0.22820368769352323,-1.827326680906367,5.1531817294040065,1.3685642485863332,19,1,0,0,0,SAFE
2026-07-21T12:45:58.749115,0.2907903844295379,0.22417041574862664,-1.9166758942809565,7.588848512506517,1.2164925715461252,19,1,0,0,0,SAFE
2026-07-21T12:45:58.837760,0.2645320718084582,0.22417041574862664,11.515567140477543,11.328471004472709,3.9950599076892956,19,1,0,0,0,SAFE
2026-07-21T12:45:58.917877,0.26909644381789216,0.24089129675466953,11.498675881196021,11.724444575116458,5.464673716976051,19,1,0,0,0,SAFE
2026-07-21T12:45:58.999038,0.28978917284258,0.23668314459746218,9.097379101057129,14.507280267251948,5.203950798086453,19,1,0,0,0,SAFE
2026-07-21T12:45:59.085726,0.2892898977147586,0.23668314459746218,9.278628227622903,14.338209721165263,5.48464814367361,19,1,0,0,0,SAFE
2026-07-21T12:45:59.168460,0.29711198869758915,0.22842778087237706,9.16285544681736,13.67464757762681,5.377478715542651,19,1,1,0,0,PHONE_USAGE
2026-07-21T12:45:59.259072,0.2981634167651571,0.22792333907700157,-3.164994114693741,13.181625133109335,1.9283792148631373,19,1,1,0,0,PHONE_USAGE
2026-07-21T12:45:59.340507,0.27937465495696606,0.24565877701198935,-2.106598894734873,15.395054142632736,1.9789073391131382,19,1,1,0,0,PHONE_USAGE
2026-07-21T12:45:59.419610,0.29734819194097806,0.23690836682689798,10.746566295819719,14.677577408384915,6.257224556453792,19,1,1,0,0,PHONE_USAGE
2026-07-21T12:45:59.505399,0.26948807528590957,0.23660731008277747,-2.394501217678709,15.662328466406493,3.018225329125707,19,1,1,0,0,PHONE_USAGE
2026-07-21T12:45:59.589011,0.27466912610013927,0.2373880471115244,11.588971340240903,12.554994844229341,7.623456601575555,19,1,1,0,0,PHONE_USAGE
2026-07-21T12:45:59.673604,0.2711622455250467,0.22832191752284534,-0.1464718858229901,11.471999337355184,4.140464394220425,19,1,1,0,0,PHONE_USAGE
2026-07-21T12:45:59.757717,0.29687460517990616,0.22832191752284534,-0.9351205430938307,15.90324129704466,3.91831695178068,19,1,0,0,0,SAFE
2026-07-21T12:45:59.832699,0.2897569852476114,0.2360883413428812,-0.885512335650418,15.870348767391528,3.542208083188162,19,1,0,0,0,SAFE
2026-07-21T12:45:59.922610,0.2960268390744823,0.23123193571063136,-0.35161137337641435,16.22703375338282,3.5162964487825423,19,1,0,0,0,SAFE
2026-07-21T12:46:00.005834,0.25616294294825487,0.23193335953685087,-1.329091683198726,17.309312134309852,2.968532811286201,19,1,0,0,0,SAFE
2026-07-21T12:46:00.084704,0.2576575506485063,0.24600829809295244,-0.9902486067757366,15.161695303983487,3.3564981119626704,19,1,0,0,0,SAFE
2026-07-21T12:46:00.166591,0.2858326252101616,0.2361160705149159,-1.5100961121264902,14.449851300769904,3.256419733031516,19,1,0,0,0,SAFE
2026-07-21T12:46:00.250182,0.2957140450466541,0.22870515439783345,-1.1766959274959277,13.493343287664823,3.6829314193113505,19,1,0,0,0,SAFE
2026-07-21T12:46:00.335029,0.2811134778361614,0.22304016573940033,-1.5104161270156453,11.548378141725198,3.1381182964603958,19,1,1,0,0,PHONE_USAGE
2026-07-21T12:46:00.420855,0.30300757384709354,0.24114285107087569,-0.6640087904333996,13.993232843121397,3.7304124905033396,19,1,0,0,0,SAFE
2026-07-21T12:46:00.508866,0.29215882664459525,0.22786893531129307,-1.1946240199852696,15.79692540135649,3.076614800477648,19,1,0,0,0,SAFE
2026-07-21T12:46:00.588240,0.28433336130418396,0.23275715607586353,-0.8649157828834007,16.62857594834809,3.140588962608936,19,1,0,0,0,SAFE
2026-07-21T12:46:00.671518,0.2933740385166015,0.2273982493945111,-1.34388734655289,16.35890541540898,3.164926807342313,19,1,0,0,0,SAFE
2026-07-21T12:46:00.751748,0.28561604811736185,0.2273982493945111,-0.9624257670593295,15.69595687831509,3.179746788273758,19,1,0,0,0,SAFE
2026-07-21T12:46:00.833359,0.29148650335185167,0.22335836539261958,-0.5280614870514171,16.496720903537806,3.1333818380912053,19,1,0,0,0,SAFE
2026-07-21T12:46:00.910543,0.29388912998692046,0.22786893531129307,11.587801422599483,14.541278203734986,7.551996715767984,19,1,0,0,0,SAFE
2026-07-21T12:46:00.996153,0.2885231446661902,0.2319061215770917,11.653263611928168,15.139977078163485,7.491719062801991,19,1,0,0,0,SAFE
2026-07-21T12:46:01.073225,0.29660489617940533,0.22786893531129307,-1.6176668719488418,15.276315409837215,3.123615566464769,19,1,0,0,0,SAFE
2026-07-21T12:46:01.155912,0.3215671090075597,0.2319061215770917,-0.7695504953479428,15.476736729086241,3.1179070222788696,19,1,0,0,0,SAFE
2026-07-21T12:46:01.237494,0.29412265265048265,0.22335836539261958,-1.0875394709298405,16.35922019654568,3.0094896241944715,19,1,0,0,0,SAFE
2026-07-21T12:46:01.316602,0.2929602461302392,0.2360883413428812,-0.6125438666947787,16.108233009712922,3.2691198920936406,19,1,0,0,0,SAFE
2026-07-21T12:46:01.402762,0.3130050088755013,0.24079931537454224,-1.102963728757743,16.7705397881501,3.092812276919036,19,1,0,0,0,SAFE
2026-07-21T12:46:01.484730,0.3130050088755013,0.24114285107087569,-0.9853631390466546,16.25348673477573,3.0950095832936464,19,1,0,0,0,SAFE
2026-07-21T12:46:01.567315,0.3175623137697938,0.2319061215770917,-1.198405640950142,16.451656584737865,3.3206750569509857,19,1,0,0,0,SAFE
2026-07-21T12:46:01.651297,0.29950356835202946,0.2319061215770917,11.044895135383143,15.672228236248616,7.515668434145255,19,1,0,0,0,SAFE
2026-07-21T12:46:01.735931,0.30199295614011856,0.22786893531129307,-0.8993622121180351,15.452533317094813,3.326796720810677,19,1,0,0,0,SAFE
2026-07-21T12:46:01.823035,0.2902880478489149,0.2242673805709731,-1.9547974360378078,16.85082783383227,3.055746067716813,19,1,0,0,0,SAFE
2026-07-21T12:46:01.903719,0.30145423704847873,0.23253386342514,10.960677499896576,14.460045013816925,7.404883721999028,19,1,0,0,0,SAFE
2026-07-21T12:46:01.986195,0.2779283913876571,0.2373880471115244,-0.8117561458944635,15.158204242710159,3.1545707780400183,19,1,0,0,0,SAFE
2026-07-21T12:46:02.075790,0.2792566783997299,0.2319061215770917,-1.0613475207455565,11.203115185542142,3.469019517313883,19,1,0,0,0,SAFE
2026-07-21T12:46:02.155870,0.27741315964669866,0.22870515439783345,11.477135796645229,11.346373353513428,6.781702698812779,19,1,0,0,0,SAFE
2026-07-21T12:46:02.242497,0.2716405055109799,0.2325582289124148,13.298119552496615,10.781811973426297,6.878984982201871,19,1,1,0,0,PHONE_USAGE
2026-07-21T12:46:02.328523,0.2766415478895408,0.2281827805006295,0.1596732435705519,9.555275772957007,3.4414031029443652,19,1,1,0,0,PHONE_USAGE
2026-07-21T12:46:02.411161,0.2638367623426625,0.22786893531129307,0.3588564081774166,10.35286895907532,3.5415343871138805,19,1,1,0,0,PHONE_USAGE
2026-07-21T12:46:02.497752,0.27863670662206447,0.23123193571063136,-0.5388140560097838,13.896049376913306,2.869058526085216,19,1,1,0,0,PHONE_USAGE
2026-07-21T12:46:02.582925,0.2819410852751679,0.22786893531129307,13.211082708453944,12.620790840541147,6.5708785711009625,19,1,1,0,0,PHONE_USAGE
2026-07-21T12:46:02.662508,0.29204180675105423,0.2319061215770917,-0.7313681569495429,13.919135258303418,2.968579680557124,19,1,1,0,0,PHONE_USAGE
2026-07-21T12:46:02.750243,0.29013895316034244,0.23660731008277747,-0.5995154242297644,14.898686157975359,2.5111040874002537,19,1,1,0,0,PHONE_USAGE
2026-07-21T12:46:02.831245,0.28054955985139374,0.2242673805709731,13.129426196374823,13.49788572382699,6.672904122119263,19,1,1,0,0,PHONE_USAGE
2026-07-21T12:46:02.918827,0.3002344253622801,0.24532089513845648,12.889231717525632,14.810054059754046,7.057360843977818,19,1,1,0,0,PHONE_USAGE
2026-07-21T12:46:03.005781,0.2854827954706684,0.22870515439783345,-0.7920899124057144,13.534995334805727,2.7498716189241192,19,1,1,0,0,PHONE_USAGE
2026-07-21T12:46:03.088377,0.2937100595984429,0.23253386342514,14.022594907305205,13.242339784921748,6.889429829224753,19,1,1,0,0,PHONE_USAGE
2026-07-21T12:46:03.168727,0.2806349901663128,0.2281827805006295,13.42015298497833,14.038673138293385,7.235748547338375,19,1,1,0,0,PHONE_USAGE
2026-07-21T12:46:03.253865,0.2766396703429833,0.24079931537454224,-0.2045152836964519,13.272214020621188,2.847979713154672,19,1,1,0,0,PHONE_USAGE
2026-07-21T12:46:03.337533,0.2996589552371274,0.2325582289124148,12.480357608049701,12.926931094562514,6.621785635084194,19,1,1,0,0,PHONE_USAGE
2026-07-21T12:46:03.425006,0.28295159115194135,0.2239693946971136,12.609439767474782,13.161798628032834,6.832882320835523,19,1,1,0,0,PHONE_USAGE
2026-07-21T12:46:03.511605,0.2826157915688845,0.24500585050319085,12.858118221924883,12.86600445859834,7.0213241525976,19,1,1,0,0,PHONE_USAGE
2026-07-21T12:46:03.593716,0.29385290402847875,0.22767887974464476,12.17414058580843,13.779350207858398,7.080488919977199,19,1,0,0,0,SAFE
2026-07-21T12:46:03.678804,0.2844036728632853,0.22767887974464476,13.356786530699537,14.898608020771125,7.193454787769838,19,1,0,0,0,SAFE
2026-07-21T12:46:03.760100,0.26845043647057854,0.22786893531129307,12.656379695007047,13.724542070507699,6.850486617585034,19,1,0,0,0,SAFE
2026-07-21T12:46:03.845733,0.2912629813530121,0.22335836539261958,-1.4639388091389094,11.31763695434845,2.5656750906390595,19,1,1,0,0,PHONE_USAGE
2026-07-21T12:46:03.923944,0.27521944913107477,0.2281827805006295,12.261392457000738,14.113399916271579,7.080103274676588,19,1,0,0,0,SAFE
2026-07-21T12:46:04.008316,0.28836168109572813,0.2281827805006295,-0.8692462053114411,14.78799462815202,2.7980043956969913,19,1,0,0,0,SAFE
2026-07-21T12:46:04.086737,0.2828688741878308,0.2317241161162293,-1.161658334298636,13.76359078286642,2.8431724498506092,19,1,0,0,0,SAFE
2026-07-21T12:46:04.166153,0.280560894989212,0.24114285107087569,-0.5755907176765618,9.826864290798111,3.063903665945163,19,1,1,0,0,PHONE_USAGE
2026-07-21T12:46:04.254252,0.28989359359253275,0.22786893531129307,-1.2121100337813289,13.448263576171716,2.908759312589785,19,1,1,0,0,PHONE_USAGE
2026-07-21T12:46:04.331321,0.28437991883913527,0.24144350556985011,12.356890031121736,13.67477481026284,6.8293546673486105,19,1,1,0,0,PHONE_USAGE
2026-07-21T12:46:04.414234,0.2877826838382619,0.22786893531129307,12.241010064388377,15.27852843447141,7.17111640233361,19,1,1,0,0,PHONE_USAGE
2026-07-21T12:46:04.499231,0.28217762512952793,0.24079931537454224,-0.5941490382325867,17.255472956867155,2.8852380507233444,19,1,0,0,0,SAFE
2026-07-21T12:46:04.583757,0.28959709181374804,0.2281827805006295,11.619395164865068,14.43343238327148,6.905380684587016,19,1,0,0,0,SAFE
2026-07-21T12:46:04.664880,0.30199295614011856,0.22786893531129307,-1.2455752636356294,16.24101344912415,2.591446101032504,19,1,0,0,0,SAFE
2026-07-21T12:46:04.751740,0.2815961357764565,0.22786893531129307,-1.16145324878417,13.526971541012548,2.7269325543609257,19,1,1,0,0,PHONE_USAGE
2026-07-21T12:46:04.837855,0.28742502826734073,0.22767887974464476,-1.2771396708667169,14.119778382156735,2.6444218351354634,19,1,1,0,0,PHONE_USAGE
2026-07-21T12:46:04.922954,0.2900119413954154,0.2281827805006295,11.986286259858417,14.894567675865504,6.745400038923663,19,1,1,0,0,PHONE_USAGE
2026-07-21T12:46:05.008700,0.2806504347805592,0.2239693946971136,-1.269370454261832,14.84482328723351,2.5204359768421227,19,1,1,0,0,PHONE_USAGE
2026-07-21T12:46:05.095802,0.29291345411321545,0.22786893531129307,11.91217098910036,15.790502549740577,6.927299622769169,19,1,1,0,0,PHONE_USAGE
2026-07-21T12:46:05.178394,0.2856715969755642,0.2296943798830148,12.02302871828121,15.601328469103102,6.935925447004763,19,1,1,0,0,PHONE_USAGE
2026-07-21T12:46:05.263005,0.30683936062890316,0.23253386342514,12.68946549157107,15.09256255090502,6.979496489762141,19,1,1,0,0,PHONE_USAGE
2026-07-21T12:46:05.342603,0.2942264858457898,0.22335836539261958,-1.2374735066738651,16.71062600961774,2.310791025801229,19,1,1,0,0,PHONE_USAGE
2026-07-21T12:46:05.428035,0.2881068881541967,0.23236626872297253,-0.655715272262853,17.975590645478118,2.3892051136725696,19,1,1,0,0,PHONE_USAGE
2026-07-21T12:46:05.516137,0.29291345411321545,0.2409665301748948,11.890155376400457,15.241603925023433,6.853970474084207,19,1,1,0,0,PHONE_USAGE
2026-07-21T12:46:05.596813,0.2954964353308312,0.2290201513165058,12.276486137615763,14.7968354080997,7.019366433692539,19,1,1,0,0,PHONE_USAGE
2026-07-21T12:46:05.685813,0.2787993326168796,0.24144350556985011,12.319567670286716,15.004595069554988,6.8773269711863065,19,1,1,0,0,PHONE_USAGE
2026-07-21T12:46:05.768909,0.2818942216758613,0.23338013771007854,12.908914367584146,14.377630482640141,6.954727727578415,19,1,1,0,0,PHONE_USAGE
2026-07-21T12:46:05.848648,0.2910084008719967,0.22870515439783345,12.536612136652593,14.721586651107067,7.061117959509346,19,1,1,0,0,PHONE_USAGE
2026-07-21T12:46:05.931743,0.2886177949430302,0.22786893531129307,12.383130219169686,15.163208489879409,7.01368870732162,19,1,1,0,0,PHONE_USAGE
2026-07-21T12:46:06.011334,0.3089029093320505,0.23253386342514,12.07146714934592,14.66138001156615,6.825524525125331,19,1,1,0,0,PHONE_USAGE
2026-07-21T12:46:06.095482,0.3022469415775568,0.24144350556985011,12.038530356727534,14.201139069102702,6.814105512935129,19,1,1,0,0,PHONE_USAGE
2026-07-21T12:46:06.183580,0.29223136009565476,0.22815262953046522,12.664747267891329,14.275895906832575,6.8224896072282775,19,1,1,0,0,PHONE_USAGE
2026-07-21T12:46:06.266681,0.29125452227560006,0.2242673805709731,12.855579223073647,13.488916233087338,6.515125347931843,19,1,1,0,0,PHONE_USAGE
2026-07-21T12:46:06.355866,0.2851452856891735,0.2281827805006295,0.4074136595323239,15.054323983571752,2.6821352634897964,19,1,0,0,0,SAFE
2026-07-21T12:46:06.432817,0.27314197954310676,0.23284324411792787,13.23935740591989,13.055569111060946,6.563124725810866,19,1,0,0,0,SAFE
2026-07-21T12:46:06.514900,0.25701877319276684,0.2281827805006295,-0.7981405939651154,13.646204806212685,2.332794836557207,19,1,0,0,0,SAFE
2026-07-21T12:46:06.596496,0.2588188189948817,0.2281827805006295,13.851547707064043,12.512121073003796,6.654812064975317,19,1,1,0,0,PHONE_USAGE
2026-07-21T12:46:06.687830,0.26333465275830115,0.24565877701198935,-0.2967745820511425,13.120787981412628,2.530150867397242,19,1,1,0,0,PHONE_USAGE
2026-07-21T12:46:06.772410,0.25202318070770097,0.2281827805006295,0.21573825671083569,15.041041988687207,2.3107440153788916,19,1,1,0,0,PHONE_USAGE
2026-07-21T12:46:06.857237,0.26931428386204315,0.23223696982238698,0.47504450368694506,15.975873077764167,3.0030807119630696,19,1,1,0,0,PHONE_USAGE
2026-07-21T12:46:06.934820,0.2765319242904256,0.2281827805006295,-0.008233848204923788,12.03730209959941,3.063553920930095,19,1,1,0,0,PHONE_USAGE
2026-07-21T12:46:07.018653,0.28027216000904853,0.2242673805709731,14.014395230226881,13.405037016911146,7.195859021832916,19,1,1,0,0,PHONE_USAGE
2026-07-21T12:46:07.099135,0.287934631398739,0.2281827805006295,13.575003883500159,13.604038238879117,7.150784964207787,19,1,1,0,0,PHONE_USAGE
2026-07-21T12:46:07.180744,0.29372575581522414,0.22786893531129307,12.837427427150828,14.117772265249679,7.215086842951905,19,1,1,0,0,PHONE_USAGE
2026-07-21T12:46:07.266849,0.28249414865581635,0.2281827805006295,-0.3071473224085537,13.924396465155262,3.0487603095361377,19,1,1,0,0,PHONE_USAGE
2026-07-21T12:46:07.345454,0.29509681741658716,0.22786893531129307,-0.41979854173294484,13.216248059108702,2.9790901974320874,19,1,1,0,0,PHONE_USAGE
2026-07-21T12:46:07.424666,0.2857391382164022,0.22786893531129307,-0.18999126344371575,11.611444789372447,3.080475815790665,19,1,1,0,0,PHONE_USAGE
2026-07-21T12:46:07.511509,0.2822912556856656,0.22786893531129307,13.784078621711785,14.113209328286064,7.191504899291033,19,1,1,0,0,PHONE_USAGE
2026-07-21T12:46:07.589723,0.28553198183090545,0.22786893531129307,12.963139410966761,14.180018554413953,7.218787690868254,19,1,1,0,0,PHONE_USAGE
2026-07-21T12:46:07.673355,0.2525495586603285,0.23079881831307533,-3.3951548376839185,3.529290162821661,0.9199214310322668,19,1,0,0,0,SAFE
2026-07-21T12:46:07.759363,0.25946527023319216,0.23632457767769446,-2.444600620333233,3.7882668247944538,0.9344415174076424,19,1,0,0,0,SAFE
2026-07-21T12:46:07.836831,0.24088907637048584,0.2289149599908995,-3.8548488853936362,-2.4404491335444156,-3.3829561086028628,19,1,0,0,0,SAFE
2026-07-21T12:46:07.918904,0.22328573575492505,0.24036938325723775,-7.64107665004471,-10.515940451568044,-6.76082773034337,19,1,0,0,0,SAFE
2026-07-21T12:46:08.003690,0.21502259113366512,0.2244058303510566,-10.924338130953743,-12.967960694847251,-8.878940542155577,19,1,0,0,0,SAFE
2026-07-21T12:46:08.085289,0.20999888954531365,0.23675669867256777,-7.54412017721117,-13.69772621869784,-10.682565813175527,19,1,0,0,0,SAFE
2026-07-21T12:46:08.169377,0.21387098432106666,0.22769750513818515,-7.31022665136399,-15.609066172532577,-11.260908001331462,19,1,0,0,0,SAFE
2026-07-21T12:46:08.257517,0.2050472514637895,0.2265037369998199,-7.563000119216952,-16.827171667990683,-10.277485053865155,19,1,0,0,0,SAFE
2026-07-21T12:46:08.339124,0.14475509559039007,0.2332013180300565,0.22226395570621094,-17.616325429593683,-14.369541504747268,19,1,0,0,0,SAFE
2026-07-21T12:46:08.417210,0.18387869886057875,0.22840329667841555,-4.954482902044248,-19.755105464924878,-14.001792051802216,19,1,0,0,0,SAFE
2026-07-21T12:46:08.498883,0.1434676406700991,0.22954043174623404,3.090916065038442,-21.46758406663383,-14.798598021690774,19,1,0,0,0,SAFE
2026-07-21T12:46:08.576492,0.14425960367703722,0.22672387806348038,3.6028570473307866,-22.04274119702532,-14.366169792779393,19,1,0,0,0,SAFE
2026-07-21T12:46:08.658165,0.15552834421185857,0.23121001022287857,11.872119742705507,-16.41746872040051,-18.975234531100398,19,1,0,0,0,SAFE
2026-07-21T12:46:08.735787,0.1251825319796357,0.23193043599489857,6.019212763651296,-21.439579153850897,-15.073630940384648,19,1,0,0,0,SAFE
2026-07-21T12:46:08.812979,0.14629703551028042,0.23027705690272277,4.331573289198246,-23.593005906016813,-14.014058237729968,19,1,0,0,0,SAFE
2026-07-21T12:46:08.892732,0.14287010684935353,0.2297545694043149,5.4686362323348305,-22.64067477892733,-15.11643968526017,19,1,0,0,0,SAFE
2026-07-21T12:46:08.969826,0.12480916221379892,0.23985531975493427,5.417022459485025,-22.439509587416076,-14.866172034530788,19,1,0,0,0,SAFE
2026-07-21T12:46:09.049752,0.11696752836099278,0.23193043599489857,6.201480673832037,-20.687690891067312,-15.167715649285569,19,1,0,0,0,SAFE
2026-07-21T12:46:09.129337,0.10429202519690794,0.23193043599489857,6.031220632484207,-20.230022950037927,-15.149068237905704,19,1,0,0,0,SAFE
2026-07-21T12:46:09.208424,0.12257474927003645,0.23481623094768458,9.867635746089803,-14.116259426235965,-17.953065071906565,19,1,0,0,0,SAFE
2026-07-21T12:46:09.294148,0.1267261826789353,0.24478050717101538,10.759555816128824,-13.674323784370223,-18.0783366717246,19,1,0,0,0,SAFE
2026-07-21T12:46:09.384665,0.1550379532091217,0.22847819119101595,10.506440711497277,-15.41574185251074,-18.95912750050971,19,1,0,1,0,DROWSY
2026-07-21T12:46:09.463565,0.24697719703528426,0.23290761439753302,12.543840734253195,-10.48520680413198,-19.757140853513846,20,1,0,1,0,DROWSY
2026-07-21T12:46:09.548716,0.2602388143676946,0.22163381723526135,2.9611261926872032,-9.132898673821883,-16.9290002020914,20,1,0,0,0,SAFE
2026-07-21T12:46:09.630512,0.2629416381664079,0.22779397381126051,4.569695985912944,-0.7478593035566576,-16.872839706185463,20,1,0,0,0,SAFE
2026-07-21T12:46:09.714180,0.2700763532587508,0.23353820745142034,14.690508352114648,16.071130991799997,-13.517773093889502,20,1,0,0,0,SAFE
2026-07-21T12:46:09.794292,0.2633107719067517,0.22931682645752735,13.187656636986588,18.23222553722534,-12.775253930169782,20,1,0,0,0,SAFE
2026-07-21T12:46:09.877890,0.24545283842675786,0.22052350889990863,0.5675307627015798,14.19396613926745,-14.56390497607755,20,1,0,0,0,SAFE
2026-07-21T12:46:09.960756,0.23493443140097492,0.2266644280167042,7.508738487915792,29.85627080332755,-10.41370038860262,20,1,0,0,0,SAFE
2026-07-21T12:46:10.044360,0.28869619533138824,0.23080127982580764,-2.067903645931807,22.65065435796993,-13.203450713811753,20,1,0,0,0,SAFE
2026-07-21T12:46:10.138243,0.2925831332572734,0.2297599104015781,-2.741949190486139,24.658506737503398,-11.31131988146307,20,1,0,0,0,SAFE
2026-07-21T12:46:10.219418,0.1953246553940069,0.21664371936989527,4.5132402523288135,40.30858801009306,-2.4513594777795333,20,1,0,0,0,SAFE
2026-07-21T12:46:10.310032,0.2567931948739784,0.23092158426857487,5.578664113836993,34.64538230789308,-0.654204000343384,20,1,0,0,0,SAFE
2026-07-21T12:46:10.393619,0.21599131981688788,0.24995001499500177,7.904398556001524,29.777310218795876,1.2364692508237738,20,1,0,0,0,SAFE
2026-07-21T12:46:10.476235,0.2386179319208337,0.23632457767769446,10.378679205515454,9.27876534330864,1.135770521382426,20,1,0,0,0,SAFE
2026-07-21T12:46:10.562387,0.2600466409782919,0.2358490566037736,14.564020781377337,3.2683691174453413,1.5817523406761325,20,1,0,0,0,SAFE
2026-07-21T12:46:10.647036,0.2635799512929281,0.23696802770383635,15.37546215071606,-7.727868369232092,1.1442685689584096,20,1,0,0,0,SAFE
2026-07-21T12:46:10.729747,0.2211154687314753,0.24119826253292173,15.271504611826401,-11.68123700226455,0.5616571495289406,20,1,0,0,0,SAFE
2026-07-21T12:46:10.813675,0.21881894163587384,0.22741688632347157,13.87284892007412,-13.698409065960861,0.6899799684843515,20,1,0,0,0,SAFE
2026-07-21T12:46:10.896822,0.27932289688046813,0.22883900100019258,17.767119947645796,-11.94915888732216,0.21291959168058838,20,1,0,0,0,SAFE
2026-07-21T12:46:10.984428,0.27952669878241265,0.22883900100019258,18.071054045601272,-12.3350589602826,0.4475102826705779,20,1,0,0,0,SAFE
2026-07-21T12:46:11.064706,0.2933000477650028,0.22809843577569752,14.713379865338965,-20.138174939689616,-1.3507105322138955,20,1,0,0,0,SAFE
2026-07-21T12:46:11.148364,0.31860320558157185,0.22325045202912847,15.408617766087929,-22.505293525573336,-1.8141802369402455,20,1,0,0,0,SAFE
2026-07-21T12:46:11.231312,0.29632296244182577,0.23632457767769446,14.738306515578984,-21.795757787991516,-2.713046031621275,20,1,0,0,0,SAFE
2026-07-21T12:46:11.310765,0.28866058588500754,0.24034017789179007,4.422422295427225,-16.722279677669853,0.685063895987236,20,1,0,0,0,SAFE
2026-07-21T12:46:11.386852,0.27816101466946186,0.23079881831307533,16.090017171955935,-22.245686118214017,-5.15331043741574,20,1,0,0,0,SAFE
2026-07-21T12:46:11.470414,0.29500023631698036,0.2173399540921557,5.190199320290446,-21.86815799097736,-0.3768996566142487,20,1,0,0,0,SAFE
2026-07-21T12:46:11.557531,0.28506810751696854,0.23423119645697313,16.598783819962563,-23.822752427715766,-6.261256948877531,20,1,0,0,0,SAFE
2026-07-21T12:46:11.646167,0.2832421286315611,0.2348666955872769,13.86965481552653,-21.266464378888667,-5.627321513524947,20,1,0,0,0,SAFE
2026-07-21T12:46:11.734467,0.23642512946290517,0.2270295497340427,-0.6629423093636433,-14.74384087001052,-1.108379398894412,20,1,0,0,0,SAFE
2026-07-21T12:46:11.817872,0.2284149730163733,0.23921451970479193,0.7804888109331216,-12.743396040979666,-0.909167199331631,20,1,0,0,0,SAFE
2026-07-21T12:46:11.904692,0.22419820680697755,0.2273219253216873,0.05894460112347133,-16.0686328543881,-1.101930145655007,20,1,0,0,0,SAFE
2026-07-21T12:46:11.990714,0.2573693994630287,0.24525814600899115,13.355264351933585,-18.366898685614697,-5.586747510263848,20,1,0,0,0,SAFE
2026-07-21T12:46:12.071498,0.26792252949437695,0.23140936856140495,1.4291974610086697,-17.130306743021922,-2.053583500192571,20,1,0,0,0,SAFE
2026-07-21T12:46:12.157926,0.26999289659133463,0.23762698533292856,3.14084638116708,-13.748167525357765,-3.794814060186006,20,1,0,0,0,SAFE
2026-07-21T12:46:12.246311,0.2679750170221654,0.22526112460303876,0.6768647336401727,-13.379869367798378,-4.117163415210675,20,1,0,0,0,SAFE
2026-07-21T12:46:12.332456,0.24973603614086198,0.23215385175741918,8.924433729848829,-11.779716898778329,-6.542146074465165,20,1,0,0,0,SAFE
2026-07-21T12:46:12.414258,0.2780599919494263,0.2268621631307206,-1.0584372986594417,-6.634750216090062,-3.138916621300642,20,1,0,0,0,SAFE
2026-07-21T12:46:12.492523,0.2897351560650373,0.24416685344442435,6.402573221562051,18.331684449701875,1.9598710886184847,20,1,0,0,0,SAFE
2026-07-21T12:46:12.576589,0.26331371227955314,0.21944693209237684,4.824829526136881,25.2605034624334,3.6173632465103935,20,1,0,0,0,SAFE
2026-07-21T12:46:12.656825,0.265389242648899,0.21794871794871795,-3.5752024934347446,21.031135513182107,-0.9121326005815197,20,1,0,0,0,SAFE
2026-07-21T12:46:12.746287,0.29423564693721926,0.2375319902329787,-3.746483684751553,26.544522137208553,0.605869461467393,20,1,0,0,0,SAFE
2026-07-21T12:46:12.823665,0.30927120043643996,0.23780243758314415,5.663107704549844,29.98957817138399,6.6820146001919625,20,1,0,0,0,SAFE
2026-07-21T12:46:12.900779,0.3140105690685099,0.2268621631307206,6.362023178451466,26.43565055559778,6.117873352067278,20,1,0,0,0,SAFE
2026-07-21T12:46:12.988398,0.2867103223200842,0.221176216892592,5.38070492259169,23.468611543577683,4.477945920866063,20,1,0,0,0,SAFE
2026-07-21T12:46:13.072774,0.28713324713556054,0.23333333333333334,6.521726222016724,19.678402530891795,3.6670095646134087,20,1,0,0,0,SAFE
2026-07-21T12:46:13.157751,0.3061639019953075,0.23255813953488372,7.571550849876417,19.14082840451865,2.5591783539674964,20,1,0,0,0,SAFE
2026-07-21T12:46:13.244496,0.2887537461626286,0.23802777946288955,-1.0126503797965825,13.88845050767975,-1.224968455873567,20,1,0,0,0,SAFE
2026-07-21T12:46:13.330537,0.26772254152719377,0.2391304347826087,11.701810206410698,13.469476002209591,1.663756520500499,20,1,0,0,0,SAFE
2026-07-21T12:46:13.411703,0.26769783405302183,0.22851952219161564,11.203181569565743,8.798730688169279,0.7347086260482172,20,1,0,0,0,SAFE
2026-07-21T12:46:13.491294,0.2720903591720586,0.24462548714162227,11.382236804951503,2.347537267955248,0.225601026515875,20,1,0,0,0,SAFE
2026-07-21T12:46:13.572402,0.27740638971988424,0.22820695179676348,11.248493781284623,8.085060667021375,1.4793506053401018,20,1,0,0,0,SAFE
2026-07-21T12:46:13.654997,0.27643118371137065,0.22826086956521738,12.285215427622433,4.538070292890546,1.1312247998980922,20,1,0,0,0,SAFE
2026-07-21T12:46:13.737609,0.2831499008555234,0.22721405353294152,11.943507933486813,12.123968907537101,1.301335307093467,20,1,0,0,0,SAFE
2026-07-21T12:46:13.822705,0.28141371236451834,0.22749789381042104,12.957650149504872,6.0461383967603615,0.06849295496647301,20,1,0,0,0,SAFE
2026-07-21T12:46:13.905255,0.2893245190168974,0.2273219253216873,13.617227588463408,3.878884112319625,0.097604424459945,20,1,0,0,0,SAFE
2026-07-21T12:46:13.992541,0.27660865378077415,0.22749789381042104,12.031813575162488,5.602453019714941,0.15143630901997085,20,1,0,0,0,SAFE
2026-07-21T12:46:14.068674,0.2769597581603912,0.23839021982291242,11.372144363744496,6.529061876651646,-0.134652677619016,20,1,0,0,0,SAFE
2026-07-21T12:46:14.155677,0.2576889611559574,0.22069164692422386,0.31677868839133794,6.384480094590075,-1.7302049689551102,20,1,0,0,0,SAFE
2026-07-21T12:46:14.234186,0.27740638971988424,0.22749789381042104,12.06741624000648,6.778837636366166,-0.4216281919993037,20,1,0,0,0,SAFE
2026-07-21T12:46:14.314430,0.26750161539018164,0.2388450959634127,12.041989317419677,5.350301181473543,-0.7421335309147707,20,1,0,0,0,SAFE
2026-07-21T12:46:14.395537,0.25049542821206433,0.2385747562095886,10.534678180593005,9.935128009738095,0.33581511208947745,20,1,0,0,0,SAFE
2026-07-21T12:46:14.479705,0.2625753466890599,0.221176216892592,-0.609912595681152,6.813645930785163,-2.1407860893181305,20,1,0,0,0,SAFE
2026-07-21T12:46:14.563443,0.23614838857639606,0.2222803987152962,11.438318354023124,8.06124148801805,-0.5719355694778017,20,1,0,0,0,SAFE
2026-07-21T12:46:14.657952,0.20019313093755045,0.23336736122129598,10.921465358583959,7.111080196960424,-1.123323178333095,20,1,0,0,0,SAFE
2026-07-21T12:46:14.739660,0.2171588039683381,0.23336736122129598,10.704990760730254,6.595530743139404,-0.9989538991675886,20,1,0,0,0,SAFE
2026-07-21T12:46:14.829292,0.25235999808136755,0.23866035047028225,8.613069862086235,8.690802440129549,-0.89876352828324,20,1,0,0,0,SAFE
2026-07-21T12:46:14.910879,0.2725231491994726,0.2222803987152962,8.857220381481284,11.360367359512528,-0.21465443354787794,20,1,0,0,0,SAFE
2026-07-21T12:46:14.998829,0.27311097842998444,0.2222803987152962,9.160794600149188,11.712454838352807,0.12289983758691392,20,1,0,0,0,SAFE
2026-07-21T12:46:15.088222,0.24682982542798151,0.2270295497340427,8.981584022127691,12.096223127246933,-0.179628614950758,20,1,0,0,0,SAFE
2026-07-21T12:46:15.170822,0.26271049496524834,0.23336736122129598,9.421477443517574,10.3589107202925,-0.4303614969813623,20,1,0,0,0,SAFE
2026-07-21T12:46:15.250447,0.23137243445128702,0.22830383594988932,9.360135015338443,9.340702509566192,-0.4621572146058668,20,1,0,0,0,SAFE
2026-07-21T12:46:15.338679,0.26271049496524834,0.2388450959634127,8.851795715091669,10.360290430119251,-0.44460024813722043,20,1,0,0,0,SAFE
2026-07-21T12:46:15.420893,0.26181175131768875,0.23885859648706811,9.083839943036537,9.116125597691315,-0.41541912822987115,20,1,0,0,0,SAFE
2026-07-21T12:46:15.506508,0.24768660746140647,0.2273219253216873,8.95142108697732,9.757820398228759,-0.9399059021031348,20,1,0,0,0,SAFE
2026-07-21T12:46:15.591767,0.26363015027324804,0.2222803987152962,9.226504536721308,8.159975520456983,-1.0799423158662478,20,1,0,0,0,SAFE
2026-07-21T12:46:15.669848,0.25686723116168064,0.2273219253216873,7.793625735240653,9.373737475411858,-1.0596682199095824,20,1,0,0,0,SAFE
2026-07-21T12:46:15.750291,0.26858710900205085,0.2386738405513498,10.029449707714178,6.955038437191621,-1.1124916089536043,20,1,0,0,0,SAFE
2026-07-21T12:46:15.837159,0.24321692923406646,0.2386738405513498,8.94654437080598,6.367782796121044,-1.2350206618617108,20,1,0,0,0,SAFE
2026-07-21T12:46:15.916295,0.2333836449161607,0.22069954345725085,9.392126634569536,4.98586682220879,-1.8385644426663248,20,1,0,0,0,SAFE
2026-07-21T12:46:15.996898,0.17556017590835243,0.2273219253216873,4.845892973933587,2.611861573480245,0.22256435059458113,20,1,0,0,0,SAFE
2026-07-21T12:46:16.082489,0.16493777348104774,0.21598491738101175,-5.070354256726233,4.327443018839726,-0.7155610627568935,20,1,0,0,0,SAFE
2026-07-21T12:46:16.165290,0.23732531758441955,0.22721405353294152,8.566559238537195,7.169578220375842,1.963941612550741,20,1,0,0,0,SAFE
2026-07-21T12:46:16.246297,0.22686460475646686,0.22721405353294152,7.6763829618045065,4.950299346953263,1.7151651165421242,20,1,0,0,0,SAFE
2026-07-21T12:46:16.331379,0.2409286287344452,0.2261263904897451,-2.625189560064314,6.314483564401357,0.9191579210595914,20,1,0,0,0,SAFE
2026-07-21T12:46:16.411190,0.23770341548826235,0.23840830464810056,-4.161879428173165,7.853040306045566,0.7837395884347939,20,1,0,0,0,SAFE
2026-07-21T12:46:16.491284,0.2417916045443127,0.22757156352773233,5.983588052876513,5.58398319278749,1.6081743069254344,20,1,0,0,0,SAFE
2026-07-21T12:46:16.574439,0.23656389464607247,0.23249527748763854,-5.304636548545403,8.767127257582588,-0.33775689802786113,20,1,0,0,0,SAFE
2026-07-21T12:46:16.653851,0.26384720049060567,0.221176216892592,3.8783978107652786,13.6339650397139,1.2135539585764548,20,1,0,0,0,SAFE
2026-07-21T12:46:16.734905,0.27306211658211266,0.24412004136202048,4.977806356968415,14.326788434524225,1.4845209579708865,20,1,0,0,0,SAFE
2026-07-21T12:46:16.821188,0.2731358706827565,0.22087051361325663,-6.377081496028325,9.885346425203753,-0.9623182886706215,20,1,0,0,0,SAFE
2026-07-21T12:46:16.909923,0.2509776592972597,0.2261263904897451,-4.196817806622619,11.323839345543652,-0.7573416232000099,20,1,0,0,0,SAFE
2026-07-21T12:46:16.996602,0.267756185561439,0.22087051361325663,-4.473693566414937,11.111425666252714,-0.7574108409968742,20,1,0,0,0,SAFE
2026-07-21T12:46:17.082703,0.26174535108594044,0.23175245157938754,-5.282625842352644,13.335706329234002,-2.0937760601061255,20,1,0,0,0,SAFE
2026-07-21T12:46:17.172415,0.2792690908673245,0.2326124524752062,-5.944212701076452,13.942439012819047,-2.9933032054186723,20,1,0,0,0,SAFE
2026-07-21T12:46:17.258191,0.26102629003841815,0.22099710263708916,3.7537012247978794,19.00888884030267,0.07203646932526908,20,1,0,0,0,SAFE
2026-07-21T12:46:17.340299,0.27333040970089795,0.2442125490830781,1.9809399011606672,18.191602009903367,-0.745899982401852,20,1,0,0,0,SAFE
2026-07-21T12:46:17.418721,0.250725622174067,0.22733683261067425,3.2143541265586464,17.677618201136745,-1.1240960853251636,20,1,0,0,0,SAFE
2026-07-21T12:46:17.500204,0.25625021804555465,0.23742368790986243,3.734429891331814,18.84851012149433,-0.8790774532851344,20,1,0,0,0,SAFE
2026-07-21T12:46:17.582802,0.2514368281703049,0.2270444378496597,2.2712394832929874,16.533289492657065,-1.2573897664753702,20,1,0,0,0,SAFE
2026-07-21T12:46:17.662383,0.2688459378025315,0.24475100550114556,-7.898076395802605,12.952178086725906,-4.150802184834328,20,1,0,0,0,SAFE
2026-07-21T12:46:17.745561,0.2732420415953875,0.2262471719280262,-6.983148506705305,13.964584679454273,-3.4080171974350426,20,1,0,0,0,SAFE
2026-07-21T12:46:17.826638,0.2443425537223418,0.21958958210655835,-6.438894673487653,11.712953027205433,-3.147978545629447,20,1,0,0,0,SAFE
2026-07-21T12:46:17.911714,0.276041565683405,0.21437323142813602,-7.034693620378789,13.018463361439675,-3.173989388658521,20,1,0,0,0,SAFE
2026-07-21T12:46:17.996587,0.2592625966081865,0.21437323142813602,-6.659753198474817,9.459945493646234,-2.6546191426555037,20,1,0,0,0,SAFE
2026-07-21T12:46:18.081281,0.26911057899736684,0.2273219253216873,3.662047255613146,10.924191399391027,-0.7773173498530639,20,1,0,0,0,SAFE
2026-07-21T12:46:18.165377,0.21236683111656907,0.21598491738101175,3.798005483849664,14.881538741826658,-0.949943565452628,20,1,0,0,0,SAFE
2026-07-21T12:46:18.247202,0.2620809938350549,0.23236626872297253,-7.324642835102594,15.056118094346875,-4.397313947377765,20,1,0,0,0,SAFE
2026-07-21T12:46:18.333547,0.2441072503818616,0.21981939337598005,-6.828264510542283,15.109764615172255,-5.573452241169995,20,1,0,0,0,SAFE
2026-07-21T12:46:18.416181,0.2551753344518468,0.22641564642007453,3.1169090242806305,20.66174196710763,-2.0164914048927187,20,1,0,0,0,SAFE
2026-07-21T12:46:18.499821,0.2705733186286017,0.23188652661526585,2.8792892733749795,21.70691184484324,-1.9845240537245274,20,1,0,0,0,SAFE
2026-07-21T12:46:18.579739,0.27720465700960617,0.23780243758314415,0.8880209300822628,21.8891925576487,-2.3722083384824657,20,1,0,0,0,SAFE
2026-07-21T12:46:18.657605,0.26848136182645754,0.2322992539320906,1.2828255480553423,22.410210472340033,-2.4530619789285026,20,1,0,0,0,SAFE
2026-07-21T12:46:18.737754,0.28132900537396804,0.24475100550114556,1.1963746641394266,22.338882586897387,-2.5273293194177313,20,1,0,0,0,SAFE
2026-07-21T12:46:18.823369,0.27556119702105264,0.23086383402612445,1.568242749648448,22.083417051960293,-2.5763832811846044,20,1,0,0,0,SAFE
2026-07-21T12:46:18.904236,0.2704636448444092,0.2192645048267573,-9.955940716425374,16.98334776867028,-6.942564917644388,20,1,0,0,0,SAFE
2026-07-21T12:46:18.995696,0.23578455385985947,0.21981939337598005,-8.233676043326511,18.004600132859707,-8.15044624898107,20,1,0,0,0,SAFE
2026-07-21T12:46:19.079238,0.22485097239292556,0.24337949682894908,-9.114506392177248,17.557759211476583,-8.751868160738232,20,1,0,0,0,SAFE
2026-07-21T12:46:19.157235,0.2225877201579582,0.2319568889116583,-9.340091274198954,17.985908393262214,-8.833522021149937,20,1,0,0,0,SAFE
2026-07-21T12:46:19.239830,0.20239978771973313,0.22526112460303876,-9.262573554183405,15.556307933613633,-8.833369228443722,20,1,0,0,0,SAFE
2026-07-21T12:46:19.329991,0.22929323949441202,0.2638922308698676,-10.037970477845334,10.739831978526611,-7.537767599972394,20,1,0,0,0,SAFE
2026-07-21T12:46:19.415242,0.23303623705523066,0.3043850068729829,-11.568633841020102,6.257762173986649,-6.40622086407324,20,1,0,0,0,SAFE
2026-07-21T12:46:19.493809,0.22515352103892375,0.3928366311940667,-11.078995349954084,-12.445194957491774,-1.4431792017996352,20,1,0,0,0,SAFE
2026-07-21T12:46:19.571329,0.2313712538274304,0.41398911572745045,-11.555127233195293,-8.92710118571623,-2.096149769435379,20,1,0,0,0,SAFE
2026-07-21T12:46:19.655434,0.22466220498478193,0.4206380757608541,-12.840628676603842,-11.26084503903402,-1.1553576493614675,20,1,0,0,0,SAFE
2026-07-21T12:46:19.733387,0.21383423774546495,0.4533115148167334,-14.469221178319117,-12.41885431478687,-0.5262642997772653,20,1,0,0,0,SAFE
2026-07-21T12:46:19.815995,0.2304212085627556,0.4669158531930884,-14.708146360674135,-9.742679338161008,-0.9221557108469419,20,1,0,0,0,SAFE
2026-07-21T12:46:19.903669,0.22090929712668225,0.5232418704714983,-15.24943125986536,-11.365921368350339,-0.6066026600532229,20,1,0,0,0,SAFE
2026-07-21T12:46:19.989278,0.2207351334641015,0.5370349018084469,-13.920752985013905,-16.152056591944458,0.41462851956288355,20,1,0,0,0,SAFE
2026-07-21T12:46:20.078039,0.20597526551091377,0.5248359375172693,-14.108440178107344,-15.095596149782628,0.6275138730808458,20,1,0,0,0,SAFE
2026-07-21T12:46:20.158900,0.2172854191363374,0.5772531518145024,-14.430000267986543,-15.979301789135183,0.7068810563261432,20,1,0,0,0,SAFE
2026-07-21T12:46:20.236994,0.18338210067065924,0.6016524247563021,-14.069567315311218,-19.82816732675707,1.054509577509035,20,1,0,0,0,SAFE
2026-07-21T12:46:20.321179,0.17285631191441123,0.5809839851479259,-14.080105770689585,-18.51500444386742,0.7439790653743232,20,1,0,0,0,SAFE
2026-07-21T12:46:20.402802,0.1952215460362971,0.6435629508050996,-15.839722291829162,-16.365781212377204,-0.143941767269159,20,1,0,0,0,SAFE
2026-07-21T12:46:20.484718,0.21051017385934678,0.6608681542459258,-14.983629195252036,-18.57983634815377,0.933632214492762,21,1,0,0,0,SAFE
2026-07-21T12:46:20.582813,0.20117508689436575,0.6443260598771627,-16.02879928214358,-15.499505188482306,-0.09725406002273862,21,1,0,1,0,DROWSY
2026-07-21T12:46:20.674859,0.1895122249299655,0.675626472070952,0.3376037171280757,-30.500846582842204,-5.098923703646278,21,1,0,1,0,DROWSY
2026-07-21T12:46:20.758959,0.18294261727797517,0.6893894332411882,0.01951169506267547,-30.69698389730461,-5.340655887033904,21,1,0,1,0,DROWSY
2026-07-21T12:46:20.851189,0.19554017721312633,0.7436539482464193,-0.21556100687078583,-30.029260794778253,-5.467833900335108,21,1,0,1,0,DROWSY
2026-07-21T12:46:20.933817,0.18513902463445098,0.781207247093639,-0.9610368168670789,-30.41508790067885,-5.448139326621288,21,1,0,1,0,DROWSY
2026-07-21T12:46:21.016745,0.2053971989871478,0.704982474579048,-16.446803096540236,-17.610946049990076,1.0242069367640838,22,1,0,1,0,DROWSY
2026-07-21T12:46:21.108526,0.20245190696204238,0.6596380126964495,-1.8049266557204646,-28.58556002360926,-4.686926713230548,22,1,0,1,0,DROWSY
2026-07-21T12:46:21.191777,0.17603359553967707,0.5971746797550253,-1.0186159770171344,-28.89560219806254,-5.045437952823278,22,1,0,1,0,DROWSY
2026-07-21T12:46:21.276813,0.1918269900154215,0.5704707901040131,-0.5774863737660212,-28.349289630593635,-5.144481002460793,22,1,0,1,0,DROWSY
2026-07-21T12:46:21.354844,0.20517652063273598,0.5703759283974432,0.1779518264503963,-28.346641430256618,-5.702805085164272,22,1,0,1,0,DROWSY
2026-07-21T12:46:21.435937,0.2015757070062415,0.5575229306829402,0.28103227451074986,-28.211784121209842,-5.426807943928509,22,1,0,1,0,DROWSY
2026-07-21T12:46:21.516923,0.19733185642957013,0.5875305156197944,-0.292472456288408,-26.508307304633806,-5.835461949708019,22,1,0,1,0,DROWSY
2026-07-21T12:46:21.604520,0.1937175957132889,0.623320370941324,-0.08536816601878172,-26.108853281210756,-5.4994592749268065,22,1,0,1,0,DROWSY
2026-07-21T12:46:21.682724,0.17897703737638843,0.5629553361838684,-1.7707483896407439,-24.551940394146428,-5.2136589325178875,22,1,0,1,0,DROWSY
2026-07-21T12:46:21.770993,0.19051186833032774,0.4426173722821964,-1.1098403740957394,-29.302294678356798,-5.6187327803028495,22,1,0,1,0,DROWSY
2026-07-21T12:46:21.859286,0.20824390629526981,0.5497617748111358,0.872945529444138,-28.193072987995762,-6.424326544538786,23,1,0,1,0,DROWSY
2026-07-21T12:46:21.940293,0.22234172670171118,0.6296372457352865,0.8181832577026,-28.77394187177421,-5.910922230770467,23,1,0,1,0,DROWSY
2026-07-21T12:46:22.026418,0.19869457932317322,0.677395097348327,1.933458542926786,-28.117486368224966,-6.494792862781736,23,1,0,1,0,DROWSY
2026-07-21T12:46:22.114009,0.205675710462828,0.7145497435819526,2.5198576520863583,-30.042599464544118,-7.1297732493409285,23,1,0,1,0,DROWSY
2026-07-21T12:46:22.207210,0.1998845235116281,0.726894118369022,2.3727266655904486,-29.37234848524809,-6.512919160906222,23,1,0,1,0,DROWSY
2026-07-21T12:46:22.295809,0.20838519511686154,0.5424035506948197,0.2015158217147075,-27.306358691071825,-5.058902016552537,23,1,0,1,0,DROWSY
2026-07-21T12:46:22.380991,0.21284746556663697,0.5009891695017206,0.17343032113362256,-25.085770064526304,-5.334928490682529,23,1,0,1,0,DROWSY
2026-07-21T12:46:22.461593,0.2294568611242328,0.5757549710474822,0.7516303340329387,-29.486561049512915,-6.0133658826429155,23,1,0,1,0,DROWSY
2026-07-21T12:46:22.542764,0.2232758965166744,0.5534570103467183,0.7209926445416386,-28.213739903583296,-5.707876719783343,23,1,0,1,0,DROWSY
2026-07-21T12:46:22.620780,0.23707447037653512,0.6180660927605642,1.0522388137056282,-29.07197999158687,-6.1667940560171814,23,1,0,1,0,DROWSY
2026-07-21T12:46:22.704610,0.22896762758091244,0.5969061092177002,0.8549415458647616,-24.909574778467558,-5.321454289498689,23,1,0,1,0,DROWSY
2026-07-21T12:46:22.792443,0.21909033369707953,0.6613863352635615,3.170070632205892,23.27418645015534,-3.4904382839961556,23,1,0,1,0,DROWSY
2026-07-21T12:46:22.873017,0.22810709319323721,0.5776468677852014,2.2769411317412676,-25.316572866076054,-6.460480120891873,23,1,0,1,0,DROWSY
2026-07-21T12:46:22.950861,0.21538117173431184,0.38229301106609603,2.923310751299425,-29.08871195455446,-7.415860236023036,23,1,0,1,0,DROWSY
2026-07-21T12:46:23.033502,0.26001646826816394,0.29655986342244295,2.4503562961614023,30.672579747337224,-4.229864108932986,23,1,0,0,0,SAFE
2026-07-21T12:46:23.118597,0.21218530273226827,0.7210506874369804,-1.0724327395824105,-28.705231239933475,-5.656474121556471,23,1,0,0,0,SAFE
2026-07-21T12:46:23.207304,0.2036284125630805,0.6905968172477919,-2.2400349241382003,-27.36906940919342,-6.275747205362393,23,1,0,0,0,SAFE
2026-07-21T12:46:23.297250,0.21034520016432426,0.7824387964604916,-1.9547082078836695,-30.48533898208265,-7.264539453539982,23,1,0,0,0,SAFE
2026-07-21T12:46:23.383270,0.20935579623518352,0.7731298686287386,-2.124752339041777,-30.40262600999598,-7.462610095714041,23,1,0,0,0,SAFE
2026-07-21T12:46:23.470167,0.17319747751906828,0.7597998988998413,-1.691208144797372,30.75656405458977,-6.610759715280778,23,1,0,0,0,SAFE
2026-07-21T12:46:23.554728,0.20251439459588283,0.7654711542800604,-2.194017388672222,29.328916364548398,-7.049342621705335,23,1,0,0,0,SAFE
2026-07-21T12:46:23.644274,0.20061967688533233,0.7318413945556415,-2.7065886990750982,-28.190244389854136,-7.2799348331516,23,1,0,0,0,SAFE
2026-07-21T12:46:23.722540,0.22115252872934504,0.7728132437127897,-2.70075275947886,29.135116048469484,-6.32255958342293,23,1,0,0,0,SAFE
2026-07-21T12:46:23.803703,0.20129924355030968,0.7478214789513385,-2.456170269319358,-26.700637683791616,-6.572985873573856,23,1,0,0,0,SAFE
2026-07-21T12:46:23.889731,0.18149243080846136,0.6912225781520795,-1.6571455104741233,-29.719788821166176,-6.567982584778889,23,1,0,0,0,SAFE
2026-07-21T12:46:23.971381,0.2217851746739637,0.7133790578925102,-1.0874816509424932,27.777847735736596,-5.137294812010822,23,1,0,0,0,SAFE
2026-07-21T12:46:24.057472,0.2153213607983428,0.6952168031184593,-1.744962829603054,-27.38910812180118,-5.846149144282947,23,1,0,0,0,SAFE
2026-07-21T12:46:24.143041,0.21457219711689834,0.6878546387741789,-1.168302127491387,-30.847559638685965,-6.121179971204043,23,1,0,0,0,SAFE
2026-07-21T12:46:24.222825,0.2153213607983428,0.6850043831390804,-0.8376026399776038,-30.501442178890205,-6.023991922421288,23,1,0,0,0,SAFE
2026-07-21T12:46:24.311809,0.21255712052260015,0.6372494353082585,-18.748836676739046,-10.737578680747012,-1.8558818427431385,23,2,0,0,0,SAFE
2026-07-21T12:46:24.394480,0.2126116598544558,0.6374771228928947,-18.57872899807944,-9.54708474420033,-2.0087055661385356,23,2,0,0,0,SAFE
2026-07-21T12:46:24.481311,0.2351952807617015,0.6051850915167606,-18.357726269527717,-8.831644536926692,-2.120812407925486,23,2,0,0,0,SAFE
2026-07-21T12:46:24.565411,0.2028368407462101,0.5970210479429664,-17.81963245230449,-9.52746423334309,-1.7879435023306476,23,2,0,0,0,SAFE
2026-07-21T12:46:24.658747,0.225505322002382,0.5339165378991735,-17.51510781585688,-11.218154759841344,-1.415720928153394,23,2,0,0,0,SAFE
2026-07-21T12:46:24.753259,0.20933120849258624,0.44631185326748224,-15.763246744098467,-8.153558785914946,-2.436730263719736,23,2,0,1,0,DROWSY
2026-07-21T12:46:24.834345,0.21018293112413422,0.40840987439464044,-13.192552929406645,-11.681252611334104,-2.6348602455288304,23,2,0,1,0,DROWSY
2026-07-21T12:46:24.923450,0.22790602661180595,0.3153291282350938,-14.317380576800957,-7.917099161868135,-3.0699015834211414,23,2,0,1,0,DROWSY
2026-07-21T12:46:25.010220,0.19920777972087114,0.26833564692472756,-15.797953330447541,-3.9872499655570404,-4.261050176903922,23,2,0,1,0,DROWSY
2026-07-21T12:46:25.092826,0.22426433709150811,0.22891788260212095,-16.434902344618365,-3.957822953162424,-3.9633839139557145,23,2,0,1,0,DROWSY
2026-07-21T12:46:25.182756,0.22685058952090717,0.22466819187831216,-15.72951493988694,-5.252688468798352,-3.804308874489011,23,2,0,1,0,DROWSY
2026-07-21T12:46:25.267358,0.23092704476665382,0.2348384430601755,-2.177931133933157,-10.266467738080843,-4.966420121430275,23,2,0,1,0,DROWSY
2026-07-21T12:46:25.351020,0.22045228111547105,0.23969751143924486,-15.546829654713122,-5.787690468359683,-3.290110480973754,23,2,0,1,0,DROWSY
2026-07-21T12:46:25.439058,0.23159134451155974,0.22931682645752738,-13.443751414830814,-4.439485702196427,-3.579571177027674,23,2,0,1,0,DROWSY
2026-07-21T12:46:25.516222,0.23056345413391016,0.2348384430601755,-14.480653597524793,-4.470714335083319,-3.6103320681711333,23,2,0,1,0,DROWSY
2026-07-21T12:46:25.607212,0.21661215011034424,0.23517924744834132,-0.23422491062089534,-10.193210536842189,-4.709773393263902,23,2,0,1,0,DROWSY
2026-07-21T12:46:25.685275,0.2175991917505693,0.22499423690175743,-0.54025331475097,-10.965569190531067,-4.575209370866247,23,2,0,1,0,DROWSY
2026-07-21T12:46:25.767850,0.2205488277385956,0.22430159009579506,0.47497551661766124,-9.080488724351659,-4.737033602899032,23,2,0,1,0,DROWSY
2026-07-21T12:46:25.844846,0.22123957089263166,0.22430159009579506,-0.7327999901910118,-9.466162046334157,-4.851756322582958,23,2,0,1,0,DROWSY
2026-07-21T12:46:25.930923,0.20636914797300238,0.22466819187831216,-16.94498388197829,-3.0500913418350857,-3.6599495813385143,23,2,0,1,0,DROWSY
2026-07-21T12:46:26.016240,0.1935202248854262,0.2189807895841472,-15.2768337666881,-3.0720436377047062,-3.6140702520487995,23,2,0,1,0,DROWSY
2026-07-21T12:46:26.097995,0.2309174931571402,0.23381986741318836,-14.156852098867375,-3.7537827165057926,-3.4649117505563543,23,2,0,1,0,DROWSY
2026-07-21T12:46:26.185102,0.24612626281962913,0.2388816079107604,-14.148520451498655,-5.036299594617527,-3.0362771574609044,23,2,0,1,0,DROWSY
2026-07-21T12:46:26.270083,0.23657158630436714,0.24495651245984848,-12.979313802072596,-4.833449706603423,-3.274193914663367,23,2,0,1,0,DROWSY
2026-07-21T12:46:26.354858,0.2519469471031814,0.2560430142138108,-12.967743540389392,-5.3747106889071565,-3.173511297391125,23,2,0,0,0,SAFE
2026-07-21T12:46:26.439904,0.22542698009151424,0.23457606328369018,-12.585358476016353,-4.988563886645691,-3.1214010833609906,23,2,0,0,0,SAFE
2026-07-21T12:46:26.522498,0.22600535523780252,0.22320317504229872,-12.431131946687316,-4.707277611957083,-3.032567136751537,23,2,0,0,0,SAFE
2026-07-21T12:46:26.600872,0.23637390002018666,0.23338055212047631,-12.259803767634054,-5.666299910498717,-2.659063197167849,23,2,0,0,0,SAFE
2026-07-21T12:46:26.688997,0.2511825785261906,0.25050069682629766,-12.688685382812508,-5.213490837646727,-2.8343030553754898,23,2,0,0,0,SAFE
2026-07-21T12:46:26.773932,0.25108781534786573,0.24722163187623605,-13.790670470104033,-5.646570054608278,-2.4630623078345466,23,2,0,0,0,SAFE
2026-07-21T12:46:26.853513,0.2664862667586695,0.2934596723643497,-14.163110993072252,-5.837111098935646,-2.5393377100589642,23,2,0,0,0,SAFE
2026-07-21T12:46:26.937608,0.23651737990310845,0.3446583826062035,-14.153686770922377,-8.128285005086727,-1.7784976796827054,23,2,0,0,0,SAFE
2026-07-21T12:46:27.019798,0.2473929201812273,0.3642988695728056,-13.81811296897365,-9.78398695128949,-1.5917701694894448,23,2,0,0,0,SAFE
2026-07-21T12:46:27.102775,0.2418032708709433,0.4323570516265536,-14.68056693489845,-10.685301689258438,-1.5469423966578717,23,2,0,0,0,SAFE
2026-07-21T12:46:27.187882,0.242662402626259,0.418799382805785,-13.586915249170033,-10.949048703907403,-1.1522677812705497,23,2,0,0,0,SAFE
2026-07-21T12:46:27.267242,0.22582003044890644,0.5010558728469421,-15.558668810612659,-9.580549793342806,-1.331701225727153,23,2,0,0,0,SAFE
2026-07-21T12:46:27.348336,0.23649206589666133,0.4799860813878183,-15.6421793842934,-8.183749724080625,-1.8264449421221796,23,2,0,0,0,SAFE
2026-07-21T12:46:27.429426,0.22024662142059365,0.5108777974944466,-16.292132854807846,-8.68611916691046,-1.3586029415519534,23,2,0,0,0,SAFE
2026-07-21T12:46:27.511755,0.23203271322490865,0.5334759428745992,-15.921712707983602,-7.366759512937459,-1.9132760237260351,23,2,0,0,0,SAFE
2026-07-21T12:46:27.593836,0.20610761973457786,0.5449042924508296,-16.183656471467486,-11.645783167138616,-0.2458362427058734,23,2,0,0,0,SAFE
2026-07-21T12:46:27.675724,0.23480373959594084,0.5427679172707651,-15.70271790277198,-5.355422615935995,-1.9180734730205509,23,2,0,0,0,SAFE
2026-07-21T12:46:27.757787,0.2136807717771227,0.532068504480675,-16.60448366942194,-1.6932005296031503,-2.896565860113969,23,2,0,0,0,SAFE
2026-07-21T12:46:27.842889,0.22495866814438814,0.5538446081789361,-17.085058163609006,-1.3740068643266368,-3.1514519984456766,23,2,0,0,0,SAFE
2026-07-21T12:46:27.927774,0.24199889156098342,0.5901991702719007,-14.953914230594222,-13.917264759435003,0.08973088192173091,23,2,0,0,0,SAFE
2026-07-21T12:46:28.006472,0.22598666239125453,0.589370267483282,-14.75255710945666,-11.476688001982708,-0.567560047740069,23,2,0,0,0,SAFE
2026-07-21T12:46:28.092749,0.22654375286468126,0.6136609825228516,-16.72272263268033,-13.583050039627821,-0.2971715092018489,23,2,0,0,0,SAFE
2026-07-21T12:46:28.174249,0.24217226834313632,0.6600369216428654,0.5785649081490192,-33.65544340348876,-5.22873991994021,23,2,0,0,0,SAFE
2026-07-21T12:46:28.266784,0.20944733160728218,0.6711453649838368,0.7776918603896945,-32.99975426531271,-5.429056417859869,23,2,0,0,0,SAFE
2026-07-21T12:46:28.345869,0.23137377547828988,0.6456216618306448,0.7342327317522575,-32.28159070979434,-5.4120332582804735,23,2,0,0,0,SAFE
2026-07-21T12:46:28.432758,0.21428152000306444,0.6735954332770948,1.6068876316104195,-30.729597684854852,-6.136033012705411,23,2,0,0,0,SAFE
2026-07-21T12:46:28.526904,0.22069662733696618,0.6884481416528588,1.3305792622221588,-30.38101392237148,-5.41819230146541,23,2,0,1,0,DROWSY
2026-07-21T12:46:28.610490,0.2283601207900242,0.6815586062020895,0.6991714926054726,-31.807600268794108,-5.458231725452293,23,2,0,1,0,DROWSY
2026-07-21T12:46:28.692849,0.23686036209561556,0.6687789744573636,1.658878430775303,-33.089766111756035,-6.022929961186122,23,2,0,1,0,DROWSY
2026-07-21T12:46:28.773817,0.23118189242684978,0.6405660115659265,-14.405977795872701,-16.248111295884083,-0.015985844268231637,23,2,0,1,0,DROWSY
2026-07-21T12:46:28.856929,0.21613597202537482,0.6536029972560418,-13.681800550313596,-18.770850324556655,0.4845164714626523,23,2,0,1,0,DROWSY
2026-07-21T12:46:28.939520,0.2285023657382442,0.3998422672458686,-7.8535637420180535,-18.447458589325997,-1.4616836255002699,23,2,0,1,0,DROWSY
2026-07-21T12:46:29.019216,0.23058828422656563,0.39334944581328946,-8.070877787872917,-16.857440885774874,-2.071031940238945,23,2,0,1,0,DROWSY
2026-07-21T12:46:29.102665,0.251434855452896,0.2626750824678494,-8.194292129105492,-8.04621182582227,-2.810604440554598,23,2,0,0,0,SAFE
2026-07-21T12:46:29.194453,0.2560455011674039,0.2344024352601509,-7.912259521372846,-3.756991007507926,-4.247910081457977,23,2,0,0,0,SAFE
2026-07-21T12:46:29.291424,0.21292022777434377,0.22466819187831216,1.845547027045427,-8.10284834114548,-4.477687683076596,23,2,0,0,0,SAFE
2026-07-21T12:46:29.380736,0.22055119002751133,0.22466819187831216,1.5948133524322543,-5.883282862654946,-4.512146633838086,23,2,0,0,0,SAFE
2026-07-21T12:46:29.469013,0.2036704951769707,0.22895654203569393,1.9978962294416363,-6.258074853690821,-4.107176007310187,23,2,0,0,0,SAFE
2026-07-21T12:46:29.544416,0.22711954643561535,0.22931682645752738,-13.014418668045863,-2.3083191192425567,-2.7365726337310377,23,2,0,0,0,SAFE
2026-07-21T12:46:29.634064,0.2304212085627556,0.2289677752846739,-0.973188638875456,-9.996757867294583,-3.3124164789319366,23,2,0,0,0,SAFE
2026-07-21T12:46:29.719860,0.22385587869457496,0.22320317504229872,-15.044631406926868,-4.239539945565447,-1.7593222280175551,23,2,0,0,0,SAFE
2026-07-21T12:46:29.803701,0.23423656367629245,0.2234551827719301,-14.243069632488982,-4.874863332777266,-1.2948101893359036,23,2,0,0,0,SAFE
2026-07-21T12:46:29.886790,0.23423656367629245,0.22335370565104642,-14.611131064094053,-4.694409277716336,-1.4761698179171874,23,2,0,0,0,SAFE
2026-07-21T12:46:29.967169,0.23512551441059415,0.22830383594988932,-2.3953381689258038,-8.70584312922932,-2.097625351113379,23,2,0,0,0,SAFE
2026-07-21T12:46:30.057176,0.22051557833530183,0.22804542745061143,-1.7166231920052724,-10.880815034728126,-1.9685245281824564,23,2,0,0,0,SAFE
2026-07-21T12:46:30.139751,0.24237104798569287,0.22846554332652066,-2.2274153594058816,-9.002610629608238,-1.3759923556603155,23,2,0,0,0,SAFE
2026-07-21T12:46:30.220772,0.2302996011994634,0.23354007669668725,-10.638726591995805,-4.9595357404439815,-0.9644873157206635,23,2,0,0,0,SAFE
2026-07-21T12:46:30.303775,0.22474952112544916,0.22804797451645786,-4.026653619398388,-7.974633502315501,-2.713295865013066,23,2,0,0,0,SAFE
2026-07-21T12:46:30.390455,0.22190475446985514,0.23407237768193354,-5.587219848741796,-6.006133895196311,-2.701432832393351,23,2,0,0,0,SAFE
2026-07-21T12:46:30.474122,0.20507523083841633,0.22920441105061798,-7.403728163008964,-8.99579978204847,-2.832375534018581,23,2,0,0,0,SAFE
2026-07-21T12:46:30.553702,0.21383501056234916,0.23448660064237895,-9.362651751465336,-6.925540252533855,-3.3800103921983293,23,2,0,0,0,SAFE
2026-07-21T12:46:30.638275,0.2302632158668005,0.22895654203569393,-7.670346210099211,-7.405932000632362,-3.706601045785675,23,2,0,0,0,SAFE
2026-07-21T12:46:30.724801,0.2435862907706418,0.23049270620016069,-4.740567049429018,-7.223990770695691,-3.5903602774087062,23,2,0,0,0,SAFE
2026-07-21T12:46:30.808227,0.24070713036614821,0.23473022315031464,-16.495454857724212,-4.110585553433448,-2.8842414084473367,23,2,0,0,0,SAFE
2026-07-21T12:46:30.903342,0.2410821894502206,0.2128391342371291,-15.220992669026828,-6.2645760293634885,-2.545816545315278,23,2,0,1,0,DROWSY
2026-07-21T12:46:30.982439,0.22221203685631247,0.22920441105061798,-1.7724211376797427,-8.14664177283692,-4.025947665568594,23,2,0,1,0,DROWSY
2026-07-21T12:46:31.061227,0.24612626281962913,0.2293614745658647,-12.717080007800774,-2.757734633388463,-3.6588704802625154,23,2,0,1,0,DROWSY
2026-07-21T12:46:31.138517,0.14634440301384566,0.23368903271386757,-17.04088397522429,0.36450936083093205,-4.827102458502132,23,2,0,1,0,DROWSY
2026-07-21T12:46:31.228784,0.21912955336974077,0.21305693705431486,-14.142500115758764,1.5249825323615465,-5.396914689584054,23,2,0,1,0,DROWSY
2026-07-21T12:46:31.318266,0.20261588764378072,0.23784242611804182,-0.3165095362566035,-3.25867682400711,-4.989479932957778,23,2,0,1,0,DROWSY
2026-07-21T12:46:31.409839,0.21141219659443516,0.22787720501522898,-11.890356723376186,0.6827030803115811,-4.837973310790474,23,2,0,1,0,DROWSY
2026-07-21T12:46:31.491245,0.2424335620995679,0.2284317199004123,-0.27664802811008826,-1.0263793911265893,-4.814766801800118,23,2,0,1,0,DROWSY
2026-07-21T12:46:31.576783,0.24615552418194933,0.2284317199004123,-0.5511330892010733,-1.8120754828196692,-4.91691680507364,23,2,0,1,0,DROWSY
2026-07-21T12:46:31.659735,0.22610443053716212,0.23420677655004257,-0.8204610052867736,-3.1846570380272325,-5.167659956699481,23,2,0,1,0,DROWSY
2026-07-21T12:46:31.741327,0.23064284584588027,0.23926042194601754,-0.34682345450281105,2.664910726414522,-5.123995371296047,23,2,0,1,0,DROWSY
2026-07-21T12:46:31.826952,0.24580766683081443,0.23926042194601754,-13.269926004159544,-0.009012636089982037,-5.48820489455334,23,2,0,1,0,DROWSY
2026-07-21T12:46:31.907729,0.22529100916541914,0.22891788260212095,-2.0897473427598356,0.6340123481545799,-5.100378685105824,23,2,0,1,0,DROWSY
2026-07-21T12:46:31.998525,0.23801291030904337,0.2189807895841472,-3.2519535400204234,0.48351539010150524,-5.168888079483793,23,2,0,1,0,DROWSY
2026-07-21T12:46:32.084081,0.2399849899980157,0.23420677655004257,-3.2338626662333922,1.1293353797651156,-4.979012572930543,23,2,0,1,0,DROWSY
2026-07-21T12:46:32.167670,0.23052974210491783,0.2293614745658647,-2.621398782831079,-1.582828395843548,-4.943655024989198,23,2,0,1,0,DROWSY
2026-07-21T12:46:32.249662,0.2399849899980157,0.22360679774997896,-2.748377564280503,-4.96639063267337,-5.262395467649526,23,2,0,1,0,DROWSY
2026-07-21T12:46:32.331261,0.22463009134250686,0.2388816079107604,-14.754783930193383,-4.337107892935104,-4.301697131251652,23,2,0,1,0,DROWSY
2026-07-21T12:46:32.413457,0.22516021853288895,0.2176542173930202,-14.852745344363,-6.517006983999086,-3.9315969512106634,23,2,0,1,0,DROWSY
2026-07-21T12:46:32.500308,0.22923420135310058,0.2176542173930202,-14.742169387000018,-6.446687475435221,-3.888078665234346,23,2,0,1,0,DROWSY
2026-07-21T12:46:32.587410,0.24592438090843505,0.2663530316285504,-15.810074827806687,-6.292261063675129,-3.5286915657365636,23,2,0,1,0,DROWSY
2026-07-21T12:46:32.674701,0.24592438090843505,0.2837026504513837,-16.085822752895467,-8.236805721325442,-3.1848175784199793,23,2,0,1,0,DROWSY
2026-07-21T12:46:32.759298,0.22516301094500005,0.3964498650036399,-13.936855343683021,-9.492203327928223,-3.4267859055622143,23,2,0,1,0,DROWSY
2026-07-21T12:46:32.844388,0.22350054362995359,0.35038824916254135,-13.632859774724096,-10.752026287602888,-3.072947053591379,23,2,0,1,0,DROWSY
2026-07-21T12:46:32.928892,0.21691939779262798,0.47920641286039417,-14.295390384406033,-13.297416475973096,-2.551091600076101,23,2,0,1,0,DROWSY
2026-07-21T12:46:33.010978,0.23117991797756332,0.4689962144549398,-14.538730156921758,-14.57233878026354,-2.0396186531844203,23,2,0,1,0,DROWSY
2026-07-21T12:46:33.094778,0.21015619803950197,0.501091470482052,-13.815007576655688,-15.441693741498312,-1.7453867370023324,23,2,0,1,0,DROWSY
2026-07-21T12:46:33.181250,0.20631375378398448,0.5570898185032996,-14.522372172242228,-17.41670032544438,-0.9409127362278943,23,2,0,1,0,DROWSY
2026-07-21T12:46:33.269466,0.21015619803950197,0.6160043407862943,-13.831835845081429,-22.114737679350153,-0.32383997568916006,23,2,0,1,0,DROWSY
2026-07-21T12:46:33.356833,0.18875839181127457,0.6215741762626559,-14.45099369397164,-21.98196057182784,-0.39032515039323346,23,2,0,1,0,DROWSY
2026-07-21T12:46:33.448770,0.1986834912567367,0.6512178288966074,-14.847852579017939,-21.533229118471414,-0.6789629784362535,23,2,0,1,0,DROWSY
2026-07-21T12:46:33.527311,0.21061533252260461,0.6879480055767088,-16.217036880234417,-21.159181673040898,-0.740831827581557,23,2,0,1,0,DROWSY
2026-07-21T12:46:33.610568,0.19013465087490794,0.755106229035453,-1.6688871122988758,-31.63223666430675,-6.505794005510552,23,2,0,1,0,DROWSY
2026-07-21T12:46:33.693769,0.2061712313777818,0.685035502191169,-0.8567258711999841,-29.320563297648,-6.630420342525582,23,2,0,1,0,DROWSY
2026-07-21T12:46:33.779209,0.21203535503419285,0.745420495110529,-0.6869213868438919,-31.629735291393757,-6.900261668949781,23,2,0,1,0,DROWSY
2026-07-21T12:46:33.859295,0.2155123280595122,0.7599008404259083,-1.133460302864762,-32.89770538994536,-7.03301889709158,23,2,0,1,0,DROWSY
2026-07-21T12:46:33.942879,0.2106534600713924,0.7693905147185072,-0.8132331802225394,-32.07646548303077,-7.116674157149305,23,2,0,1,0,DROWSY
2026-07-21T12:46:34.026837,0.20670862109577498,0.738166019786908,-0.6961791056141919,-31.62933588744534,-7.481187484858907,23,2,0,1,0,DROWSY
2026-07-21T12:46:34.112836,0.20747126742206976,0.71790662540522,-0.07410499873404319,-31.917131889414385,-7.338772059332001,23,2,0,1,0,DROWSY
2026-07-21T12:46:34.191413,0.1704340309814028,0.6369326876913706,-1.180149966198826,-30.184438518238558,-7.050178650381326,23,2,0,1,0,DROWSY
2026-07-21T12:46:34.268862,0.15141053668124776,0.6826279026535103,-0.6462713746677764,-29.312469835900245,-7.5650652103888945,23,2,0,1,0,DROWSY
2026-07-21T12:46:34.362473,0.18319050282999472,0.6113925081660739,-1.8831077994649945,-28.966392928507148,-7.340564389188984,23,2,0,1,0,DROWSY
2026-07-21T12:46:34.446790,0.17211858425118098,0.680259608005535,-15.432590163221676,-18.68246717230545,-2.087583819677367,23,3,0,1,0,DROWSY
2026-07-21T12:46:34.533737,0.18470109098780252,0.6530181445799333,-13.804791837806022,-20.443194870939426,-1.4091738611099023,23,3,0,1,0,DROWSY
2026-07-21T12:46:34.617256,0.18081471596312032,0.6565179380182972,-0.06222323208444891,-29.376789077054955,-7.437796174631558,23,3,0,1,0,DROWSY
2026-07-21T12:46:34.700376,0.18496474836686494,0.669176434663315,0.6347242849595602,-30.2497597820613,-7.674128306112692,23,3,0,1,0,DROWSY
2026-07-21T12:46:34.784113,0.19468013231623998,0.685542109615998,-14.266027461078266,-19.179727905924878,-1.8301429465526105,23,3,0,1,0,DROWSY
2026-07-21T12:46:34.871071,0.20356806351298254,0.6656448650605526,-13.419635161144328,-19.48046776108981,-1.9515488920541286,24,3,0,1,0,DROWSY
2026-07-21T12:46:34.959195,0.19982820409684035,0.7063595249581762,0.8780290219589233,-29.4500265854625,-7.883626982989142,24,3,0,1,0,DROWSY
2026-07-21T12:46:35.041245,0.20900050257145114,0.4764369757636972,-9.384904670454944,-22.022672952856002,-1.9980049387368082,24,3,0,1,0,DROWSY
2026-07-21T12:46:35.121525,0.1998443183399981,0.2933061900515829,-10.173209243462878,-11.131671315216254,-4.831054131573686,24,3,0,1,0,DROWSY
2026-07-21T12:46:35.202845,0.20884711977342452,0.2495276018617846,-8.571831401815302,-8.546286396831107,-4.957810820473331,24,3,0,1,0,DROWSY
2026-07-21T12:46:35.281450,0.21690247307002178,0.2337345320930934,-8.110848376497955,-4.116269160841688,-5.740712571035794,24,3,0,1,0,DROWSY
2026-07-21T12:46:35.372823,0.21482399065045493,0.22864153531863465,-9.638650440470713,-7.0348985185248525,-5.598137014353763,24,3,0,1,0,DROWSY
2026-07-21T12:46:35.452748,0.22463009134250686,0.22260854813227415,-9.729364841125573,-6.0716475665224845,-5.782577362392956,24,3,0,1,0,DROWSY
2026-07-21T12:46:35.532749,0.15341348899718904,0.22385566460246265,-11.18325479437874,-3.410033707664026,-6.206526398110327,24,3,0,1,0,DROWSY
2026-07-21T12:46:35.611322,0.18568157138339308,0.21926450482675733,-12.679362442400759,-3.648565780745393,-6.155542285270974,24,3,0,1,0,DROWSY
2026-07-21T12:46:35.693460,0.19492662334784072,0.21926450482675733,-12.397756608439153,-5.19079926498426,-5.529374668509018,24,3,0,1,0,DROWSY
2026-07-21T12:46:35.771690,0.21827220056899252,0.22539696593037428,-8.389390873705537,-5.403945492511529,-4.997355619875646,25,3,0,1,0,DROWSY
2026-07-21T12:46:35.858867,0.20787022996323884,0.22425106645881143,-9.87179240515212,-3.373178986342806,-4.641902809776278,25,3,0,1,0,DROWSY
2026-07-21T12:46:35.937950,0.2365076109441262,0.23978606150948245,1.8036647970833428,-18.5774586818148,-4.145595357387634,25,3,0,1,0,DROWSY
2026-07-21T12:46:36.019237,0.23387659763453092,0.24043553245990218,0.056216880217931475,-21.18357581942538,-3.5198312583299582,25,3,0,1,0,DROWSY
2026-07-21T12:46:36.098074,0.2361129175338102,0.23079881831307533,-10.226563363932314,-9.351757175120154,-0.06336619592496975,25,3,0,1,0,DROWSY
2026-07-21T12:46:36.181754,0.2525759895394971,0.2322843250235381,-3.367126473462008,-24.460718467813923,-1.1332122074888673,25,3,0,0,0,SAFE
2026-07-21T12:46:36.264760,0.23868732044060545,0.2265797561992153,-11.739269685233722,-13.50026638917361,1.5718078369260866,25,3,0,0,0,SAFE
2026-07-21T12:46:36.341340,0.2437542238230201,0.23580708684517032,-13.08161226113694,-12.692583042943461,1.5687421447662757,25,3,0,0,0,SAFE
2026-07-21T12:46:36.432452,0.26156824645509913,0.24523937031897713,-12.087378579744552,-15.165908342819433,1.8253918601504442,25,3,0,0,0,SAFE
2026-07-21T12:46:36.522552,0.24417728640375105,0.29406112401668366,-12.866547571093292,-18.086823314457668,2.056257082419657,25,3,0,0,0,SAFE
2026-07-21T12:46:36.597037,0.2442701489118097,0.46222100350183265,-11.828995182274696,-17.97701414182653,1.7695096429701693,25,3,0,0,0,SAFE
2026-07-21T12:46:36.683129,0.22218278151501036,0.5189547563650203,-11.490647922465001,-17.959713403438077,0.8789829258172261,25,3,0,0,0,SAFE
2026-07-21T12:46:36.767750,0.2408490643783886,0.5382736344086562,-10.941160133355226,-17.84981481970304,0.5147651237304535,25,3,0,0,0,SAFE
2026-07-21T12:46:36.845711,0.2353105748431336,0.5912445203276611,-12.864024817443266,-15.71676680224217,-0.13403448168265739,25,3,0,0,0,SAFE
2026-07-21T12:46:36.927840,0.24001443823798002,0.6148445748376016,-12.070444916445211,-19.156577415334628,0.7918566020249947,25,3,0,0,0,SAFE
2026-07-21T12:46:37.012526,0.22421209339241288,0.6119644502318904,-12.369457644719603,-19.90801185088207,0.5778600336870083,25,3,0,0,0,SAFE
2026-07-21T12:46:37.096189,0.21641949496209806,0.6397590923557627,1.457695655369804,-33.80668311244532,-6.069953063146357,25,3,0,0,0,SAFE
2026-07-21T12:46:37.180923,0.2277583203341602,0.6523578113122458,-12.567606973342208,-19.713010683399197,0.37637636333553787,25,3,0,0,0,SAFE
2026-07-21T12:46:37.268918,0.19186220284746122,0.618960857282556,-13.505237695972141,-16.729356401382972,-0.45656856391507505,25,3,0,0,0,SAFE
2026-07-21T12:46:37.353030,0.22832437524504814,0.6459799141194186,1.3996989627789276,-32.996176844287525,-6.551141490531734,25,3,0,0,0,SAFE
2026-07-21T12:46:37.436411,0.22177629303891389,0.6592886986205923,0.9464055645628662,-31.47489123263424,-6.540974214868896,25,3,0,0,0,SAFE
2026-07-21T12:46:37.520340,0.22155119781035276,0.6384640779336971,0.8059933889200295,-31.866925241346667,-6.429198119599818,25,3,0,0,0,SAFE
2026-07-21T12:46:37.604365,0.22023217751929258,0.6505751135649132,1.1056524218406025,-31.93122623493494,-6.851440268727885,25,3,0,0,0,SAFE
2026-07-21T12:46:37.689326,0.23255788447949893,0.6765995824114384,1.0504625913518737,-32.69532617997936,-6.559549046360928,25,3,0,0,0,SAFE
2026-07-21T12:46:37.771753,0.22062080409428214,0.6582727036351962,0.7944541941327827,-32.45534286678037,-6.868855931506147,25,3,0,0,0,SAFE
2026-07-21T12:46:37.847287,0.23198742199963082,0.7077703949907912,1.0860587680653282,-32.75850857727992,-6.715658351209072,25,3,0,0,0,SAFE
2026-07-21T12:46:37.929278,0.23009296313228278,0.6853490718576839,1.745591116206839,-33.3287350585806,-6.783237562552159,25,3,0,0,0,SAFE
2026-07-21T12:46:38.010882,0.22471183734896838,0.6770950901209487,-13.64173147890989,-16.599647888343824,-1.0196749692271116,25,3,0,0,0,SAFE
2026-07-21T12:46:38.100512,0.20882239709034517,0.6013622120093461,-12.611091954970874,-18.143155865110103,-1.0384698774465588,25,4,0,1,0,DROWSY
2026-07-21T12:46:38.188879,0.21635018494742814,0.5998980786862846,-13.33155406468191,-18.146850334463295,-0.9696594667783426,25,4,0,1,0,DROWSY
2026-07-21T12:46:38.278020,0.22421209339241288,0.5785235426559437,-10.879853430098507,-17.328536010701395,-1.7103190725788522,25,4,0,1,0,DROWSY
2026-07-21T12:46:38.363056,0.224233267488207,0.5198365786620491,-11.205111208625311,-13.74266192900987,-2.491957353243016,25,4,0,1,0,DROWSY
2026-07-21T12:46:38.453095,0.2314876780430753,0.48197715557471094,-9.069699113418181,-17.091773864272287,-2.2365757549074723,25,4,0,1,0,DROWSY
2026-07-21T12:46:38.532500,0.2385552254173957,0.34396188502821073,-9.518900075807778,-13.873285865640359,-2.9493564366446843,25,4,0,1,0,DROWSY
2026-07-21T12:46:38.611089,0.23636900947685088,0.22867164896239137,-9.39152456088911,-7.60790543417472,-4.756272155373377,25,4,0,1,0,DROWSY
2026-07-21T12:46:38.690721,0.2235569778364397,0.22867164896239137,-9.630532891587336,-8.342024779535908,-4.88571853876471,25,4,0,1,0,DROWSY
2026-07-21T12:46:38.778315,0.24283759432289276,0.24051960555231683,-7.963820963811486,-7.757038685747942,-4.985605626273984,25,4,0,1,0,DROWSY
2026-07-21T12:46:38.862849,0.20316523134978243,0.22931682645752735,-11.104013680197824,-6.1176764578299645,-5.627495438627248,25,4,0,1,0,DROWSY
2026-07-21T12:46:38.942439,0.21739494496090112,0.2297132257619604,-8.967397899718918,-4.321352276541179,-6.029840812947046,25,4,0,1,0,DROWSY
2026-07-21T12:46:39.020560,0.1829541974266365,0.22566509855737515,-9.655015087201804,-4.816742172117419,-6.171092597170261,25,4,0,1,0,DROWSY
2026-07-21T12:46:39.100477,0.2669474492867108,0.23041154741911973,-3.8439399081142938,-5.856347043660172,-5.429991605546024,25,4,0,0,0,SAFE
2026-07-21T12:46:39.184364,0.2699021040610679,0.2259233967528128,-2.8572047773639895,-7.172281544667709,-6.211597900013137,25,4,0,0,0,SAFE
2026-07-21T12:46:39.268863,0.2627334651844796,0.23350418073396892,-1.8947637626527296,-5.558325343310181,-5.717756795844681,25,4,0,0,0,SAFE
2026-07-21T12:46:39.353520,0.24292385882108553,0.24073817165757194,-0.2649919018124365,-7.032832329460108,-6.559102768556767,25,4,0,0,0,SAFE
2026-07-21T12:46:39.437843,0.24469942792125343,0.24950963870597187,1.7317031019589422,-7.951334669085841,-6.667605115719819,25,4,0,0,0,SAFE
2026-07-21T12:46:39.523442,0.2534080684715543,0.23699026047845054,0.03741341538761844,-7.6467273069921395,-6.615413502310304,25,4,0,0,0,SAFE
2026-07-21T12:46:39.610996,0.24342007693872184,0.22861821657917233,-0.6401760023031784,-6.889251939575732,-6.667458078444198,25,4,0,0,0,SAFE
2026-07-21T12:46:39.698108,0.23180929573243894,0.22931682645752735,-0.7188983945618759,-7.0381608541809495,-6.5141124935966515,25,4,0,0,0,SAFE
2026-07-21T12:46:39.782531,0.24555224877320395,0.2259233967528128,-0.2672417737765045,-6.905851849081065,-6.885316375750585,25,4,0,0,0,SAFE
2026-07-21T12:46:39.865659,0.24802236858207827,0.22665414318011526,2.9036388061253717,-2.7667716450280726,-6.5119316207532725,25,4,0,0,0,SAFE
2026-07-21T12:46:39.946758,0.231118085396401,0.22707153808709443,3.9934173891300304,-3.0421942576471683,-6.553610798637671,25,4,0,0,0,SAFE
2026-07-21T12:46:40.022812,0.2605765593421693,0.2313099079250033,-3.5972055259080093,23.4888015338596,-5.507687960883791,25,4,0,0,0,SAFE
2026-07-21T12:46:40.103017,0.29484969624221136,0.24017747461910763,-4.277546374222567,30.784313747209058,-5.802057354960152,25,4,0,0,0,SAFE
2026-07-21T12:46:40.181227,0.3122789924019177,0.2399520143952017,-6.171844957657584,35.12758622882155,-6.543266158228293,25,4,0,0,0,SAFE
2026-07-21T12:46:40.262805,0.355786085949399,0.249783268273088,-5.603892801066166,34.59062682037385,-6.629941088859444,25,4,0,0,0,SAFE
2026-07-21T12:46:40.344390,0.35199017802500615,0.23017125901512847,-7.3863905247213495,35.51231505505783,-6.807290858757476,25,4,0,0,0,SAFE
2026-07-21T12:46:40.427838,0.35897255144816925,0.2395313573411102,-7.568560539762473,34.99001616199033,-7.702043718993756,25,4,0,0,0,SAFE
2026-07-21T12:46:40.507402,0.342207803960457,0.2395313573411102,-8.450596862399607,35.24562377768189,-8.177479891989098,25,4,0,0,0,SAFE
2026-07-21T12:46:40.600270,0.29726280926346116,0.23531740316076558,-4.604272373412215,30.857159044002646,-6.807766330706344,25,4,0,0,0,SAFE
2026-07-21T12:46:40.683464,0.3118849938411281,0.23003333554782615,-4.9447319643252285,30.482577093560106,-7.744121431797658,25,4,0,0,0,SAFE
2026-07-21T12:46:40.764789,0.3292211874179743,0.23103362263649038,9.921940787420795,32.4935022984372,1.9328040721738091,25,4,0,0,0,SAFE
2026-07-21T12:46:40.845629,0.31679824879882956,0.2358776278001915,9.76806807172403,27.07094917631809,0.8810893966605136,25,4,0,0,0,SAFE
2026-07-21T12:46:40.927140,0.2955731082961034,0.2319061215770917,13.138623918309634,23.276984150137643,-0.3277984180230362,25,4,0,0,0,SAFE
2026-07-21T12:46:41.004521,0.29796072069354224,0.23235322286670518,13.331947602421963,21.428820793051774,-1.5448977440129568,25,4,0,0,0,SAFE
2026-07-21T12:46:41.083715,0.297437802728475,0.23275715607586353,17.43213471354261,17.95832916355332,-1.3977624394708812,25,4,0,0,0,SAFE
2026-07-21T12:46:41.165328,0.3102109370559788,0.23275715607586353,4.72195307915365,10.188470485461917,-5.4139004121798475,25,4,0,0,0,SAFE
2026-07-21T12:46:41.244800,0.2698996116132427,0.23566043584361254,5.512359102373949,3.291122611777102,-3.427508217983542,25,4,0,0,0,SAFE
2026-07-21T12:46:41.325900,0.29939933444593236,0.23186350243340104,18.34134476918757,11.575295155241944,-1.2118948575197805,25,4,0,0,0,SAFE
2026-07-21T12:46:41.409475,0.2931859398535135,0.23058604163069665,4.986635212787377,2.398127012600276,-3.449966921174824,25,4,0,0,0,SAFE
2026-07-21T12:46:41.488061,0.2891728963565061,0.22133452190798272,4.038940809594266,0.3294218684974232,-3.3834000796825685,25,4,0,0,0,SAFE
2026-07-21T12:46:41.571672,0.29648722757929424,0.23586978156833077,19.563154701765086,-3.481731207539453,-3.9852775200177177,25,4,0,0,0,SAFE
2026-07-21T12:46:41.662767,0.2945255895459066,0.23549827744047674,5.018272789211949,-5.451061053727376,-2.3915618206016274,25,4,0,0,0,SAFE
2026-07-21T12:46:41.752832,0.27939020362555234,0.23524889921334693,5.797284512212315,-5.4967387681930795,-2.4711221372884493,25,4,0,0,0,SAFE
2026-07-21T12:46:41.829428,0.2459829751124456,0.22995401379540162,22.434395896162187,-14.562092329918054,-5.081570409630558,25,4,0,0,0,SAFE
2026-07-21T12:46:41.909989,0.2883363852905043,0.23472016337237642,21.437237899039616,-18.873100743019457,-5.940385738143306,25,4,0,0,0,SAFE
2026-07-21T12:46:41.997353,0.2902694870239154,0.23464501861897208,20.879612002335392,-16.92976357296247,-4.834892110196677,25,4,0,0,0,SAFE
2026-07-21T12:46:42.082866,0.31080252436799494,0.2230006067707016,7.711830688492455,-38.7009797300934,-8.208683531702803,25,4,0,0,0,SAFE
2026-07-21T12:46:42.165742,0.3381928044934251,0.24362545586753098,11.289632341174695,-36.17299313744132,-6.418086778794674,25,4,0,0,0,SAFE
2026-07-21T12:46:42.243320,0.3720297790539908,0.22506579808210345,-7.936867500504121,-35.990774713510625,3.5293435436518226,25,4,0,0,0,SAFE
2026-07-21T12:46:42.322677,0.3456346430452467,0.23175245157938754,-7.417816353970409,-34.199993235864355,3.12524963097579,25,4,0,0,0,SAFE
2026-07-21T12:46:42.412882,0.34247919503963625,0.22727272727272727,-4.766677570198226,-32.85294663433392,3.3689031112887484,25,4,0,0,0,SAFE
2026-07-21T12:46:42.496288,0.28940202624883216,0.22643936834263328,-4.941977324476568,-33.90490045336781,4.467481167135075,25,4,0,0,0,SAFE
2026-07-21T12:46:42.574247,0.21859749609390153,0.2245346307717373,11.549703768384944,-31.84056023966646,-7.204406073381904,25,4,0,0,0,SAFE
2026-07-21T12:46:42.666205,0.31575185499042946,0.22830383594988932,2.1281172903677543,-20.31431781917213,-0.9751934078170136,25,4,0,0,0,SAFE
2026-07-21T12:46:42.749816,0.30107430459545875,0.22320317504229872,0.33215621431156706,-16.39941187715989,-1.4314068316179718,25,4,0,0,0,SAFE
2026-07-21T12:46:42.838267,0.2994924287067789,0.22803508501982758,0.8192080042732925,-17.8397163599343,-1.70913502254019,25,4,0,0,0,SAFE
2026-07-21T12:46:42.921855,0.3096316264559997,0.23969751143924486,-0.09570595391897996,-15.313577150246177,-2.2557664700398865,25,4,0,0,0,SAFE
2026-07-21T12:46:43.006946,0.3204752118400143,0.2296635634057943,1.6008257931295304,-13.907812906204892,-2.3976951241696196,25,4,0,0,0,SAFE
2026-07-21T12:46:43.091792,0.32107882872864213,0.2189807895841472,-0.2914504210339999,-14.986761601145881,-2.37435963460643,25,4,0,0,0,SAFE
2026-07-21T12:46:43.182532,0.33779312077815193,0.23457606328369018,0.17121799306514163,-13.525264712293383,-2.4939124002246182,25,4,0,0,0,SAFE
2026-07-21T12:46:43.260632,0.10848923452038746,0.22360679774997896,0.09650128290707016,-11.459002264357537,-3.0798031048309555,25,4,0,0,0,SAFE
2026-07-21T12:46:43.340776,0.10627671601626013,0.2176542173930202,-0.1409119269373207,-10.530316212148584,-3.628241798975997,25,4,0,0,0,SAFE
2026-07-21T12:46:43.425391,0.20027037211914686,0.22880765104443207,-0.3923886171629647,-9.597337499642503,-3.326202877373647,25,4,0,0,0,SAFE
2026-07-21T12:46:43.508464,0.27922789350001953,0.23368903271386757,-0.44476238304349636,-10.270478421782094,-2.792614398600562,25,4,0,0,0,SAFE
2026-07-21T12:46:43.586893,0.30037023529853046,0.2280021833654082,0.025862281156491917,-11.44136467984903,-2.7549873449764397,25,4,0,0,0,SAFE
2026-07-21T12:46:43.670760,0.3112452578037939,0.23926042194601754,0.08078509203383533,-10.612022907688933,-2.9689754274998883,25,4,0,0,0,SAFE
2026-07-21T12:46:43.757749,0.3107292194521253,0.22931682645752738,0.3740473945486542,-12.007633677640754,-2.5298468545255517,25,4,0,0,0,SAFE
2026-07-21T12:46:43.838321,0.32121838407450864,0.2286108725202779,-0.5695149296057309,-12.848030686959978,-2.365353017336228,25,4,0,0,0,SAFE
2026-07-21T12:46:43.917156,0.3120090247893047,0.23965417393536487,-0.012761314161593873,-13.338969457336235,-2.664941644530803,25,4,0,0,0,SAFE
2026-07-21T12:46:43.999240,0.31486607411556977,0.2339224291552822,-0.5824198648632262,-14.060159934201216,-2.463012732565908,25,4,0,0,0,SAFE
2026-07-21T12:46:44.079323,0.2981305035241947,0.24514709246067745,-2.225322393546463,-7.3500243125793965,-2.860504678765592,25,4,0,0,0,SAFE
2026-07-21T12:46:44.160417,0.31788734446916583,0.2284317199004123,-2.514869347693235,-15.333865921080948,-2.345198867549274,25,4,0,0,0,SAFE
2026-07-21T12:46:44.240762,0.3152817718102357,0.2180124119510306,-1.8845258648381389,-14.022573922142067,-2.264985335511453,25,4,0,0,0,SAFE
2026-07-21T12:46:44.326751,0.15095556777584657,0.22880765104443207,-2.094542583749245,-12.321364562085806,-2.624632766976069,25,4,0,0,0,SAFE
2026-07-21T12:46:44.408903,0.09028427199090235,0.2284317199004123,-2.638328159655458,-10.319120151993461,-2.756456376598646,25,4,0,0,0,SAFE
2026-07-21T12:46:44.486835,0.0924018598282347,0.2284317199004123,-2.2880146271429567,-9.877256192373993,-2.879094017557136,25,4,0,0,0,SAFE
2026-07-21T12:46:44.569109,0.09047151582735025,0.22360679774997896,-0.8739748753958452,-9.96500893526547,-2.7595723023512373,25,4,0,0,0,SAFE
2026-07-21T12:46:44.649570,0.09158711412897641,0.2284317199004123,-0.9733346476284055,-9.782246630029908,-2.7478437697177185,25,4,0,0,0,SAFE
2026-07-21T12:46:44.739933,0.11577083880044908,0.22395937091280052,-1.589380615255095,-10.28989897559647,-2.9488135023419537,25,4,0,0,0,SAFE
2026-07-21T12:46:44.821518,0.24043623972611838,0.22395937091280052,-0.9660246501068173,-9.087827281887794,-2.680322289862514,26,4,0,0,0,SAFE
2026-07-21T12:46:44.905324,0.2733350152653973,0.2388816079107604,-2.2819312324145073,-11.540287350846018,-2.5288711001622177,26,4,0,0,0,SAFE
2026-07-21T12:46:44.990407,0.31371113093937947,0.24453608905637428,-2.182974504008911,-11.193434928863578,-2.416756178832666,26,4,0,0,0,SAFE
2026-07-21T12:46:45.075312,0.32146780732787494,0.22283592740131986,-1.824989140153832,-11.210535973456006,-2.354052678501133,26,4,0,0,0,SAFE
2026-07-21T12:46:45.163838,0.32997878585588564,0.24495651245984848,-1.7908332337736113,-9.905812085580328,-2.5611167896505664,26,4,0,0,0,SAFE
2026-07-21T12:46:45.243508,0.3091378278970991,0.2276604232023716,-1.6872892617180355,-8.815941701135772,-2.7172598889683934,26,4,0,0,0,SAFE
2026-07-21T12:46:45.329715,0.24844055838674567,0.2180124119510306,-2.9721432956837646,-12.002264535767338,-2.343868687316337,26,4,0,0,0,SAFE
2026-07-21T12:46:45.411307,0.1247118536416359,0.2334686152709,-2.1175346908180757,-10.830735735516214,-2.9891899851315427,26,4,0,0,0,SAFE
2026-07-21T12:46:45.492825,0.14334718107204913,0.22283592740131986,-1.6450508462625066,-9.78457934234166,-3.148913508569588,26,4,0,0,0,SAFE
2026-07-21T12:46:45.577586,0.1287681480378771,0.22803508501982758,-1.9280887521017291,-8.389677929728293,-3.1296938015161198,26,4,0,0,0,SAFE
2026-07-21T12:46:45.660743,0.11384741194625586,0.22880765104443207,-2.7719424088806193,-9.050825619221657,-3.0619402745606483,26,4,0,0,0,SAFE
2026-07-21T12:46:45.755348,0.15879139926280267,0.22283592740131986,-2.478410546786847,-10.98437711530953,-2.907029435294054,26,4,0,0,0,SAFE
2026-07-21T12:46:45.835809,0.1567040904630474,0.23387001070588614,-1.7674532576926083,-10.211842728043957,-3.016628372266611,26,4,0,0,0,SAFE
2026-07-21T12:46:45.921233,0.25227494409860984,0.2284317199004123,-0.7878357942240655,-10.53871982933609,-2.94084501941995,27,4,0,0,0,SAFE
2026-07-21T12:46:46.006689,0.28540863399437266,0.23965417393536487,-1.980783593719508,-12.105030804949752,-2.5974189343204346,27,4,0,0,0,SAFE
2026-07-21T12:46:46.084261,0.3085070427336273,0.22360679774997896,-1.2313541224418998,-11.21753226585706,-2.6254984308639178,27,4,0,0,0,SAFE
2026-07-21T12:46:46.163397,0.3104412913340187,0.2284317199004123,-1.5975060008819923,-11.543439383747051,-2.553577869858797,27,4,0,0,0,SAFE
2026-07-21T12:46:46.247263,0.3104412913340187,0.23420677655004257,-1.1301170084983596,-11.677731100116496,-2.464121767759039,27,4,0,0,0,SAFE
2026-07-21T12:46:46.333253,0.3085070427336273,0.23420677655004257,-0.8810815332343509,-11.679080950880092,-2.461719105189242,27,4,0,0,0,SAFE
2026-07-21T12:46:46.414246,0.1502315046533837,0.2180124119510306,-1.882978534360177,-11.598814864771741,-2.840252255404978,27,4,0,0,0,SAFE
2026-07-21T12:46:46.498489,0.18124539574289655,0.22848291943862545,-2.93134283024483,-11.158418536278129,-2.663304586418229,27,4,0,0,0,SAFE
2026-07-21T12:46:46.584583,0.11663520076602193,0.22360679774997896,-1.1499615082818195,-9.631584173817112,-3.1358159881777037,27,4,0,0,0,SAFE
2026-07-21T12:46:46.664663,0.11060877401585517,0.2284317199004123,-1.6706315016305098,-8.725743348671744,-3.373014656885085,27,4,0,0,0,SAFE
2026-07-21T12:46:46.752786,0.0917781647430696,0.2345304000897878,-0.9814050189342254,-8.380638189318395,-3.275648438413694,27,4,0,0,0,SAFE
2026-07-21T12:46:46.839388,0.09658805003093035,0.2284317199004123,-0.8780192858830276,-7.10643646386126,-3.223039043911329,27,4,0,0,0,SAFE
2026-07-21T12:46:46.922462,0.11519917621209674,0.22283592740131986,-1.4912597237656087,-9.495464641397264,-3.1370672954948176,27,4,0,0,0,SAFE
2026-07-21T12:46:47.005283,0.21466676770048398,0.2381052414966917,-1.7017977372982216,-11.246606604249047,-2.736884084027328,28,4,0,0,0,SAFE
2026-07-21T12:46:47.084726,0.2502191200578118,0.24399871206663734,-1.1824685664723802,-12.40750625580119,-2.6392750734565564,28,4,0,0,0,SAFE
2026-07-21T12:46:47.170955,0.244507749649036,0.23352094375353957,-1.832378869366238,-12.39217595493554,-2.540513957245324,28,4,0,0,0,SAFE
2026-07-21T12:46:47.248536,0.3005668850148516,0.2334686152709,-1.635569536350289,-11.97226254585206,-2.5826917893739894,28,4,0,0,0,SAFE
2026-07-21T12:46:47.333601,0.2941298879599429,0.2334686152709,-2.0825912167009903,-12.957013381737449,-2.254836703322744,28,4,0,0,0,SAFE
2026-07-21T12:46:47.419569,0.29461048097792036,0.23420677655004257,-1.9944861736713904,-10.750569328924199,-2.2830656866121606,28,4,0,0,0,SAFE
2026-07-21T12:46:47.505896,0.29461048097792036,0.23926042194601754,-1.6853939122829331,-11.063579770299961,-2.2140003209871923,28,4,0,0,0,SAFE
2026-07-21T12:46:47.587306,0.2890426095894685,0.23965417393536487,-1.9503878806907835,-13.035055067549534,-2.2935554772013234,28,4,0,0,0,SAFE
2026-07-21T12:46:47.673901,0.28001856623205934,0.23965417393536487,-1.9054681576355392,-13.716044888607835,-2.2416954581516406,28,4,0,0,0,SAFE
2026-07-21T12:46:47.767251,0.2963055662655997,0.23926042194601754,-1.9000544961371872,-12.357949244935735,-2.3954201963320427,28,4,0,0,0,SAFE
2026-07-21T12:46:47.845923,0.30331921140888785,0.22400956804117764,-3.0593429658372315,-13.855199206867571,-2.0677768382115174,28,4,0,0,0,SAFE
2026-07-21T12:46:47.934085,0.3147554150505675,0.22803508501982758,-2.9542046245069855,-12.360373504361409,-2.224816583301732,28,4,0,0,0,SAFE
2026-07-21T12:46:48.017084,0.2953295073501722,0.2348384430601755,10.201191134690475,-15.644190838894792,-6.033720827732708,28,4,0,0,0,SAFE
2026-07-21T12:46:48.101735,0.30548334319858655,0.23875700962966043,13.377475048071148,8.889910396447815,-2.206116483141983,28,4,0,0,0,SAFE
2026-07-21T12:46:48.186356,0.25976838187491647,0.23916314201896605,5.884308879827358,25.803267008933165,0.28230516834307195,28,4,0,0,0,SAFE
2026-07-21T12:46:48.271276,0.26917763073536277,0.2386738405513498,-7.988546450878999,25.796547273478467,-6.42670295312641,28,4,0,0,0,SAFE
2026-07-21T12:46:48.354924,0.2999979942895715,0.22749789381042104,-0.034268508712841594,42.49472756066327,1.8123477374892047,28,4,0,0,0,SAFE
2026-07-21T12:46:48.437071,0.3028062038403695,0.23338055212047631,0.3910404939945522,42.195967020270395,1.9737289895199126,28,4,0,0,0,SAFE
2026-07-21T12:46:48.526679,0.32377524633388466,0.22335370565104642,0.6194272039184909,43.664503306597,2.6914198966205163,28,4,0,0,0,SAFE
2026-07-21T12:46:48.603317,0.3073673188214464,0.23885859648706811,-0.554189688748977,44.84001681337376,2.7469398407292545,28,4,0,0,0,SAFE
2026-07-21T12:46:48.683342,0.3036892322934125,0.22831674063744603,-0.9422396740845898,43.23708261631065,1.8909629529255199,28,4,0,0,0,SAFE
2026-07-21T12:46:48.779502,0.32273838455653014,0.22721405353294152,0.2469107700816835,42.77286394524731,2.324888294290332,28,4,0,0,0,SAFE
2026-07-21T12:46:48.860790,0.3130735563103455,0.23355327735846854,0.20934495521652252,41.485359477309615,1.9040027968697188,28,4,0,0,0,SAFE
2026-07-21T12:46:48.944841,0.31551845460636274,0.22755664084659985,-11.140380683028326,29.614964547463458,-6.381629364941235,28,4,0,0,0,SAFE
2026-07-21T12:46:49.031435,0.3269593330303227,0.2161521099624006,-10.551313221960982,29.554910530934116,-6.246655206530242,28,4,0,0,0,SAFE
2026-07-21T12:46:49.113025,0.3137675108589912,0.23255813953488372,-10.001021561753277,29.95200086857089,-6.051846611359246,28,4,0,0,0,SAFE
2026-07-21T12:46:49.200277,0.3136626291498611,0.2159090909090909,2.959811868579351,41.06667682323487,3.0667451226634626,28,4,0,0,0,SAFE
2026-07-21T12:46:49.281849,0.32246217582011644,0.23355327735846854,2.575768441871702,41.21397977102176,3.0847975763825275,28,4,0,0,0,SAFE
2026-07-21T12:46:49.363296,0.28147029356308606,0.21135112753791932,2.9427862506112206,37.02715151981136,1.5075500199901057,28,4,0,0,0,SAFE
2026-07-21T12:46:49.448405,0.27639015456566174,0.22721405353294152,2.310105672648035,37.68814036519991,1.7116779637415505,28,4,0,0,0,SAFE
2026-07-21T12:46:49.535118,0.25984955662571196,0.2222803987152962,-1.4338720117366108,15.443360546916338,-3.991125648340586,28,4,0,0,0,SAFE
2026-07-21T12:46:49.618780,0.23306088162463434,0.2185713942588105,13.415223183365754,1.9108986056207842,-3.270399814536887,28,4,0,0,0,SAFE
2026-07-21T12:46:49.703264,0.26943985410733007,0.22430159009579506,10.836241564227805,-12.099240382163066,-4.1517148272263285,28,4,0,0,0,SAFE
2026-07-21T12:46:49.796239,0.2971304615023941,0.22830383594988932,10.228970244964785,-11.6639886971667,-3.438126556911925,28,4,0,0,0,SAFE
2026-07-21T12:46:49.882838,0.3190714273752784,0.2234551827719301,13.030480855438014,-13.336251876709527,-3.9010824005825953,28,4,0,0,0,SAFE
2026-07-21T12:46:49.964492,0.3167484053807861,0.2224449087158951,14.111472241809906,-8.601872782288766,-1.9187807489361433,28,4,0,0,0,SAFE
2026-07-21T12:46:50.049122,0.29914039753207533,0.23310322150878202,4.318129807170948,-2.2948172615107216,-0.5948874378835833,28,4,0,0,0,SAFE
2026-07-21T12:46:50.134735,0.26090080689565165,0.22826086956521738,16.367749806490878,0.9665306235530234,-0.27155155244028606,28,4,0,0,0,SAFE
2026-07-21T12:46:50.215782,0.22060914888466404,0.24393309000773994,14.225466383129685,3.73237152830446,1.4630642975672288,28,4,0,0,0,SAFE
2026-07-21T12:46:50.304584,0.22133694754879013,0.22643936834263328,10.367126636322524,6.372291541881888,1.48438388432902,28,4,0,0,0,SAFE
2026-07-21T12:46:50.386674,0.2580933408921485,0.22492972044182763,6.79152933560286,3.3832460283063073,-0.2493765681837942,28,4,0,0,0,SAFE
2026-07-21T12:46:50.468379,0.28704717754521825,0.2316384283197311,5.819786917310012,-3.6920700315239747,-0.8591327465486296,28,4,0,0,0,SAFE
2026-07-21T12:46:50.548873,0.29017449394141626,0.2316384283197311,3.3008964757838726,-3.9338147272754393,-0.7462172712053865,28,4,0,0,0,SAFE
2026-07-21T12:46:50.630827,0.29131483189230667,0.23812284369161815,16.808048324631926,-5.970222996013944,-2.0225327819651113,28,4,0,0,0,SAFE
2026-07-21T12:46:50.718197,0.27219374066701585,0.21978532386175798,15.67517318687598,-2.8253359500304556,-1.6576194143240457,28,4,0,0,0,SAFE
2026-07-21T12:46:50.800780,0.2775018364548766,0.23249527748763854,16.27594754749512,3.681298900360426,-0.18091559365987564,28,4,0,0,0,SAFE
2026-07-21T12:46:50.880599,0.27792220082636554,0.23284865575000915,17.420439420466153,1.6032089806887995,-0.9921792683249748,28,4,0,0,0,SAFE
2026-07-21T12:46:50.963741,0.2841674675776604,0.22069954345725085,15.21060920079239,3.2736816927538746,-1.7425192333997757,28,4,0,0,0,SAFE
2026-07-21T12:46:51.048178,0.2779924643661652,0.2262471719280262,13.007377035391698,16.321028607164127,-0.22181576010524395,28,4,0,0,0,SAFE
2026-07-21T12:46:51.133872,0.2795520124506532,0.23259719924496106,13.593076544305546,12.555988875839649,-1.0939649092681236,28,4,0,0,0,SAFE
2026-07-21T12:46:51.218649,0.274692515175327,0.23228402123939385,15.23962285380702,13.218994369153567,-1.527260401657287,28,4,0,0,0,SAFE
2026-07-21T12:46:51.301476,0.2518082957923804,0.2332118679291168,15.08699451862978,13.325284120057255,-2.1816970684231194,28,4,0,0,0,SAFE
2026-07-21T12:46:51.382838,0.2883803100841708,0.22746824674817476,10.361787222049458,18.27749861122481,-2.8603900281934784,28,4,0,0,0,SAFE
2026-07-21T12:46:51.468779,0.2735373859148029,0.22440610967415045,9.591119380628356,15.413900750494061,-3.6100043507157693,28,4,0,0,0,SAFE
2026-07-21T12:46:51.553381,0.274464216371872,0.22922813847243653,8.406012221436669,17.438493320818456,-3.294649594174018,28,4,0,0,0,SAFE
2026-07-21T12:46:51.636972,0.29488127903359274,0.23300777294803987,7.426902912026122,21.683281107871146,-2.408020580199178,28,4,0,0,0,SAFE
2026-07-21T12:46:51.728791,0.28988705094184886,0.2284317199004123,6.955189017786751,18.30471819377875,-2.7151337688893875,28,4,0,0,0,SAFE
2026-07-21T12:46:51.820891,0.2811791773498571,0.2227371520720083,6.460302459877681,18.444005454297457,-3.255218367721369,28,4,0,0,0,SAFE
2026-07-21T12:46:51.906266,0.26488035463210446,0.21853616859165065,4.737935319985866,18.18505719295734,-3.67747833952086,28,4,0,0,0,SAFE
2026-07-21T12:46:51.989845,0.29014800754470405,0.22333394005499432,-5.36834781538397,10.952911179852963,-6.143880229264934,28,4,0,0,0,SAFE
2026-07-21T12:46:52.074301,0.2771580692464145,0.22834571247543786,-5.365386637951445,10.867384038285506,-6.052124876283922,28,4,0,0,0,SAFE
2026-07-21T13:04:33.737061,0.2177574963171035,0.23076923076923078,12.892079294243558,-4.746576923446308,-0.23457492229005084,0,0,0,0,0,SAFE
2026-07-21T13:04:33.846287,0.2165448724343502,0.2223130156402835,-11.044392691902118,-0.7455267135762724,2.5698922360799523,0,0,0,0,0,SAFE
2026-07-21T13:04:33.967914,0.2026327381526325,0.22188007849009164,-13.25961881208218,-2.165832024840474,3.3764434780725607,0,0,0,0,0,SAFE
2026-07-21T13:04:34.085403,0.2147715640304158,0.24290687686994056,-14.787689984463555,-0.8248945698606728,3.368685979709883,0,0,0,0,0,SAFE
2026-07-21T13:04:34.187228,0.22646141807724374,0.22867405000701818,-13.487448233325978,-3.9913270121674875,3.6777878585802513,0,0,0,0,0,SAFE
2026-07-21T13:04:34.478906,0.21200063500365446,0.2300428395521084,-13.534264523035944,-4.716013657789418,3.405045158762087,0,0,0,0,0,SAFE
2026-07-21T13:04:34.582902,0.21685558988370074,0.22847819119101592,-12.039184564035281,-8.091725857717206,3.4597256437670563,0,0,0,0,0,SAFE
2026-07-21T13:04:34.680914,0.22254159994173817,0.23568185378811254,-12.913212288805028,-3.670900013529595,2.079200612773248,0,0,0,0,0,SAFE
2026-07-21T13:04:34.783017,0.21501523583157436,0.23645350910231985,-12.723106189612764,4.849775670905827,-1.169089444010104,0,0,0,0,0,SAFE
2026-07-21T13:04:34.880441,0.21234404235973056,0.2781041099628498,-10.653349532619018,2.3059347058624753,-1.3591986264093774,0,0,0,0,0,SAFE
2026-07-21T13:04:34.974050,0.25902876640164596,0.372141080301727,-10.858954493507412,2.219492189334423,-1.3512642720272405,0,0,0,0,0,SAFE
2026-07-21T13:04:35.074933,0.2005907337117525,0.40676020098009863,-12.529356356059253,7.180707744673259,-2.583719011567856,0,0,0,0,0,SAFE
2026-07-21T13:04:35.171450,0.24143409486011136,0.4121981430106351,-12.99721176432115,4.132054265348415,-1.7320104403810244,0,0,0,0,0,SAFE
2026-07-21T13:04:35.274523,0.2622614492564615,0.41022562056310913,-13.31723455570696,-1.7387113766847337,-0.2966396324003383,0,0,0,0,0,SAFE
2026-07-21T13:04:35.369983,0.2024630493421054,0.4585900470251461,-15.607388519933778,-1.9577131698529098,0.07190782018867227,0,0,0,0,0,SAFE
2026-07-21T13:04:35.467457,0.18090568801058107,0.4274847827351633,-13.6874484395681,7.280532104126307,-1.6514131742963838,0,0,0,0,0,SAFE
2026-07-21T13:04:35.568637,0.18325113604373297,0.44315196395158424,-14.38565003806417,-3.3597911266004052,1.1176590950731358,0,0,0,0,0,SAFE
2026-07-21T13:04:35.664951,0.17534427463493119,0.4873396225636064,-16.973104636480343,1.6367967999111812,0.3921809929958274,0,0,0,0,0,SAFE
2026-07-21T13:04:35.760852,0.14827741441134873,0.5396520719058112,-16.721525887140587,0.726948664893993,1.0182128901334586,0,0,0,0,0,SAFE
2026-07-21T13:04:35.862884,0.17477258261705558,0.5246914997454568,-19.777198914118514,-1.8596245156217688,2.3545307327927696,0,0,0,0,0,SAFE
2026-07-21T13:04:35.961867,0.18783307424614476,0.5408341738708469,-11.974085543991833,17.05720773574151,-2.108441906715983,0,0,0,0,0,SAFE
2026-07-21T13:04:36.057659,0.17159418319999542,0.5569155910281013,-12.811541475427788,13.308873656004707,-1.2449515749223696,0,0,0,0,0,SAFE
2026-07-21T13:04:36.156938,0.1475651494154494,0.5264324270822162,-11.342686553147985,14.4654724109945,-3.432678501279692,0,0,0,0,0,SAFE
2026-07-21T13:04:36.263017,0.21944009000294953,0.6061695224670692,-16.838084258304775,-5.562601144379869,-0.14102650097821756,1,0,0,0,0,SAFE
2026-07-21T13:04:36.365742,0.1863747083124075,0.6449490110334427,-17.985438786756475,-0.5853234950459335,-1.2309429252818893,1,0,0,0,0,SAFE
2026-07-21T13:04:36.464696,0.12491795206218292,0.5847973650266538,-14.960061927512214,12.990411883997208,-4.572636788925462,1,0,0,0,0,SAFE
2026-07-21T13:04:36.565907,0.18989992833061453,0.49058681791097336,0.6949323859776086,21.069409826805607,-2.1034480890610325,1,0,0,0,0,SAFE
2026-07-21T13:04:36.662029,0.1796414613532123,0.5221704785505958,-11.81698638015962,1.117246086939706,-2.481834293553726,1,0,0,0,0,SAFE
2026-07-21T13:04:36.758216,0.1821311987120443,0.36763658910274855,-5.288017029736949,-15.106648631791439,0.07338226107695765,1,0,0,0,0,SAFE
2026-07-21T13:04:36.851878,0.22375972965187618,0.2777801392946776,-2.594195093477083,-10.695542984729643,-1.1517301246230716,2,0,0,0,0,SAFE
2026-07-21T13:04:36.944364,0.204793115660022,0.2596323512274077,-3.5676434354818127,-9.375741428241108,-1.224158923035277,2,0,0,0,0,SAFE
2026-07-21T13:04:37.037502,0.20167182456315766,0.21779590046295086,-4.223086532252978,-8.183942296742124,-2.0866860778464105,2,0,0,0,0,SAFE
2026-07-21T13:04:37.135533,0.24236448100828495,0.22842778087237706,10.11386202501535,-12.036951645289614,-4.889837272613391,2,0,0,0,0,SAFE
2026-07-21T13:04:37.241869,0.22395802458889802,0.22838169225061686,6.939291011360183,9.975629564528514,-2.841278011262091,2,0,0,1,0,DROWSY
2026-07-21T13:04:37.341003,0.21048354910331402,0.21679044799723446,10.662046312655633,9.473889542124573,-4.223770283894055,2,0,0,1,0,DROWSY
2026-07-21T13:04:37.435345,0.23897796212092548,0.21769877406436905,7.813424383938326,19.18298392559031,-2.5115683873229955,2,0,0,1,0,DROWSY
2026-07-21T13:04:37.529836,0.22827566214258338,0.22485950669875843,6.518691069620928,18.91065402565334,-3.1383571615126584,2,0,0,1,0,DROWSY
2026-07-21T13:04:37.629912,0.21969784791604544,0.22226826814431402,9.474638664487458,22.205218457948813,-2.852356615465311,2,0,0,1,0,DROWSY
2026-07-21T13:04:37.731276,0.21153211279385695,0.22931682645752735,9.386007005465103,22.199828010009707,-2.497008666146371,2,0,0,1,0,DROWSY
2026-07-21T13:04:37.827509,0.2601402588393601,0.2266589100278015,8.760030419050082,24.295628868292773,-1.6625139698014095,2,0,0,0,0,SAFE
2026-07-21T13:04:37.916499,0.26935996095613574,0.23355310118812198,9.823270138149923,24.739796164191887,-1.0558372464647334,2,0,0,0,0,SAFE
2026-07-21T13:04:38.011895,0.2625258836293845,0.22861821657917233,9.805718986365832,24.260904489589276,-1.344791924730231,2,0,0,0,0,SAFE
2026-07-21T13:04:38.281699,0.24882091650634647,0.2293993744927914,-2.585893816107216,10.946898702395766,-5.699610860603502,2,0,0,0,0,SAFE
2026-07-21T13:04:38.382932,0.23585520581508568,0.2239693946971136,0.8490301179025437,13.8875600034913,-5.831410233626353,2,0,0,0,0,SAFE
2026-07-21T13:04:38.483951,0.2816362639571448,0.22483710578534638,14.779353841615148,15.182903762948674,-0.7534296778421492,2,0,0,0,0,SAFE
2026-07-21T13:04:38.591583,0.26922049229271894,0.23390718920248815,-0.9213657117655316,12.316707817827954,-4.900377627722941,2,0,0,0,0,SAFE
2026-07-21T13:04:38.696516,0.28912840013976737,0.221649918400792,14.173296721510468,18.20036113731298,0.7545991117287087,2,0,0,0,0,SAFE
2026-07-21T13:04:38.802931,0.29681796872045907,0.23284324411792787,0.3083322711708547,13.601352597568741,-4.559337418540804,2,0,0,0,0,SAFE
2026-07-21T13:04:38.901372,0.32240618876138244,0.22767887974464476,0.4030553904955525,13.057266505071029,-4.810198012257811,2,0,0,0,0,SAFE
2026-07-21T13:04:39.005628,0.31314886044002116,0.22842778087237706,-0.46918290495591464,12.309011252903394,-4.785086394309486,2,0,0,0,0,SAFE
2026-07-21T13:04:39.098183,0.3314843928603355,0.219459170959483,-0.9430186816033199,14.217754689702224,-4.98296905557632,2,0,0,0,0,SAFE
2026-07-21T13:04:39.193822,0.33489118485446634,0.23693319068572088,-0.6596683737928686,14.750541464347657,-4.911741737630763,2,0,0,0,0,SAFE
2026-07-21T13:04:39.300980,0.3261983555530261,0.2239693946971136,10.250433595995617,20.607099311640518,-0.4188698901486987,2,0,0,0,0,SAFE
2026-07-21T13:04:39.393009,0.3295819879870574,0.22360679774997896,-1.969292758753454,16.486028494784264,-5.8574146953069395,2,0,0,0,0,SAFE
2026-07-21T13:04:39.486951,0.30772501579428413,0.23223696982238698,-3.886392748512634,14.81150891436227,-5.599995474542457,2,0,0,0,0,SAFE
2026-07-21T13:04:39.583969,0.2932568761041304,0.22786893531129307,-4.786695602415193,14.486380628797491,-6.057029227002575,2,0,0,0,0,SAFE
2026-07-21T13:04:39.683385,0.29121297514967937,0.219459170959483,-4.686682656139595,14.799477873411483,-6.049948459145135,2,0,0,0,0,SAFE
2026-07-21T13:04:39.780092,0.2905500317809112,0.2319061215770917,8.682519450392675,20.612746481922954,-1.2149972035906558,2,0,0,0,0,SAFE
2026-07-21T13:04:39.882935,0.2269344589906107,0.2242673805709731,-5.144249932956967,14.708567939400252,-5.528893510508346,2,0,0,0,0,SAFE
2026-07-21T13:04:39.987599,0.2046966431804071,0.2290201513165058,-5.327997951505495,13.622602826935973,-5.500521930295889,2,0,0,0,0,SAFE
2026-07-21T13:04:40.092126,0.24030682901661574,0.2242673805709731,-5.401145476920618,14.457193547709752,-5.63087238493336,2,0,0,0,0,SAFE
2026-07-21T13:04:40.190466,0.2800860287125083,0.2242673805709731,8.0388006634455,20.966076380751424,-0.8755891168873404,2,0,0,0,0,SAFE
2026-07-21T13:04:40.285322,0.3048797648731919,0.2242673805709731,8.452849837517476,20.617306875677638,-0.7661779697462521,2,0,0,0,0,SAFE
2026-07-21T13:04:40.380960,0.3147088483552898,0.23716273588058093,8.020974266231008,20.418360345131067,-0.6838677231467329,2,0,0,0,0,SAFE
2026-07-21T13:04:40.477722,0.29629015416857774,0.2242673805709731,7.527905188279874,20.884618757574806,-1.0647856230863226,2,0,0,0,0,SAFE
2026-07-21T13:04:40.571705,0.3030256314295293,0.2281827805006295,8.046451123040157,20.093883125445483,-1.198640176797113,2,0,0,0,0,SAFE
2026-07-21T13:04:40.774892,0.2201013657050374,0.22844603161865287,7.300784980166611,16.116475623971052,-0.7200581135076334,2,0,0,0,0,SAFE
2026-07-21T13:07:25.515927,0.2025718368460392,0.2200511848676606,-9.865102405863013,0.7120282059809353,-1.3766109355760827,0,0,0,0,0,SAFE
2026-07-21T13:07:25.627879,0.22810444533715069,0.22182438127939233,2.8797076903696848,4.554584996893703,-1.4762633041186461,0,0,0,0,0,SAFE
2026-07-21T13:07:25.729151,0.2522389138012491,0.23079881831307533,3.5204386554284213,3.8091667529557314,-1.5922641711058247,0,0,0,0,0,SAFE
2026-07-21T13:07:25.842667,0.24169673956834603,0.22531374464267423,3.2644464298275864,4.148971074454909,-1.7647537571165515,0,0,0,0,0,SAFE
2026-07-21T13:07:25.960594,0.24642718087210774,0.23080750965150437,2.8862836877747498,6.130383749027667,-1.5471648646276606,0,0,0,0,0,SAFE
2026-07-21T13:07:26.261281,0.23188043282587542,0.23003333554782615,4.315854049657446,2.359787201771152,-1.6607803448092682,0,0,0,0,0,SAFE
2026-07-21T13:07:26.360174,0.24308279427670723,0.23004319445487847,4.023567861231015,0.3903825855227054,-1.971495297156622,0,0,0,0,0,SAFE
2026-07-21T13:07:26.453271,0.2653356309634586,0.22099530244034674,2.9886660031599774,3.81224940765629,-1.8222424542277338,0,0,0,0,0,SAFE
2026-07-21T13:07:26.545611,0.26891788073615974,0.22531374464267423,4.9126631541089125,7.144727440280199,-1.8454161221872312,0,0,0,0,0,SAFE
2026-07-21T13:07:26.644364,0.25031841630022855,0.2350918952956832,4.350051692401848,12.402919137375576,-1.368587750789203,0,0,0,0,0,SAFE
2026-07-21T13:07:26.749346,0.2517028446128576,0.22595052521900297,3.9043559603797746,13.362618789282973,-1.4520438275228855,0,0,0,0,0,SAFE
2026-07-21T13:07:26.841027,0.24641300040137182,0.22595052521900297,4.40770551043326,13.26484349462285,-1.734122316183516,0,0,0,0,0,SAFE
2026-07-21T13:07:26.929108,0.2642938817619213,0.21983181367877785,4.315944065506329,14.265574078391396,-1.535781323958588,0,0,0,0,0,SAFE
2026-07-21T13:07:27.021371,0.24695890195804726,0.22466819187831216,4.955124874726948,14.382955615772108,-1.4812353986729079,0,0,0,0,0,SAFE
2026-07-21T13:07:27.113724,0.24338799038282516,0.22020369237759152,4.980201270341439,14.70848138038207,-1.810912635238509,0,0,0,0,0,SAFE
2026-07-21T13:07:27.411421,0.25688053212997936,0.2256481345517214,6.649873103450005,1.8995639337135901,-2.787391459038105,0,0,0,0,0,SAFE
2026-07-21T13:07:27.508173,0.2273537049367747,0.23004319445487847,4.309966071733214,-5.067817213768346,-3.3650131312323026,0,0,0,0,0,SAFE
2026-07-21T13:07:27.606804,0.26205727919225846,0.22552987298458999,6.416414809088707,-8.320451163138253,-3.8622538147019156,0,0,0,0,0,SAFE
2026-07-21T13:07:27.706191,0.24176167600311194,0.22616726438175588,5.060027342523966,-8.451746939744842,-3.7084062879808357,0,0,0,0,0,SAFE
2026-07-21T13:07:27.803821,0.2517380249365622,0.2351007483012526,4.871054591084885,-3.4147360898299914,-2.866274564522655,0,0,0,0,0,SAFE
2026-07-21T13:07:27.898683,0.2254828454741197,0.22980401305482465,7.395295187404201,-4.301753761578231,-3.6184018302585628,0,0,0,0,0,SAFE
2026-07-21T13:07:27.992258,0.22932813067484462,0.21983181367877785,6.599433695262036,5.840806377535577,-2.816269972926051,0,0,0,0,0,SAFE
2026-07-21T13:07:28.095198,0.22305014362640457,0.22430159009579506,9.896792823850717,4.090783962849356,-2.8944309870990708,0,0,0,0,0,SAFE
2026-07-21T13:07:28.203280,0.21146333393146918,0.2205106577455029,8.068260398399076,10.713328288133278,-2.4971321454821975,0,0,0,0,0,SAFE
2026-07-21T13:07:28.310457,0.24129054385254006,0.22020369237759152,6.8339254320387965,16.88690553902062,-1.5282875230388981,0,0,0,0,0,SAFE
2026-07-21T13:07:28.406073,0.23718825919495545,0.22395937091280052,7.317389884248286,16.474595306285863,-1.573214254569848,0,0,0,0,0,SAFE
2026-07-21T13:07:28.502265,0.255041972027111,0.21931189799813686,8.830868998582986,20.43199133999523,-0.9539906480150648,0,0,0,0,0,SAFE
2026-07-21T13:07:28.591221,0.2705985597694355,0.22895654203569393,8.667458200690504,19.28719315859357,-1.1721757377729318,0,0,0,0,0,SAFE
2026-07-21T13:07:28.688682,0.30437884385913505,0.2205106577455029,6.467918614112648,21.887681508473626,-1.3821471475188787,0,0,0,0,0,SAFE
2026-07-21T13:07:28.781622,0.27194493062226555,0.23436254775934362,7.078427088172305,23.85932681531569,-1.6627492952480623,0,0,0,0,0,SAFE
2026-07-21T13:07:28.876876,0.28754018143766336,0.21534305153258038,5.763804197938384,25.859686452027372,-1.946897995922484,0,0,0,0,0,SAFE
2026-07-21T13:07:28.966169,0.28731144224475136,0.2305404903518848,5.504238740315401,25.429868372540135,-2.3176982723514357,0,0,0,0,0,SAFE
2026-07-21T13:07:29.059900,0.2933723550481735,0.21554232067750978,7.347945816851762,24.423177766255726,-2.3936273013570997,0,0,0,0,0,SAFE
2026-07-21T13:07:29.158681,0.28578101538817524,0.23545924325656584,8.291239373243513,24.43755745480086,-3.0603291612917474,0,0,0,0,0,SAFE
2026-07-21T13:07:29.256350,0.28928623955959654,0.22466819187831216,7.685273942135552,27.762560900650847,-0.8454873601583586,0,0,0,0,0,SAFE
2026-07-21T13:07:29.345839,0.2836979733709665,0.2344024352601509,-3.9123791801392827,12.574288988625206,-6.140358690283622,0,0,0,0,0,SAFE
2026-07-21T13:07:29.443996,0.2677007751971356,0.23923392927050843,7.0102913518476555,20.536121460562025,-3.0499823516927904,0,0,0,0,0,SAFE
2026-07-21T13:07:29.536472,0.23809385814899886,0.22200327147751764,10.676672235273884,13.396681793861944,-4.3313364912663985,0,0,0,0,0,SAFE
2026-07-21T13:07:29.802484,0.2577491229771425,0.24451391656068305,9.210477653508548,-6.7618076285155695,-7.181574225019716,0,0,0,0,0,SAFE
2026-07-21T13:07:29.914933,0.2523427282348225,0.22887332084456283,8.725752005054716,-10.123077147645464,-6.88461506792035,0,0,0,0,0,SAFE
2026-07-21T13:07:30.023478,0.23556995040891826,0.23038320297103632,9.380240893577792,-9.780515654471694,-6.7629126206943795,0,0,0,0,0,SAFE
2026-07-21T13:07:30.129745,0.2529644971206444,0.22466819187831216,-1.9192257448364671,-9.79893277739119,-3.8506379041541012,0,0,0,0,0,SAFE
2026-07-21T13:07:30.249125,0.2487254493967769,0.23013267756791667,13.360875280139965,-10.23662812814366,-6.156116095074907,0,0,0,0,0,SAFE
2026-07-21T13:07:30.375390,0.24355896171426458,0.22020369237759152,-2.799278291159993,-5.489124211532723,-3.071517887752345,0,0,0,0,0,SAFE
2026-07-21T13:07:30.472686,0.24355896171426458,0.22466819187831216,-2.301345930503203,-5.987028766037007,-2.966496051655586,0,0,0,0,0,SAFE
2026-07-21T13:07:30.565257,0.24320324685247474,0.22466819187831216,9.349129267117263,15.11014348192165,-2.478323231354665,0,0,0,0,0,SAFE
2026-07-21T13:07:30.656615,0.22637208416881713,0.22903514639445918,-3.8962091591394596,3.243682296917449,-4.897290063971171,0,0,0,0,0,SAFE
2026-07-21T13:07:30.748146,0.23729767518898304,0.23358915754659196,-4.426036339577536,4.754779197801988,-5.315660790448833,0,0,0,0,0,SAFE
2026-07-21T13:07:30.843162,0.23717733378199418,0.22096924968745904,-7.906724888920422,2.3613419857992155,-3.9919575648516576,0,0,0,0,0,SAFE
2026-07-21T13:07:30.934822,0.219505887162103,0.2256481345517214,-7.720787467419001,4.222389769508336,-4.064062442458209,0,0,0,0,0,SAFE
2026-07-21T13:07:31.022747,0.25529551799680883,0.22595052521900297,-5.51352822441828,4.5372593560754915,-3.9856788407115586,0,0,0,0,0,SAFE
2026-07-21T13:07:31.116013,0.24253132175289216,0.23149742762279069,4.9111781235608305,15.783741635365848,-2.1225894774695178,0,0,0,0,0,SAFE
2026-07-21T13:07:31.213079,0.24727530998779412,0.22526112460303874,-2.2529272601267962,9.151450985693264,-5.275442055647673,0,0,0,0,0,SAFE
2026-07-21T13:07:31.306376,0.2510206106945507,0.21554232067750978,-4.226510629953907,7.8566673929640585,-5.915698130923074,0,0,0,0,0,SAFE
2026-07-21T13:07:31.398913,0.2540046532162654,0.23013267756791667,-5.4387708166370885,10.037491474523332,-6.0455220797062745,0,0,0,0,0,SAFE
2026-07-21T13:07:31.494173,0.2624174335364225,0.2198108998279392,-2.376117391982433,10.367377612578709,-5.837582891112142,0,0,0,0,0,SAFE
2026-07-21T13:07:31.589798,0.2707595873460093,0.23013267756791667,-2.450710565858202,12.034003712076768,-5.875356656155248,0,0,0,0,0,SAFE
2026-07-21T13:07:31.683723,0.2572415731402691,0.2198108998279392,6.5261976183639945,21.746119065406468,-2.528964120248162,0,0,0,0,0,SAFE
2026-07-21T13:07:31.780364,0.26981625900041223,0.22093411051288306,6.610667383084774,20.667217371740744,-2.27733581607734,0,0,0,0,0,SAFE
2026-07-21T13:07:31.874238,0.29537550416943975,0.22972217400095007,5.710517601973976,21.24257717288952,-2.5929931207435573,0,0,0,0,0,SAFE
2026-07-21T13:07:31.971827,0.2883130277483514,0.2136595184482862,-6.7764497854581975,9.490473615201058,-6.199434721532783,0,0,0,0,0,SAFE
2026-07-21T13:07:32.065143,0.2745209433768717,0.2204544345861671,-4.917172474335757,9.526871894309973,-6.166690469686333,0,0,0,0,0,SAFE
2026-07-21T13:07:32.153851,0.2671718740950298,0.22488769823126625,-5.28908721153519,9.46035083109648,-6.178124029952211,0,0,0,0,0,SAFE
2026-07-21T13:07:32.252319,0.2831508393919554,0.2263152301476885,7.361514546375332,14.3736561067609,-3.1734755269458788,0,0,0,0,0,SAFE
2026-07-21T13:07:32.346704,0.24450362932374578,0.2117851297340552,8.004588004780373,-4.3404605744876665,-5.102074539436501,0,0,0,0,0,SAFE
2026-07-21T13:07:32.435576,0.26545803910712984,0.2205106577455029,5.948619250721322,-18.726244587895252,-6.994951469978446,0,0,0,0,0,SAFE
2026-07-21T13:07:32.535680,0.26003317169222884,0.22430159009579506,-2.7102546370982736,-15.30464949811543,-2.7791807639130295,0,0,0,0,0,SAFE
2026-07-21T13:07:32.629751,0.25078646730700954,0.23448660064237895,3.7147598303335485,-22.01091336884107,-6.0186482976304205,0,0,0,0,0,SAFE
2026-07-21T13:07:32.721342,0.2617110563683618,0.238705370143687,4.949571118793386,-23.952088919006123,-6.093368414455512,0,0,0,0,0,SAFE
2026-07-21T13:07:32.813609,0.26899620646794226,0.2348384430601755,5.634599552143641,-23.409253147451196,-6.317909684371557,0,0,0,0,0,SAFE
2026-07-21T13:07:32.904363,0.26000713658498253,0.23448660064237895,-5.063117325180485,-19.125523964882507,-1.608274402453483,0,0,0,0,0,SAFE
2026-07-21T13:07:32.999841,0.27549052478459934,0.2189807895841472,-6.313929304607967,-19.88172640614962,-0.8896239947864489,0,0,0,0,0,SAFE
2026-07-21T13:07:33.092882,0.2900458222934328,0.22360679774997896,-6.618307567995487,-19.45015210399962,-0.5486803629872594,0,0,0,0,0,SAFE
2026-07-21T13:07:33.188852,0.2645084800908514,0.23472016337237642,2.91744217408322,-24.913705439393244,-5.178296758761746,0,0,0,0,0,SAFE
2026-07-21T13:07:33.285822,0.2655025647789174,0.2185713942588105,-6.845777239831392,-18.789042480098534,-0.41879182844722984,0,0,0,0,0,SAFE
2026-07-21T13:07:33.383254,0.27430361428448247,0.2185713942588105,-5.971094483658504,-18.038479813624445,-0.5734344476774299,0,0,0,0,0,SAFE
2026-07-21T13:07:33.479296,0.26155074089935804,0.23448660064237895,4.933052396406907,-24.75100332761396,-5.264242482620858,0,0,0,0,0,SAFE
2026-07-21T13:07:33.573180,0.27550749454086615,0.23969751143924486,-6.474963827456037,-18.502112947863463,-0.6233145431955278,0,0,0,0,0,SAFE
2026-07-21T13:07:33.666443,0.25567346865877294,0.2296635634057943,-5.948151457500671,-17.781156534980585,-0.8207631000986544,0,0,0,0,0,SAFE
2026-07-21T13:07:33.765235,0.268197223072509,0.22980401305482465,4.680347367287993,-21.578550461490504,-5.670300303516569,0,0,0,0,0,SAFE
2026-07-21T13:07:33.856355,0.2548371220656248,0.22020369237759152,6.552356722848316,-20.85771638802207,-6.161625139301918,0,0,0,0,0,SAFE
2026-07-21T13:07:33.954775,0.25810109251911884,0.23448660064237895,5.0355751286543295,-21.727688643264287,-6.21959252554754,0,0,0,0,0,SAFE
2026-07-21T13:07:34.108687,0.28067130204698776,0.2348384430601755,-4.0894282410033895,-12.96344110250823,-2.3605634445778843,0,0,0,0,0,SAFE
2026-07-21T13:07:34.212137,0.2927302282959181,0.2256481345517214,5.813698675898962,-14.819768448230288,-5.851605146573803,0,0,0,0,0,SAFE
2026-07-21T13:07:34.325154,0.23808349226265907,0.22161987825695786,6.827696650123642,-11.858142027073693,-4.858603066980038,0,0,0,0,0,SAFE
2026-07-21T13:07:34.434570,0.22890828348009454,0.22161987825695786,6.586914774144702,-6.421365157146263,-5.004942102609391,0,0,0,0,0,SAFE
2026-07-21T13:07:34.535138,0.24939108706382992,0.2205106577455029,5.778019781636772,14.168788000004346,-2.931103879154591,0,0,0,0,0,SAFE
2026-07-21T13:07:34.635776,0.24551900837820317,0.22466819187831216,4.265083052153784,16.707739157272478,-2.91097234259243,0,0,0,0,0,SAFE
2026-07-21T13:07:34.734365,0.27840353443705323,0.23969751143924486,-5.994025959982196,7.543103859686056,-5.354878389295133,0,0,0,0,0,SAFE
2026-07-21T13:07:34.833760,0.26964257036835715,0.23447655130531322,5.942241722314407,17.05473361502247,-2.349905614253686,0,0,0,0,0,SAFE
2026-07-21T13:07:34.934112,0.2735823455215828,0.22430159009579506,5.896907461303186,19.58849819839193,-1.894073622786749,0,0,0,0,0,SAFE
2026-07-21T13:07:35.038175,0.2751479593160273,0.23447655130531322,6.98443985124581,17.495481535058946,-1.838407762637786,0,0,0,0,0,SAFE
2026-07-21T13:07:35.138591,0.28121477331645556,0.23448660064237895,6.171128804514865,18.727941986241124,-1.410752180979216,0,0,0,0,0,SAFE
2026-07-21T13:07:35.235148,0.26440188154629224,0.2185713942588105,-4.211600517166232,5.676195923665724,-3.5300568422201395,0,0,0,0,0,SAFE
2026-07-21T13:07:35.335900,0.2607644840122717,0.22430159009579506,8.005505843214337,16.850489136801496,-0.7200262482558912,0,0,0,0,0,SAFE
2026-07-21T13:07:35.432687,0.26784388842060436,0.2256481345517214,7.36599313369382,-11.016179612610564,-5.573174829265071,0,0,0,0,0,SAFE
2026-07-21T13:07:35.527881,0.24913106117179404,0.23978606150948245,6.923167158467294,-15.629512326922335,-6.486232229972899,0,0,0,0,0,SAFE
2026-07-21T13:07:35.626604,0.24651890277261856,0.2348384430601755,6.8692743963854355,-15.843723496842658,-6.545305784416001,0,0,0,0,0,SAFE
2026-07-21T13:07:35.726360,0.26815818149287607,0.2228517923381246,6.457975774028057,-21.901051554341446,-7.344941539847667,0,0,0,0,0,SAFE
2026-07-21T13:07:35.828156,0.2709734720511919,0.22931682645752738,7.899986020245734,-22.73651559077462,-7.220437250318071,0,0,0,0,0,SAFE
2026-07-21T13:07:35.934858,0.26719307367943623,0.2296635634057943,7.411117476227503,-21.70395596542254,-6.777301166000115,0,0,0,0,0,SAFE
2026-07-21T13:07:36.029006,0.27259222779324943,0.23517924744834132,5.558840643423366,-21.527465741399475,-6.189694292799857,0,0,0,0,0,SAFE
2026-07-21T13:07:36.129764,0.27130311375878635,0.23448660064237895,6.191413213501107,-20.690557312234784,-6.078376195337256,0,0,0,0,0,SAFE
2026-07-21T13:07:36.253036,0.2657030248291797,0.22397654880492177,-4.617716885928132,-16.584890431743382,-1.9190047091635785,0,0,0,0,0,SAFE
2026-07-21T13:07:36.364472,0.27564784047259955,0.22430159009579506,5.093406445215663,-21.170691158009582,-6.141239592811189,0,0,0,0,0,SAFE
2026-07-21T13:07:36.461705,0.2701637185833482,0.2286108725202779,-4.892669347405558,-16.82870708185627,-1.8138950436966077,0,0,0,0,0,SAFE
2026-07-21T13:07:36.549429,0.2796412938839885,0.22895654203569393,4.923909380125821,-20.841359240096935,-6.037543453091359,0,0,0,0,0,SAFE
2026-07-21T13:07:36.651772,0.2825547147254024,0.22895654203569393,5.07523862665326,-21.54911303443879,-5.735920279816156,0,0,0,0,0,SAFE
2026-07-21T13:07:36.748524,0.25975157632076734,0.2400599444316577,-3.6402179033523225,-14.757707590247646,-2.4420368438677156,0,0,0,0,0,SAFE
2026-07-21T13:07:36.846642,0.27068544026129326,0.2339485619836203,5.451659713690475,-12.315868132454108,-5.283506717399916,0,0,0,0,0,SAFE
2026-07-21T13:07:36.939765,0.23292339557877204,0.22595052521900297,6.732508262204618,-8.743543979852369,-4.953011385258122,0,0,0,0,0,SAFE
2026-07-21T13:07:37.031870,0.275901180616529,0.22568653889676346,6.859069322391207,7.273091200324546,-3.39895416148957,0,0,0,0,0,SAFE
2026-07-21T13:07:37.125342,0.2514839256166555,0.2256481345517214,5.850907056504241,15.02761949999894,-2.2091876145557876,0,0,0,0,0,SAFE
2026-07-21T13:07:37.222342,0.2942292171833092,0.2256481345517214,5.1722089421885755,19.612787774483866,-1.5142646265547057,0,0,0,0,0,SAFE
2026-07-21T13:07:37.318012,0.2792858514123644,0.22568653889676346,5.354659746760262,18.771042411406956,-1.8744317398732164,0,0,0,0,0,SAFE
2026-07-21T13:07:37.412616,0.3008065088338964,0.23978606150948245,5.997641400620239,18.449104493067665,-1.3029957520488722,0,0,0,0,0,SAFE
2026-07-21T13:07:37.506730,0.2835940924853137,0.23017184516295278,5.609162261717529,17.668685382842323,-1.5417925086581192,0,0,0,0,0,SAFE
2026-07-21T13:07:37.597211,0.28817622565902956,0.23479848136533754,6.146150129609936,17.196320305937764,-1.409723900667558,0,0,0,0,0,SAFE
2026-07-21T13:07:37.693197,0.2605386531894789,0.2348384430601755,8.28068962078865,11.967947015243105,-2.098200683386267,0,0,0,0,0,SAFE
2026-07-21T13:07:37.791257,0.25517119320606396,0.22552987298458999,7.371136836872836,-8.90539053258269,-4.496191721119658,0,0,0,0,0,SAFE
2026-07-21T13:07:37.883505,0.24765230929027635,0.2200511848676606,8.217958075688756,-3.9842824465674607,-4.14677137614197,0,0,0,0,0,SAFE
2026-07-21T13:07:37.973402,0.24772856504294216,0.2400599444316577,-2.13644169177752,-8.166746259016703,-2.5569189003831863,0,0,0,0,0,SAFE
2026-07-21T13:07:38.073653,0.2462510934986029,0.22430159009579506,8.411403418734324,-10.003816213388298,-4.26737152821903,0,0,0,0,0,SAFE
2026-07-21T13:07:38.161440,0.2563406626305208,0.22895654203569393,8.66597163430572,-17.16230172065264,-5.260901012884403,0,0,0,0,0,SAFE
2026-07-21T13:07:38.252628,0.24574519958245064,0.22499423690175743,7.339133363958666,-18.05006755569423,-5.390827886272518,0,0,0,0,0,SAFE
2026-07-21T13:07:38.343341,0.2510777117527604,0.23538352832219464,6.447846603149685,-18.459275240224624,-5.250105928732722,0,0,0,0,0,SAFE
2026-07-21T13:07:38.438256,0.26713131590423683,0.23961204722866333,7.634203245374408,-17.708473717592376,-5.350450848893132,0,0,0,0,0,SAFE
2026-07-21T13:07:38.532449,0.26596374609354734,0.22430159009579506,6.644901397135044,-17.82709690358811,-5.318366315928813,0,0,0,0,0,SAFE
2026-07-21T13:07:38.628461,0.26240479212962264,0.23447655130531322,6.40465165718831,-17.799888396980666,-5.524742475110145,0,0,0,0,0,SAFE
2026-07-21T13:07:38.721372,0.2529369369373327,0.23448660064237895,6.431085160002425,-18.294402282078725,-5.494809162341937,0,0,0,0,0,SAFE
2026-07-21T13:07:38.813167,0.26041934061455285,0.22430159009579506,6.6626136934048645,-18.906710220504575,-5.528038671202637,0,0,0,0,0,SAFE
2026-07-21T13:07:38.908423,0.26713131590423683,0.2296635634057943,-4.127694066776428,-12.92028979174558,-1.8625547597494283,0,0,0,0,0,SAFE
2026-07-21T13:07:38.996723,0.25531466046721496,0.22499423690175743,6.869758119182791,-18.47326680190649,-5.602952941277067,0,0,0,0,0,SAFE
2026-07-21T13:07:39.087209,0.2518355489854798,0.22499423690175743,7.26582216653307,-17.76871027868812,-5.551864813287779,0,0,0,0,0,SAFE
2026-07-21T13:07:39.188035,0.2496741733286411,0.2296635634057943,6.231606212732174,-19.188318913429278,-5.445042550508617,0,0,0,0,0,SAFE
2026-07-21T13:07:39.276677,0.20479329469952473,0.2296635634057943,6.4914013032718,-18.4921718073253,-5.852723091491924,0,0,0,0,0,SAFE
2026-07-21T13:07:39.372837,0.21810393922509783,0.23448660064237895,6.050237407501356,-18.12020819511443,-5.784595717803143,0,0,0,0,0,SAFE
2026-07-21T13:07:39.459983,0.2044951440805825,0.22920441105061798,-3.621021171986655,-14.137721697062188,-2.4811834090365235,0,0,0,0,0,SAFE
2026-07-21T13:07:39.553221,0.22397030501136117,0.22895654203569393,-3.5732839970111456,-14.310205125535258,-2.242134867360856,0,0,0,0,0,SAFE
2026-07-21T13:07:39.645651,0.23572184462233636,0.2345304000897878,-4.554952935350002,-14.336963474538024,-2.0360900628068053,0,0,0,0,0,SAFE
2026-07-21T13:07:39.739556,0.23939485769829574,0.23969751143924486,7.814210858938054,-18.49003707606783,-6.219917510759245,0,0,0,0,0,SAFE
2026-07-21T13:07:39.833026,0.24836986720910675,0.21983181367877785,8.737211234669758,-16.083905652795636,-5.5557416640332065,0,0,0,0,0,SAFE
2026-07-21T13:07:39.929252,0.24984107676181103,0.22430159009579506,7.776227430842312,-13.591684432787913,-4.354798578913602,0,0,0,0,0,SAFE
2026-07-21T13:07:40.022185,0.24506141819066993,0.23447655130531322,9.024630118916718,2.1098884500529307,-2.9854201368495126,0,0,0,0,0,SAFE
2026-07-21T13:07:40.113255,0.24715722950881858,0.22896799591699732,8.871787976578872,21.123466182539335,0.723383022937611,0,0,0,0,0,SAFE
2026-07-21T13:07:40.211603,0.2488374205740882,0.22920441105061798,6.704115950148832,26.145069707532294,1.2642413284449106,0,0,0,0,0,SAFE
2026-07-21T13:07:40.304736,0.2639632607645147,0.22727272727272727,-7.756788007178017,26.823232876652973,-4.200711847149574,0,0,0,0,0,SAFE
2026-07-21T13:07:40.398931,0.25975296960480504,0.2222222222222222,-6.557149475884216,25.598455963710002,-4.167386941588331,0,0,0,0,0,SAFE
2026-07-21T13:07:40.489031,0.2573237824359607,0.2222222222222222,-9.087584192339676,26.740387007329673,-4.54069576490541,0,0,0,0,0,SAFE
2026-07-21T13:07:40.579099,0.2820641732387408,0.22820695179676348,3.89943823960283,36.67362315894771,3.3701495321549544,0,0,0,0,0,SAFE
2026-07-21T13:07:40.677159,0.270350332050644,0.22340425531914893,3.880871119300707,37.40748880676475,3.557711827577606,0,0,0,0,0,SAFE
2026-07-21T13:07:40.778532,0.24287889166459703,0.23398959639633435,6.565864633732218,34.673170575550756,3.243154412983756,0,0,0,0,0,SAFE
2026-07-21T13:07:40.871487,0.2887096229385054,0.2171861213815347,3.9962831549584052,33.19213339898928,1.7942307336393526,0,0,0,0,0,SAFE
2026-07-21T13:07:40.961644,0.2914524835583182,0.2342426884952669,4.196367969106461,33.60342269625353,1.5727743296191647,0,0,0,0,0,SAFE
2026-07-21T13:07:41.053658,0.30864053188648005,0.22830383594988932,5.42302852545177,33.162024305117704,1.4892198396591425,0,0,0,0,0,SAFE
2026-07-21T13:07:41.145041,0.30178667067263765,0.2234551827719301,5.473270205133957,33.577390739637,1.4451111260314633,0,0,0,0,0,SAFE
2026-07-21T13:07:41.238159,0.30296591313658233,0.23404255319148937,6.771349507427374,32.15541588848918,2.0137668694044066,0,0,0,0,0,SAFE
2026-07-21T13:07:41.340112,0.28534496825415945,0.22320226228027165,7.011727921429014,32.358091754155076,1.9022334376579693,0,0,0,0,0,SAFE
2026-07-21T13:07:41.433661,0.27874591948141725,0.22920441105061798,5.818889799128641,31.58970064489844,1.105315166503857,0,0,0,0,0,SAFE
2026-07-21T13:07:41.528269,0.30539301772023336,0.23407237768193354,-4.708335581475865,21.28421190148273,-5.1656713523988245,0,0,0,0,0,SAFE
2026-07-21T13:07:41.624096,0.30602783365038133,0.23407237768193354,-4.9132607708019975,21.285091356199842,-5.221174547387202,0,0,0,0,0,SAFE
2026-07-21T13:07:41.721212,0.26759778852065663,0.22896799591699732,7.268067979935523,29.646177600352207,0.7314743163557296,0,0,0,0,0,SAFE
2026-07-21T13:07:41.818813,0.26391444520830265,0.22430303232870105,7.163023610082234,28.96288428981897,0.6490367957968317,0,0,0,0,0,SAFE
2026-07-21T13:07:41.914759,0.2696882092948071,0.22935351943311388,7.219757036727742,29.096469481698406,0.5013458085077787,0,0,0,0,0,SAFE
2026-07-21T13:07:42.005035,0.26378729866496897,0.2345304000897878,6.6628986411692495,27.989362466224023,-0.22934010579336928,0,0,0,0,0,SAFE
2026-07-21T13:07:42.102264,0.25895035381349685,0.22430159009579506,6.94620482825664,26.542911566072696,-0.3977606110425427,0,0,0,0,0,SAFE
2026-07-21T13:07:42.192896,0.2616697701817817,0.23448660064237895,6.064978372998695,25.117412292085067,-0.5041941818708437,0,0,0,0,0,SAFE
2026-07-21T13:07:42.286714,0.242727832664971,0.22430159009579506,5.886693056725733,24.07834324938598,-0.7022726755677127,0,0,0,0,0,SAFE
2026-07-21T13:07:42.385552,0.27147558843469344,0.22920441105061798,7.623841700491283,25.22720626164709,-0.2229377202435785,0,0,0,0,0,SAFE
2026-07-21T13:07:42.473847,0.2585250842538283,0.23934266516965685,9.263879043003556,23.32828470601987,0.7974977390532274,0,0,0,0,0,SAFE
2026-07-21T13:07:42.571927,0.27217271412259364,0.21931189799813686,7.814462222295731,23.234795849668693,0.5618176958819561,0,0,0,0,0,SAFE
2026-07-21T13:07:42.663017,0.27344341735836475,0.22499423690175743,7.421577461898352,23.67009435741433,0.4734855127197761,0,0,0,0,0,SAFE
2026-07-21T13:07:42.764498,0.28450610115628105,0.23380839611866294,8.259223043062718,23.07170566466495,0.3547348550032723,0,0,0,0,0,SAFE
2026-07-21T13:07:42.864819,0.27597660630585163,0.23472016337237642,9.353614335232265,23.343191516189,0.8310630702409867,0,0,0,0,0,SAFE
2026-07-21T13:07:42.952160,0.2634624733157487,0.23380839611866294,-2.306613506573484,14.964029508267073,-4.227611748056056,0,0,0,0,0,SAFE
2026-07-21T13:07:43.050514,0.2757439561241533,0.23407237768193354,8.325873084901104,23.030400464682522,0.1271810218479743,0,0,0,0,0,SAFE
2026-07-21T13:07:43.144640,0.27940508955889704,0.22430159009579506,8.869075970025364,23.393952040565665,0.21963511791912538,0,0,0,0,0,SAFE
2026-07-21T13:07:43.241085,0.27476332675531845,0.23449862470727836,9.518750888239623,20.960343462457995,0.6922867660252336,0,0,0,0,0,SAFE
2026-07-21T13:07:43.339456,0.28748245559301533,0.2397679262740317,10.762209052871327,21.969445393039802,0.8429799607732775,0,0,0,0,0,SAFE
2026-07-21T13:07:43.432643,0.27521690325973236,0.2348666955872769,11.085035587249706,21.43175226422382,0.9559615824610717,0,0,0,0,0,SAFE
2026-07-21T13:07:43.528321,0.2764362252546233,0.2348666955872769,11.84768436708407,21.706974672382763,0.9892606394907375,0,0,0,0,0,SAFE
2026-07-21T13:07:43.619605,0.2768820115527804,0.23449862470727836,13.187952204394634,20.44394859437845,1.1640249222787702,0,0,0,0,0,SAFE
2026-07-21T13:07:43.710422,0.2727038390282148,0.23407237768193354,12.086025073504572,22.208758461968216,0.7700529792135455,0,0,0,0,0,SAFE
2026-07-21T13:07:43.807306,0.26158180492595057,0.22920441105061798,12.055224042019006,24.13203753801261,1.0171975967671756,0,0,0,0,0,SAFE
2026-07-21T13:07:43.907191,0.26216013722039705,0.2245346307717373,11.883214699829495,24.29711474650654,0.6128108814790494,0,0,0,0,0,SAFE
2026-07-21T13:07:44.003183,0.2720514368682261,0.22499423690175743,11.644738215466049,25.079649299611415,0.37410843979654373,0,0,0,0,0,SAFE
2026-07-21T13:07:44.101213,0.29236902203084925,0.23380839611866294,11.458325149306717,24.92996928097808,0.7228291895299321,0,0,0,0,0,SAFE
2026-07-21T13:07:44.193269,0.2787327464224182,0.22880765104443207,-1.5557320838997555,15.129745759248275,-4.773185289167931,0,0,0,0,0,SAFE
2026-07-21T13:07:44.418979,0.27249093287706083,0.22907731248279398,9.346914892871666,25.53180512323876,0.08389826248870236,0,0,0,0,0,SAFE
2026-07-21T13:07:44.529417,0.28940445865320386,0.23457606328369018,8.181922930071778,25.255131335820554,0.042994010225100965,0,0,0,0,0,SAFE
2026-07-21T13:07:44.665553,0.28974101200489777,0.22931682645752738,7.837070540288835,25.060156421061404,0.16309069446560898,0,0,0,0,0,SAFE
2026-07-21T13:07:44.782298,0.2768246785064671,0.22395937091280052,-3.128846719875952,14.520509026168103,-4.954208222712515,0,0,0,0,0,SAFE
2026-07-21T13:07:44.896668,0.28369101236657357,0.22895654203569393,7.594952777679566,24.236674747055364,-0.07077162216396005,0,0,0,0,0,SAFE
2026-07-21T13:07:45.008425,0.2912543124321249,0.23513922775992793,9.480696425799465,22.773173091947065,0.0618684936888485,0,0,0,0,0,SAFE
2026-07-21T13:07:45.140095,0.27266608573783874,0.2304534840052444,10.406216608254596,20.97241839545315,-0.3329261293618231,0,0,0,0,0,SAFE
2026-07-21T13:07:45.231363,0.27620643267654243,0.22397654880492177,9.88534290452182,21.207152608399543,-0.760954551075514,0,0,0,0,0,SAFE
2026-07-21T13:07:45.328263,0.25335631586336615,0.23490998164829327,8.498264262712894,18.080432200132037,-3.3016449356015585,0,0,0,0,0,SAFE
2026-07-21T13:07:45.425486,0.24261598363904618,0.24015936996995685,9.39410463939015,17.457792498126633,-2.8239606186451454,0,0,0,0,0,SAFE
2026-07-21T13:07:45.530131,0.23027729685255227,0.21619139261410183,-5.503505038404796,5.131018231589768,-5.585369674680475,0,0,0,0,0,SAFE
2026-07-21T13:07:45.629277,0.2248981421377683,0.22575785276343882,10.17953761059752,13.148758632680435,-3.037786551972175,0,0,0,0,0,SAFE
2026-07-21T13:07:45.726159,0.2551587331884605,0.22096924968745904,12.392596168035055,13.229461245362877,-3.3455914154792197,0,0,0,0,0,SAFE
2026-07-21T13:07:45.814330,0.26159754680141634,0.22425106645881143,11.143573616060365,17.868423311838914,-2.1655755481211543,0,0,0,0,0,SAFE
2026-07-21T13:07:45.911518,0.28446839056179535,0.23079715494926117,11.872398228733402,17.676333574925813,-1.4961083497532854,0,0,0,0,0,SAFE
2026-07-21T13:07:46.006452,0.2738725936706903,0.23479848136533754,12.250082550150523,18.45429159798046,-1.5023890759561027,0,0,0,0,0,SAFE
2026-07-21T13:07:46.117131,0.29599644804815783,0.23545924325656584,12.088318236514283,19.599120334171754,-1.4610427590920665,0,0,0,0,0,SAFE
2026-07-21T13:07:46.209938,0.29599644804815783,0.23923392927050843,11.953793580692945,20.708741792728123,-1.121622782070233,0,0,0,0,0,SAFE
2026-07-21T13:07:46.309660,0.2889918169504228,0.23004283955210839,10.765449092849337,21.07232899723607,-1.6947545351655435,0,0,0,0,0,SAFE
2026-07-21T13:07:46.406955,0.303031809203969,0.23969751143924486,8.341001831970232,23.114359846135248,-1.8730199473550897,0,0,0,0,0,SAFE
2026-07-21T13:07:46.506350,0.30483783735327386,0.22931682645752738,9.425691930586567,23.04981725971771,-1.7485040372531842,0,0,0,0,0,SAFE
2026-07-21T13:07:46.599241,0.286250065611398,0.23436254775934362,9.028014814785024,22.07934659879594,-2.03788275291015,0,0,0,0,0,SAFE
2026-07-21T13:07:46.794473,0.3074373262538135,0.22466819187831216,10.021974027162855,22.29616345160728,-1.8354451164471186,0,0,0,0,0,SAFE
2026-07-21T13:07:46.909217,0.3267772930328884,0.24040344797805396,9.638398378474761,23.56236405396334,-1.8846410635975985,0,0,0,0,0,SAFE
2026-07-21T13:07:47.023415,0.32065991463863186,0.22539696593037428,10.430594726170682,23.007438176312416,-1.9420709171266708,0,0,0,0,0,SAFE
2026-07-21T13:07:47.130706,0.300671498993513,0.22466819187831216,10.114261003013809,22.960773266936837,-1.9314821215185134,0,0,0,0,0,SAFE
2026-07-21T13:07:47.250123,0.3150934783163589,0.2348384430601755,10.05657555617492,22.869757289976626,-1.9307552656305518,0,0,0,0,0,SAFE
2026-07-21T13:07:47.377966,0.3060495943077791,0.2449687325472009,-0.15220611085993596,13.00656036076288,-6.024374521841384,0,0,0,0,0,SAFE
2026-07-21T13:07:47.475125,0.281954215212988,0.22931682645752738,-0.7294251198469794,13.069503644623257,-5.978542591238311,0,0,0,0,0,SAFE
2026-07-21T13:07:47.572317,0.2795186552600154,0.22931682645752738,-1.6282993033503885,13.60545809126942,-6.03708661239008,0,0,0,0,0,SAFE
2026-07-21T13:07:47.664717,0.27724742479306397,0.22425106645881143,9.682252997280216,23.14599040507969,-1.8005882119847456,0,0,0,0,0,SAFE
2026-07-21T13:07:47.759345,0.27064276623457456,0.24451391656068305,9.747045619797774,21.9501659671822,-1.9303287716974182,0,0,0,0,0,SAFE
2026-07-21T13:07:47.851201,0.28341238931591894,0.22931682645752738,11.25090420972839,20.90782828839455,-1.7419719126825726,0,0,0,0,0,SAFE
2026-07-21T13:07:47.941383,0.2636802129951282,0.23013267756791667,11.953835594618482,19.981419313250324,-1.9597278600487584,0,0,0,0,0,SAFE
2026-07-21T13:07:48.039161,0.2757355482442845,0.23049270620016069,11.649922206073228,18.873132725224252,-2.110158640988061,0,0,0,0,0,SAFE
2026-07-21T13:07:48.138927,0.27232506690424496,0.23969751143924486,11.438581788748735,20.549158349522752,-1.6213573131808516,0,0,0,0,0,SAFE
2026-07-21T13:07:48.233088,0.267961201738235,0.2334403179026106,12.73266621293007,18.12572607471625,-1.1166602825011012,0,0,0,0,0,SAFE
2026-07-21T13:07:48.324178,0.2721492362863822,0.21895036531799858,15.212871412478023,16.89828695186439,1.4636584910916497,0,0,0,0,0,SAFE
2026-07-21T13:07:48.416319,0.2512658254434599,0.22444306128771244,17.459599816295253,12.827202638745211,0.9094077255245736,0,0,0,0,0,SAFE
2026-07-21T13:07:48.510960,0.26743075094747254,0.23536828607205257,13.90316863844211,10.737358769349951,-2.453562925234394,0,0,0,0,0,SAFE
2026-07-21T13:07:48.609915,0.26588397615171616,0.2350918952956832,15.94090266703634,17.486280177558797,0.3519146369920634,0,0,0,0,0,SAFE
2026-07-21T13:07:48.709123,0.27613630832883423,0.22238322195685692,18.87436198051907,16.295169160567482,0.7867578267043029,0,0,0,0,0,SAFE
2026-07-21T13:07:48.806279,0.2767139851694617,0.23092158426857487,18.303648579959997,17.521961949740035,0.36968579936174706,0,0,0,0,0,SAFE
2026-07-21T13:07:48.906440,0.2897331804155905,0.23978606150948245,19.728133601512212,17.603217030993296,0.8257295441694907,0,0,0,0,0,SAFE
2026-07-21T13:07:49.001792,0.2738428025782207,0.23237238772559698,19.236259506669057,13.725319093476713,-0.5831876072948887,0,0,0,0,0,SAFE
2026-07-21T13:07:49.091399,0.2867968114426914,0.25200232961162805,21.210403395871765,13.873950330335374,0.4550807713449956,0,0,0,0,0,SAFE
2026-07-21T13:07:49.183826,0.25943260713426064,0.24547404769259998,23.82889732985305,12.246535256660831,1.3173817479546983,0,0,0,0,0,SAFE
2026-07-21T13:07:49.272533,0.2641248984606087,0.24781530120734163,28.701038844764525,10.314247037022078,1.8798557797037176,0,0,0,0,0,SAFE
2026-07-21T13:07:49.369187,0.2314788078956901,0.22807017543859648,32.09583670058623,10.24447936132983,3.2222108533158575,0,0,0,0,0,SAFE
2026-07-21T13:07:49.468913,0.21279815516707945,0.22317870521103678,31.80728805763914,13.388934313849541,3.8410173163193235,0,0,0,0,0,SAFE
2026-07-21T13:07:49.562530,0.26202181674104663,0.2342606428329091,36.967572565495374,8.361677680535662,1.1471407464157721,0,0,0,0,0,SAFE
2026-07-21T13:07:49.652155,0.27514333920400635,0.23198185335531854,33.96467316892884,13.134353950750329,0.895455130988239,0,0,0,0,0,SAFE
2026-07-21T13:07:49.748829,0.2681992675919228,0.227690530716831,32.749909744188045,14.31198105508344,1.67872595945488,0,0,0,0,0,SAFE
2026-07-21T13:07:49.843172,0.25235124337718534,0.23638914316581422,31.45440240089988,15.95611598696596,1.4814748182613187,0,0,0,0,0,SAFE
2026-07-21T13:07:49.936285,0.26148943626588583,0.23217333465723158,31.184320697548173,16.14904197558485,1.9680037103174755,0,0,0,0,0,SAFE
2026-07-21T13:07:50.034526,0.273223344055851,0.23638914316581422,33.25865291732288,16.141675299161165,2.9395027079603437,0,0,0,0,0,SAFE
2026-07-21T13:07:50.128209,0.2846407507356745,0.23150786252513952,32.52172823068119,16.282048853025696,2.8933823313221296,0,0,0,0,0,SAFE
2026-07-21T13:07:50.225340,0.28006600332481374,0.2445934605898949,32.18748439786046,16.533395259633256,2.3307870307522762,0,0,0,0,0,SAFE
2026-07-21T13:07:50.317992,0.2739526062533142,0.23132287818675165,31.85431589201994,17.407889717913296,2.717055281527564,0,0,0,0,0,SAFE
2026-07-21T13:07:50.413338,0.25040687241073006,0.24076077765260961,31.093810235610277,15.336829087364503,1.9157498739712935,0,0,0,0,0,SAFE
2026-07-21T13:07:50.503886,0.26811188438217515,0.23235329645580816,29.583292765886114,14.510794464066299,1.4205691828625788,0,0,0,0,0,SAFE
2026-07-21T13:07:50.613044,0.25184249408546083,0.23319628803228906,28.93558063971662,15.103520018790967,1.0801507001302184,0,0,0,0,1,DISTRACTED
2026-07-21T13:07:50.709704,0.27106446106945026,0.22938269887502857,29.24321186327475,14.722176041477821,0.8447406978851575,0,0,0,0,1,DISTRACTED
2026-07-21T13:07:50.807859,0.282199219372947,0.2638974538545404,18.903161282593686,16.244158194105847,0.7320645089203879,0,0,0,0,0,SAFE
2026-07-21T13:07:50.906501,0.2605363210760231,0.2511451946547185,19.089467531602224,17.62204632150026,1.5791147451074323,0,0,0,0,0,SAFE
2026-07-21T13:07:51.002222,0.25469527509201006,0.22962138350341688,15.353474544917304,22.08839053699675,0.32791147079049665,0,0,0,0,0,SAFE
2026-07-21T13:07:51.104140,0.2970320471034443,0.24185025487347986,8.825341464856962,21.51049121608895,-0.6967124132937101,0,0,0,0,0,SAFE
2026-07-21T13:07:51.201306,0.2784455871359477,0.24319368052742682,10.395793943430107,22.910270656774898,-0.40698235795426285,0,0,0,0,0,SAFE
2026-07-21T13:07:51.304824,0.26585832935401654,0.24953102634526844,7.120276756160905,18.96183979212059,-1.208620535659577,0,0,0,0,0,SAFE
2026-07-21T13:07:51.400931,0.28318646225622046,0.2479527214415351,10.842569522564816,22.411189462850018,-0.1614172749741556,0,0,0,0,0,SAFE
2026-07-21T13:07:51.500557,0.2816405846966185,0.23980494020642054,11.149053616526317,22.65727509011994,0.028186379687213048,0,0,0,0,0,SAFE
2026-07-21T13:07:51.591687,0.26979851769631685,0.23995621904924733,9.99580419901568,23.04113954481159,0.3765309211809722,0,0,0,0,0,SAFE
2026-07-21T13:07:51.678961,0.2811101261725277,0.23297046325548718,10.8813952031106,23.248426529343515,0.11079803671353261,0,0,0,0,0,SAFE
2026-07-21T13:07:51.776104,0.2812382668377421,0.22983674493409093,11.778594733832904,22.35625790345432,-0.07241768916884439,0,0,0,0,0,SAFE
2026-07-21T13:07:51.874313,0.26587214211393195,0.2623981863143098,11.120207422556973,24.55227355541769,-0.2519352470548881,0,0,0,0,0,SAFE
2026-07-21T13:07:51.970954,0.2550256991208966,0.2557018046589368,7.249596683016534,24.65907434011322,-0.8492586659504298,0,0,0,0,0,SAFE
2026-07-21T13:07:52.068696,0.26002801894700034,0.22449674803655376,12.287769434975075,22.7585035318815,-0.718287916749631,0,0,0,0,0,SAFE
2026-07-21T13:07:52.171725,0.27992099029849915,0.22931682645752735,11.649233743178911,22.428833727081575,-0.5137115251278601,0,0,0,0,0,SAFE
2026-07-21T13:07:52.264809,0.2710709059723704,0.2330878662905765,11.226886659879625,22.64277083417666,-0.4447629981944772,0,0,0,0,0,SAFE
2026-07-21T13:07:52.356449,0.26615623095685215,0.22417041574862664,10.678074501349926,22.28389225166724,-0.017536535307385748,0,0,0,0,0,SAFE
2026-07-21T13:07:52.454054,0.23898101397925178,0.21933863645596252,0.34744408338994504,11.175673618825043,-3.4493381544905355,0,0,0,0,0,SAFE
2026-07-21T13:07:52.548722,0.2463300175644736,0.23216647881498811,15.497961175557805,17.11888650236775,1.4220807011918168,0,0,0,0,0,SAFE
2026-07-21T13:07:52.642832,0.2600439386066467,0.22238322195685692,-0.7459908080295747,10.636248679528286,-3.7333584892003024,0,0,0,0,0,SAFE
2026-07-21T13:07:52.740687,0.275914922514509,0.23622444247999036,-0.6474828501653462,11.81404296786644,-3.508490159325716,0,0,0,0,0,SAFE
2026-07-21T13:07:52.827980,0.2694591247312692,0.22552987298458999,-4.489780356989655,10.202137215753018,-3.382795130566417,0,0,0,0,0,SAFE
2026-07-21T13:07:52.918018,0.24099655763633326,0.22645037532512852,7.94131333472896,17.99975110902086,0.5143368819352645,0,0,0,0,0,SAFE
2026-07-21T13:07:53.014729,0.2491984976645492,0.23978606150948245,-4.662045897352414,7.978050997086863,-3.7244622996713757,0,0,0,0,0,SAFE
2026-07-21T13:07:53.111020,0.23939544810586227,0.2256481345517214,-3.543342897478311,7.592873113966191,-3.5129503648238574,0,0,0,0,0,SAFE
2026-07-21T13:07:53.210427,0.2077155237386336,0.2304534840052444,-3.934197752141614,4.529450430500159,-3.7233963333817583,0,0,0,0,0,SAFE
2026-07-21T13:07:53.302098,0.20835798003623496,0.22161987825695786,-4.921159503660419,4.008195992431166,-4.286084483038867,0,0,0,0,0,SAFE
2026-07-21T13:07:53.401808,0.2442738579556997,0.22619556118186063,-6.161971236285268,8.421412398375637,-5.09959048156255,0,0,0,0,0,SAFE
2026-07-21T13:07:53.494960,0.22716302257158888,0.23029606510429929,-5.76895236106256,8.034208522181867,-6.751102201223463,0,0,0,0,0,SAFE
2026-07-21T13:07:53.601328,0.21369032694016662,0.23029606510429929,11.583801567585141,22.832334820118632,-2.597203517532222,0,0,0,0,0,SAFE
2026-07-21T13:07:53.692071,0.21394242419068893,0.2263152301476885,13.35675595812151,20.382070229234184,-2.5978053281153564,0,0,0,0,0,SAFE
2026-07-21T13:07:53.783152,0.20222641951606152,0.2263152301476885,14.503491808971916,22.615515336471127,-1.450935011977208,0,0,0,0,0,SAFE
2026-07-21T13:07:53.881212,0.19355508302667435,0.21855727417617535,2.735238136575049,8.848058450914182,-6.039548187605805,0,0,0,0,0,SAFE
2026-07-21T13:07:53.987325,0.18258729797192627,0.22539696593037428,0.3049061645438087,7.1620195629219285,-6.875516807711105,0,0,0,0,0,SAFE
2026-07-21T13:07:54.073950,0.2330835130142886,0.22488769823126625,8.939886816162272,20.6009462542982,-3.850681411906635,0,0,0,0,0,SAFE
2026-07-21T13:07:54.168181,0.2620043626045304,0.23029606510429929,8.029035684510063,23.447451997144654,-3.483420765554257,0,0,0,0,0,SAFE
2026-07-21T13:07:54.266152,0.2547536049645578,0.225842710408196,6.59378121814612,22.084125048882992,-4.270139248700161,0,0,0,0,0,SAFE
2026-07-21T13:07:54.361901,0.2570361523280236,0.23103227568623202,8.892568513295629,22.860224685353177,-3.2633530475612815,0,0,0,0,0,SAFE
2026-07-21T13:07:54.458173,0.24880271636981302,0.225842710408196,-1.9150115822481268,12.309473061565692,-7.101979651963339,0,0,0,0,0,SAFE
2026-07-21T13:07:54.555819,0.2920317362612339,0.22096924968745904,9.915277322210926,29.013076035981662,-0.9844542937594838,0,0,0,0,0,SAFE
2026-07-21T13:07:54.653933,0.28162826776756267,0.22096924968745904,7.344899898760389,26.292403242579258,-2.2815824426502047,0,0,0,0,0,SAFE
2026-07-21T13:07:54.751895,0.28949257111479887,0.23123193571063136,6.54293434119927,26.939560282234464,-1.6583528002004186,0,0,0,0,0,SAFE
2026-07-21T13:07:54.843600,0.27821744799014514,0.23088703629569973,6.117710228019945,28.31998926951412,-1.3843059394116608,0,0,0,0,0,SAFE
2026-07-21T13:07:54.935842,0.2683397791255725,0.2265555861776941,5.701524164359853,28.00192539650472,-1.8164314216327568,0,0,0,0,0,SAFE
2026-07-21T13:08:10.717185,0.055351397947378034,0.24456472242101815,-22.161841361955027,-3.907548320950023,-8.819377572500848,0,0,0,0,0,SAFE
2026-07-21T13:08:10.831870,0.222349181009614,0.240508646629167,-1.7256648984696028,-6.7872877563946785,-4.5395409835920475,0,0,0,0,0,SAFE
2026-07-21T13:08:10.935048,0.2353530567523619,0.225842710408196,-5.946746392417083,-8.030224635662407,-4.020723208194687,0,0,0,0,0,SAFE
2026-07-21T13:08:11.049541,0.23766979113418574,0.22200327147751764,2.7396913594296564,-12.638785480035013,-6.572300997043357,0,0,0,0,0,SAFE
2026-07-21T13:08:11.148160,0.16921720070022234,0.22672885876180512,2.7923580182214778,-13.201768025596872,-7.78008957913741,0,0,0,0,0,SAFE
2026-07-21T13:08:11.433973,0.23212429336171111,0.2225818566883412,3.3552843673213317,-10.21278146264247,-8.00958878622231,0,0,0,0,0,SAFE
2026-07-21T13:08:11.531090,0.23154456174643606,0.2229938953699468,3.507193538203296,10.026815816202108,-6.112758024338348,0,0,0,0,0,SAFE
2026-07-21T13:08:11.626785,0.2589126218821717,0.22103346732932147,1.4114194699162113,17.562988024769936,-5.5009645851936,0,0,0,0,0,SAFE
2026-07-21T13:08:11.725565,0.2690599154199992,0.23103227568623202,0.17549268773964855,18.05050874760727,-5.646295197011199,0,0,0,0,0,SAFE
2026-07-21T13:08:11.835108,0.2536399260070147,0.22103346732932147,1.3759958282694242,21.26980125859987,-4.848229159261365,0,0,0,0,0,SAFE
2026-07-21T13:08:11.927918,0.2627698475117475,0.22103346732932147,2.2808358467490564,22.297208087506938,-4.727798367563366,0,0,0,0,0,SAFE
2026-07-21T13:08:12.107154,0.26309208692729136,0.21641754864215887,1.5492249459405514,21.494581563920423,-4.452299548463202,0,0,0,0,0,SAFE
2026-07-21T13:08:12.208915,0.2779398524118054,0.22575785276343882,1.4148583921451632,21.20131148984964,-4.517689142599664,0,0,0,0,0,SAFE
2026-07-21T13:08:12.314398,0.2819700207670496,0.2263152301476885,1.7556426131514797,23.234407167810364,-4.537231856607292,0,0,0,0,0,SAFE
2026-07-21T13:08:12.408399,0.25616695409157997,0.225842710408196,2.660914893310462,22.827126916836335,-5.162203522805584,0,0,0,0,0,SAFE
2026-07-21T13:08:12.508095,0.23108480437876378,0.225842710408196,3.1805829914297306,24.367019205134664,-5.1759177185332135,0,0,0,0,0,SAFE
2026-07-21T13:08:12.602133,0.26839039619890803,0.22155719631931595,2.1933201436731338,23.53651202861477,-5.642718347926802,0,0,0,0,0,SAFE
2026-07-21T13:08:12.704328,0.25769302578268993,0.23557948103881243,1.96542849836365,23.913154301885566,-6.011370624345346,0,0,0,0,0,SAFE
2026-07-21T13:08:12.925844,0.25522813957262797,0.2218631693092699,1.5933398022347092,24.186494285479686,-6.187225266393597,0,0,0,0,0,SAFE
2026-07-21T13:08:13.033966,0.25797852906650287,0.2383505069276478,2.6503876966426105,24.94745999716863,-6.077038095412661,0,0,0,0,0,SAFE
2026-07-21T13:08:13.145629,0.25223333068708664,0.2343386474534987,2.6207914818168376,23.726337793133943,-6.116313227588591,0,0,0,0,0,SAFE
2026-07-21T13:08:13.252400,0.24571053233687068,0.22674896767046734,3.065624628044418,24.251786406231215,-5.922594438829918,0,0,0,0,0,SAFE
2026-07-21T13:08:13.377864,0.2702285334761865,0.21989155285652512,3.5690992397396712,24.084584857040486,-6.059533043945436,0,0,0,0,0,SAFE
2026-07-21T13:08:13.505402,0.2434468075699497,0.22043375526998524,1.9180328541213214,22.251218756697636,-6.080379672691095,0,0,0,0,0,SAFE
2026-07-21T13:08:13.607196,0.23474367906700447,0.22103346732932147,1.8026360359858984,21.192084837043925,-6.30580352780359,0,0,0,0,0,SAFE
2026-07-21T13:08:13.708807,0.2457278342002958,0.22528807554136562,4.076166955363874,21.178889184186904,-5.628233862390431,0,0,0,0,0,SAFE
2026-07-21T13:08:13.816027,0.2495277881782105,0.2263152301476885,-5.691448481863006,8.950735636992745,-7.844972307403402,0,0,0,0,0,SAFE
2026-07-21T13:08:13.918148,0.24809045481723047,0.23029606510429929,7.628627647841114,19.339800962484688,-4.473943850774845,0,0,0,0,0,SAFE
2026-07-21T13:08:14.019847,0.24009000376686757,0.22529946308064683,8.38721120807844,18.016811465614825,-4.333866298269754,0,0,0,0,0,SAFE
2026-07-21T13:08:14.121868,0.24564517896517502,0.225842710408196,8.018292777272649,17.526298750613545,-4.385263531329514,0,0,0,0,0,SAFE
2026-07-21T13:08:14.216335,0.24705385245614095,0.2263152301476885,9.78358545971912,15.322297061944951,-3.8665325768315597,0,0,0,0,0,SAFE
2026-07-21T13:08:14.320948,0.2610778345322251,0.22425106645881143,10.306087011444902,20.284766299361348,-2.3419133526354585,0,0,0,0,0,SAFE
2026-07-21T13:08:14.415188,0.24602514535528658,0.2256481345517214,12.230869131411112,14.042304785885033,-3.3144068027228855,0,0,0,0,0,SAFE
2026-07-21T13:08:14.506476,0.2585647964302715,0.23977703207272671,12.778252132574949,14.99374425849133,-2.301848804650831,0,0,0,0,0,SAFE
2026-07-21T13:08:14.610296,0.2729109585416444,0.22096924968745904,12.828926202820725,11.632713070533413,-2.5615347600452196,0,0,0,0,0,SAFE
2026-07-21T13:08:14.701444,0.26978081792169817,0.22972217400095007,-1.0118739523529428,6.963722049467172,-5.425834611202163,0,0,0,0,0,SAFE
2026-07-21T13:08:14.798748,0.2501442951416339,0.22133452190798272,12.830607499302886,13.678419779409404,-1.7341892952620412,0,0,0,0,0,SAFE
2026-07-21T13:08:14.898813,0.2624785014395758,0.23013267756791667,13.684522215783915,12.73463255981503,-2.7860834630404554,0,0,0,0,0,SAFE
2026-07-21T13:08:14.993420,0.265037209612705,0.23013267756791667,14.687323049336158,7.185586900199103,-3.560122381942108,0,0,0,0,0,SAFE
2026-07-21T13:08:15.088349,0.2655151085099517,0.23088703629569973,13.469682978254184,10.51532021876645,-2.8396462076138107,0,0,0,0,0,SAFE
2026-07-21T13:08:15.183438,0.2918774711484365,0.2265555861776941,14.718190747384284,11.693970326761612,-1.6352052178148426,0,0,0,0,0,SAFE
2026-07-21T13:08:15.278800,0.2649799734778634,0.22397654880492177,13.065469108565765,15.962681219083393,-1.8269369084857487,0,0,0,0,0,SAFE
2026-07-21T13:08:15.378511,0.26210964219505545,0.22466819187831216,-0.6570970953781625,7.584890712860036,-5.822063125901524,0,0,0,0,0,SAFE
2026-07-21T13:08:15.479879,0.25767315571472527,0.22466819187831216,12.985772304926684,15.847636837054823,-3.0797228517267854,0,0,0,0,0,SAFE
2026-07-21T13:08:15.572528,0.24984874578793614,0.2279510915528185,3.46486608741003,8.981597262042593,-7.092344753892972,0,0,0,0,0,SAFE
2026-07-21T13:08:15.671398,0.2675162413545226,0.22833473703480192,1.979604124358616,7.634608506310049,-7.357467973600523,0,0,0,0,0,SAFE
2026-07-21T13:08:15.773336,0.23516074086729033,0.24546176466423492,2.4034054314975037,9.784814993646368,-7.562364172919667,0,0,0,0,0,SAFE
2026-07-21T13:08:15.867074,0.2533282155864854,0.23960752222307702,18.065290955027592,21.397474377953,-1.5932653168449065,0,0,0,0,0,SAFE
2026-07-21T13:08:15.954854,0.24829630046876686,0.2284317199004123,4.618657795860486,9.001117700466414,-6.791700812804426,0,0,0,0,0,SAFE
2026-07-21T13:08:16.054869,0.25694977960801246,0.22315592663374112,14.28653806582858,20.516975080344285,-3.17408708067245,0,0,0,0,0,SAFE
2026-07-21T13:08:16.148223,0.26437829619106734,0.22972217400095007,16.677322030798848,17.190697871890528,-3.9890059090381556,0,0,0,0,0,SAFE
2026-07-21T13:08:16.250377,0.23974031571156157,0.23079715494926117,12.973681060048989,16.95427771749616,-5.163845797322551,0,0,0,0,0,SAFE
2026-07-21T13:08:16.353997,0.2278446317808477,0.225842710408196,12.111277154765133,19.393906171237337,-4.589662864553816,0,0,0,0,0,SAFE
2026-07-21T13:08:16.465538,0.22629755495459747,0.23029606510429929,11.682125743764118,20.464893801631593,-4.495670256125209,0,0,0,0,0,SAFE
2026-07-21T13:08:16.567888,0.24603569823169283,0.225842710408196,13.580836351360773,20.023052657425882,-4.1383955733422795,0,0,0,0,0,SAFE
2026-07-21T13:08:16.671828,0.25201751342985057,0.22970805494383695,12.629261299639921,18.74921938921348,-5.180513521945642,0,0,0,0,0,SAFE
2026-07-21T13:08:16.783600,0.26187529300909473,0.22970805494383695,11.629401217556477,19.01277475751073,-4.8205933825599345,0,0,0,0,0,SAFE
2026-07-21T13:08:16.887689,0.27052097869328384,0.2383505069276478,10.364799416861246,20.292082024171282,-5.681730418171696,0,0,0,0,0,SAFE
2026-07-21T13:08:16.988468,0.24934334399786023,0.2251886745555225,2.0131661456229324,6.515391136229564,-9.091725813367642,0,0,0,0,0,SAFE
2026-07-21T13:08:17.088946,0.24533625386098493,0.2251886745555225,10.164500408850074,22.570971619821027,-6.0375765382336795,0,0,0,0,0,SAFE
2026-07-21T13:08:17.195415,0.2605893513034008,0.22247260665689716,1.5852135102405782,10.378084449462449,-9.90528057682689,0,0,0,0,0,SAFE
2026-07-21T13:08:17.292812,0.266483188980199,0.22581622281709757,13.092074065127036,19.92960293793309,-3.802653692320831,0,0,0,0,0,SAFE
2026-07-21T13:08:17.390967,0.26693888209479605,0.22970805494383695,16.011507566919278,17.988483312751278,-4.031278983292623,0,0,0,0,0,SAFE
2026-07-21T13:08:17.490961,0.24715783896427224,0.225842710408196,14.840819657194345,18.54968677099899,-4.189634376467609,0,0,0,0,0,SAFE
2026-07-21T13:08:17.597288,0.27009459614231834,0.2397470176636875,16.913704885506093,11.4876543618058,-5.216357268298566,0,0,0,0,0,SAFE
2026-07-21T13:08:17.708731,0.27224029379295367,0.24896657893703994,17.15993783953857,13.546404251499336,-4.8285682751614445,0,0,0,0,0,SAFE
2026-07-21T13:08:17.818837,0.25863328752772796,0.22674896767046734,16.30833630580247,14.749078446118906,-5.0918361972387345,0,0,0,0,0,SAFE
2026-07-21T13:08:17.933215,0.2977516484880057,0.22103346732932147,17.18851837653989,13.816450215406835,-4.35011745087462,0,0,0,0,0,SAFE
2026-07-21T13:08:18.043427,0.28173645762534655,0.2242902638301083,15.095808260190381,16.649955254647974,-4.449601716134907,0,0,0,0,0,SAFE
2026-07-21T13:08:18.150581,0.2707447542783905,0.21989155285652512,15.1824058247864,17.028517871566724,-4.390062334828912,0,0,0,0,0,SAFE
2026-07-21T13:08:18.259897,0.27935547239018543,0.22970805494383695,15.58066250664092,13.899419514064215,-5.297236040072704,0,0,0,0,0,SAFE
2026-07-21T13:08:18.361520,0.26285399539860926,0.22674896767046734,15.94462093956767,13.59940705842607,-5.153128364600377,0,0,0,0,0,SAFE
2026-07-21T13:08:18.487979,0.2632821634512257,0.22970805494383695,15.353881580141888,15.374197351253402,-4.801515850431599,0,0,0,0,0,SAFE
2026-07-21T13:08:18.608786,0.28657790839216335,0.23048573037869893,15.214651372299329,17.198115941354793,-4.631962074730865,0,0,0,0,0,SAFE
2026-07-21T13:08:18.716416,0.2787582155630809,0.23430313524081034,14.884683104027175,18.609638184187478,-4.930508419808405,0,0,0,0,0,SAFE
2026-07-21T13:08:18.826501,0.2726665867839681,0.2242902638301083,14.041836663139179,18.353959157446724,-5.345229549864314,0,0,0,0,0,SAFE
2026-07-21T13:08:18.929612,0.26929203419328207,0.22587697572631282,14.304995568123672,18.817592063661632,-5.102298829677693,0,0,0,0,0,SAFE
2026-07-21T13:08:19.025879,0.2790578064208865,0.21718612138153467,13.733619729757407,19.212028256377376,-5.227558465460959,0,0,0,0,0,SAFE
2026-07-21T13:08:19.129573,0.29144179794652225,0.21989155285652512,15.118439001521324,18.39829679898186,-5.098715508088617,0,0,0,0,0,SAFE
2026-07-21T13:08:19.230716,0.27764434541786265,0.22979497032326843,15.313799567674522,18.737326992121993,-4.794567742566301,0,0,0,0,0,SAFE
2026-07-21T13:08:19.331911,0.2810315415293947,0.2336775414313635,13.941031281185332,19.49883041403128,-4.850705043185627,0,0,0,0,0,SAFE
2026-07-21T13:08:19.435422,0.29732061129464243,0.22587697572631282,15.884184638671996,19.572919236011938,-4.389580098423039,0,0,0,0,0,SAFE
2026-07-21T13:08:19.533011,0.2782654462641241,0.21718612138153467,15.93951763218223,20.016566004597106,-4.180981063590565,0,0,0,0,0,SAFE
2026-07-21T13:08:19.632119,0.29167906786373443,0.2311976086570209,15.616822627747496,20.424779578352354,-4.504930922519662,0,0,0,0,0,SAFE
2026-07-21T13:08:19.736874,0.27303492166658383,0.22970805494383695,15.69718362712075,20.312209641903014,-4.510794581372693,0,0,0,0,0,SAFE
2026-07-21T13:08:19.836542,0.2911319429609076,0.22488769823126625,15.746847174907685,20.30466307517782,-4.7801488534798295,0,0,0,0,0,SAFE
2026-07-21T13:08:19.931202,0.26593902698624466,0.2242902638301083,14.63371958347804,20.853168391681614,-4.9424924215280726,0,0,0,0,0,SAFE
2026-07-21T13:08:20.037866,0.2877216838390952,0.239174278707462,2.3807008286461553,8.747477078560983,-9.141080282006017,0,0,0,0,0,SAFE
2026-07-21T13:08:20.138427,0.28129049882865476,0.23439178927563042,14.43764784620447,19.393341721325758,-5.158963522753396,0,0,0,0,0,SAFE
2026-07-21T13:08:20.231544,0.28590141437782823,0.2288666434880528,13.504426516018384,21.72569000128898,-4.624636150334709,0,0,0,0,0,SAFE
2026-07-21T13:08:20.335151,0.28586291783250817,0.2288666434880528,14.374437498895361,21.53642347107345,-4.632477436986818,0,0,0,0,0,SAFE
2026-07-21T13:08:20.440435,0.28929825337557735,0.2288666434880528,1.9191595086628865,9.568003195220102,-8.884180640781265,0,0,0,0,0,SAFE
2026-07-21T13:08:20.543495,0.28736178320077466,0.23430313524081034,15.056235701372685,19.571997952581118,-4.763703878125881,0,0,0,0,0,SAFE
2026-07-21T13:08:20.652480,0.26763729381243645,0.22970805494383695,15.495272107408908,18.23353324584963,-5.005848238123093,0,0,0,0,0,SAFE
2026-07-21T13:08:20.753023,0.2928130598897817,0.22970805494383695,15.258484837100355,18.312281519001303,-5.298200165281912,0,0,0,0,0,SAFE
2026-07-21T13:08:20.862939,0.2654086626514537,0.24440466068633246,14.646209359624777,20.1465546937497,-5.08120369739396,0,0,0,0,0,SAFE
2026-07-21T13:08:20.959881,0.26249488385408737,0.2351038784694961,15.44496455542668,20.93120638288406,-4.937702051407371,0,0,0,0,0,SAFE
2026-07-21T13:08:21.069936,0.2897121652523261,0.2242902638301083,15.556095250491211,22.529722500025635,-4.164646128224376,0,0,0,0,0,SAFE
2026-07-21T13:08:21.170363,0.2858797498482528,0.2288666434880528,3.329123328418518,11.613021662152468,-8.918456890027405,0,0,0,0,0,SAFE
2026-07-21T13:08:21.269877,0.3158651617772479,0.2295015036354668,16.561041327141908,23.243377203425187,-3.898723474753268,0,0,0,0,0,SAFE
2026-07-21T13:08:21.372938,0.3102758728641899,0.22488769823126625,14.996775597388563,24.21058682629644,-3.6260090865008863,0,0,0,0,0,SAFE
2026-07-21T13:09:25.636090,0.1592163565378021,0.22099530244034674,0.48979247410059656,-6.8651320459661145,-1.4710858590545475,0,0,0,0,0,SAFE
2026-07-21T13:09:25.833468,0.23523614512806906,0.22103346732932147,11.430857248104985,-8.125618231479063,7.7308124475646025,0,0,0,0,0,SAFE
2026-07-21T13:09:25.958278,0.2211729853526011,0.2297599104015781,10.050899067685805,-19.244610103034617,7.6595343955605415,0,0,0,0,0,SAFE
2026-07-21T13:09:26.071277,0.2463419329000338,0.23123193571063133,12.553611843083445,-13.123708112511938,8.178548547984462,0,0,0,0,0,SAFE
2026-07-21T13:09:26.163132,0.23352237939860976,0.2253921927812524,8.157166308067673,-18.540093832885443,7.785719716862133,0,0,0,0,0,SAFE
2026-07-21T13:09:26.444224,0.27921846902504344,0.22807017543859648,13.195993510478587,16.59003753609966,3.0246001996075336,0,0,0,0,0,SAFE
2026-07-21T13:09:26.542830,0.28989679719636996,0.22552987298458999,10.541869889974947,20.676925680262485,1.4969058848302836,0,0,0,0,0,SAFE
2026-07-21T13:09:26.643001,0.28520750331722045,0.21983181367877785,9.642696158638614,21.71375408242888,0.8520156732299995,0,0,0,0,0,SAFE
2026-07-21T13:09:26.739610,0.31243499801469754,0.23473022315031464,10.318283802245048,21.50127611841841,-0.1830759110356155,0,0,0,0,0,SAFE
2026-07-21T13:09:26.837319,0.30239939586727527,0.2245346307717373,9.978039993390354,22.888274830310472,0.3819970156075385,0,0,0,0,0,SAFE
2026-07-21T13:09:26.929945,0.2738510556575605,0.2296635634057943,8.927227405085972,25.596981888966518,-0.7672069106928348,0,0,0,0,0,SAFE
2026-07-21T13:09:27.024047,0.24197301413563216,0.2304886114323222,-2.3143876322934602,14.556710217883085,-6.659991255951738,0,0,0,0,0,SAFE
2026-07-21T13:09:27.119243,0.26645297534274726,0.22360679774997896,-2.1860300176997214,14.62982336194022,-7.276565303273465,0,0,0,0,0,SAFE
2026-07-21T13:09:27.220271,0.2640432858635654,0.22466819187831216,7.271262861089895,25.75005236044484,-3.3557391724280308,0,0,0,0,0,SAFE
2026-07-21T13:09:27.326391,0.25427943458094204,0.23554833473171372,6.503515815137405,26.90146041756976,-3.233649845691332,0,0,0,0,0,SAFE
2026-07-21T13:09:27.433800,0.2720705919993136,0.22488769823126625,7.178940588032759,27.941888239756278,-2.9479787511110374,0,0,0,0,0,SAFE
2026-07-21T13:09:27.534191,0.26868832125838304,0.22374438783442713,8.505997765561006,26.39778263228754,-2.704260604560119,0,0,0,0,0,SAFE
2026-07-21T13:09:27.631783,0.27745872831742746,0.23436254775934362,6.308472638648311,23.344473745834172,-2.9268166687506323,0,0,0,0,0,SAFE
2026-07-21T13:09:27.728088,0.2966326301193175,0.22425106645881143,7.088211666673828,24.406316735539946,-2.976737004440764,0,0,0,0,0,SAFE
2026-07-21T13:09:27.837874,0.28038044058804695,0.22887332084456283,6.1957436533584485,22.789831797797525,-3.0762510356359485,0,0,0,0,0,SAFE
2026-07-21T13:09:27.937968,0.28907297057109926,0.21978169425613853,7.441253572239759,22.569548360227778,-2.9084643082247226,0,0,0,0,0,SAFE
2026-07-21T13:09:28.031042,0.28594991283068444,0.23004283955210839,6.63476729847099,23.562623138344534,-2.3500328520023857,0,0,0,0,0,SAFE
2026-07-21T13:09:28.119465,0.2797884976490737,0.22887332084456283,6.733770902540499,22.74468440083337,-2.8781060457908154,0,0,0,0,0,SAFE
2026-07-21T13:09:28.213611,0.2764119533078328,0.21853616859165065,-3.619087109228019,14.272230883562788,-7.002590162559678,0,0,0,0,0,SAFE
2026-07-21T13:09:28.311210,0.2676998577186255,0.23004283955210839,6.051314199521357,24.680313549428146,-3.039124275355448,0,0,0,0,0,SAFE
2026-07-21T13:09:28.408819,0.25524440879370336,0.21414335945963753,4.48706936716593,21.880875360962975,-3.8199480232961776,0,0,0,0,0,SAFE
2026-07-21T13:09:28.500415,0.26978857794445943,0.22425106645881143,5.707509313155754,23.86868956378457,-3.447485209590866,0,0,0,0,0,SAFE
2026-07-21T13:09:28.592751,0.2565869803263834,0.2198108998279392,5.659455753220129,22.950292087458077,-3.4839320177509308,0,0,0,0,0,SAFE
2026-07-21T13:09:28.687341,0.2576300856044651,0.23004283955210839,6.557193256825769,23.04264157962476,-3.5564859001567015,0,0,0,0,0,SAFE
2026-07-21T13:09:28.786955,0.286345171650333,0.22539696593037428,4.912115421126742,23.56095966836902,-3.195810663003641,0,0,0,0,0,SAFE
2026-07-21T13:09:28.950135,0.25941594925160577,0.22539696593037428,4.856008207203502,22.661377520351135,-3.214539076149606,0,0,0,0,0,SAFE
2026-07-21T13:09:29.054599,0.24652379066210683,0.2304886114323222,7.656818311927168,23.173796897701017,-2.7518434881311293,0,0,0,0,0,SAFE
2026-07-21T13:09:29.162760,0.26135096760421617,0.2279510915528185,-4.693382424503767,11.388432847173524,-7.6435356410666815,0,0,0,0,0,SAFE
2026-07-21T13:09:29.259031,0.273880268837387,0.22931682645752738,-4.676324252126989,11.501406984007621,-7.781169028679474,0,0,0,0,0,SAFE
2026-07-21T13:09:29.364738,0.2609843056011773,0.22887332084456283,5.961301178126405,22.612057358505844,-3.702944018761997,0,0,0,0,0,SAFE
2026-07-21T13:09:29.459804,0.2757808153710075,0.24040344797805396,4.861362818511623,22.537907208332886,-4.430824631295678,0,0,0,0,0,SAFE
2026-07-21T13:09:29.562274,0.26657726084289546,0.2242902638301083,4.930478242893514,25.3780515508073,-4.328699430827498,0,0,0,0,0,SAFE
2026-07-21T13:09:29.661853,0.24598949358953381,0.23941980065761534,4.7751600709483455,25.1678767724644,-4.938373559369637,0,0,0,0,0,SAFE
2026-07-21T13:09:29.759324,0.270652043804169,0.22385566460246265,-4.581254589306724,13.33626868893883,-9.21101736459189,0,0,0,0,0,SAFE
2026-07-21T13:09:29.864617,0.2764415360761774,0.24003405654927845,-4.219933864496994,13.405740251797665,-9.156213412093221,0,0,0,0,0,SAFE
2026-07-21T13:09:30.074346,0.27272495799904073,0.23430701500990272,-3.7201272417951543,13.551847986059549,-8.385827274620697,0,0,0,0,0,SAFE
2026-07-21T13:09:30.184348,0.25792332049041566,0.22887332084456283,-4.699618894461707,13.926565321890621,-8.31821462382834,0,0,0,0,0,SAFE
2026-07-21T13:09:30.289870,0.26136807665582173,0.22374438783442713,5.791084942655004,21.4402218273736,-4.054274665077003,0,0,0,0,0,SAFE
2026-07-21T13:09:30.408172,0.2637740645236391,0.23554833473171372,5.5952572716746545,21.692525640114273,-3.8548322789302745,0,0,0,0,0,SAFE
2026-07-21T13:09:30.506763,0.26176598805134166,0.23079715494926117,4.2360148541276885,18.202273675922054,-3.9795800375410977,0,0,0,0,0,SAFE
2026-07-21T13:09:30.634745,0.23218998507002453,0.21594594939758532,-9.715582015975627,1.999117382851631,-6.703486213658697,0,0,0,0,0,SAFE
2026-07-21T13:09:30.730715,0.23042725248949425,0.23501613076897448,-8.565944557185276,1.5398541036590718,-4.8253064667815835,0,0,0,0,0,SAFE
2026-07-21T13:09:30.823204,0.21265812772384582,0.23017184516295278,-8.358682653678585,2.5553579591201774,-3.8759032000903373,0,0,0,0,0,SAFE
2026-07-21T13:09:30.919266,0.19674700623428815,0.22020369237759152,-6.668990182595962,1.0928944563681195,-3.5273376669655776,0,0,0,0,0,SAFE
2026-07-21T13:09:31.016910,0.24140551212760372,0.22020369237759152,-6.695866702946432,-1.270394354999667,-2.6497777145198618,0,0,0,0,0,SAFE
2026-07-21T13:09:31.108119,0.22957067199696446,0.23969751143924486,-7.677710756987295,-2.7177722971401272,-2.67359717074645,0,0,0,0,0,SAFE
2026-07-21T13:09:31.208225,0.21966928507946037,0.22499423690175743,-7.3692980577559695,-2.1532319409986864,-2.7314548993641514,0,0,0,0,0,SAFE
2026-07-21T13:09:31.308382,0.21685284255646628,0.22921565646074582,-4.694109595622706,-2.496684591906766,-2.460572120114562,0,0,0,0,0,SAFE
2026-07-21T13:09:31.396476,0.21331116171493722,0.22921565646074582,5.359379559178933,-1.6913355326575195,-3.17714482085168,0,0,0,0,0,SAFE
2026-07-21T13:09:31.488078,0.20416163563220424,0.2345304000897878,-4.108547773794214,-0.8404003707005478,-2.7402954254633585,0,0,0,0,0,SAFE
2026-07-21T13:09:31.583594,0.21220253683001705,0.2403198340221448,6.704288018503576,-0.9926952837703015,-2.8256702380827505,0,0,0,0,0,SAFE
2026-07-21T13:09:31.676102,0.2114961947968197,0.22830383594988932,3.8125271129430303,4.834436337975112,-1.7328725695536207,0,0,0,0,0,SAFE
2026-07-21T13:09:31.765717,0.2482742424696984,0.2220070246127011,-4.593287724935635,-6.847111649609836,-0.9327935111497205,0,0,0,0,0,SAFE
2026-07-21T13:09:31.858747,0.242172928716044,0.2234551827719301,3.316733442415938,-8.065724675310758,-2.226323974195367,0,0,0,0,0,SAFE
2026-07-21T13:09:31.951710,0.24012307200545632,0.23398959639633435,3.935448735527501,-16.531716205745802,-2.0396787319468217,0,0,0,0,0,SAFE
2026-07-21T13:09:32.044788,0.25106613867294514,0.22826086956521738,3.8953823907471303,-19.43418009007712,-1.9556931554212156,0,0,0,0,0,SAFE
2026-07-21T13:09:32.138507,0.2561784107155296,0.22911695050019235,3.8557376937147865,-17.840291482015125,-2.4935272249091724,0,0,0,0,0,SAFE
2026-07-21T13:09:32.238971,0.2527010114057038,0.2222222222222222,-0.27212830802909593,-8.716246254542204,0.3306971629704035,0,0,0,0,0,SAFE
2026-07-21T13:09:32.336026,0.27017793345903973,0.24003520404209636,3.856488395760209,-12.977048870687273,-0.9208280495212193,0,0,0,0,0,SAFE
2026-07-21T13:09:32.441684,0.2576816809041045,0.227235170843937,4.901672858417697,-13.537222840725395,-1.7305499899996164,0,0,0,0,0,SAFE
2026-07-21T13:09:32.539092,0.2295031573257853,0.23210585341947826,4.775206715989071,-18.034825540576,-2.4980761470587822,0,0,0,0,0,SAFE
2026-07-21T13:09:32.632295,0.2380213066233095,0.24088455151614643,6.620106524393719,-19.17127221255087,-3.1711093732492373,0,0,0,0,0,SAFE
2026-07-21T13:09:32.733766,0.22306144134826716,0.23638914316581422,8.49281027306941,-5.0349616669538895,-0.9177871254109107,0,0,0,0,0,SAFE
2026-07-21T13:09:32.827861,0.2392687917566914,0.2326072590656971,11.656459193471761,-7.677762295428625,-1.6389661337148311,0,0,0,0,0,SAFE
2026-07-21T13:09:32.924191,0.23874423041218173,0.24120461411230354,8.689086699037489,-2.084467757672632,-0.15219261229773906,0,0,0,0,0,SAFE
2026-07-21T13:09:33.017864,0.23546563815854984,0.2280350850198276,9.443872650684739,-3.88025114220836,-1.6461368609447788,0,0,0,0,0,SAFE
2026-07-21T13:09:33.111201,0.2360692536086107,0.2362075176964294,9.100557554444691,-5.461553927912157,-2.7537234278552205,0,0,0,0,0,SAFE
2026-07-21T13:09:33.206167,0.22559406493466733,0.22427032086347945,10.946111893967014,-2.2150774132853424,-1.4872342140924673,0,0,0,0,0,SAFE
2026-07-21T13:09:33.307999,0.24307992695780145,0.22883900100019258,11.465824255597198,1.1392941888203172,-1.0251983973750214,0,0,0,0,0,SAFE
2026-07-21T13:09:33.407878,0.2414469498188668,0.2333524911536964,9.795724047894822,-1.4201665643091002,-1.528384021941548,0,0,0,0,0,SAFE
2026-07-21T13:09:33.494962,0.24312390962508718,0.22809843577569752,10.11017234751614,-2.563572547773224,-1.3657133105481023,0,0,0,0,0,SAFE
2026-07-21T13:09:33.595150,0.2337016909264672,0.22809843577569752,10.11953009180678,-0.3006051450580862,-1.3784015127820908,0,0,0,0,0,SAFE
2026-07-21T13:09:33.685704,0.25367402783522836,0.22820368769352323,10.730343779427983,1.4456833548767072,-0.9567755482336224,0,0,0,0,0,SAFE
2026-07-21T13:09:33.781812,0.24436043350750036,0.22820368769352323,9.800963492200538,2.761520604400002,-0.6679189548384841,0,0,0,0,0,SAFE
2026-07-21T13:09:33.878910,0.25367402783522836,0.22792333907700157,10.340632073752232,0.17714398292115505,-1.3156421602683395,0,0,0,0,0,SAFE
2026-07-21T13:09:33.970714,0.245502149078822,0.23685873350429346,10.450179971204193,-0.46459885391501543,-1.313974764706586,0,0,0,0,0,SAFE
2026-07-21T13:09:34.066724,0.24160432293536677,0.22883900100019258,10.565571829556546,-0.0311091152310216,-1.4285873921328118,0,0,0,0,0,SAFE
2026-07-21T13:09:34.165302,0.23936971276549107,0.2327798548148034,11.120762609676348,1.4066670003097945,-1.1659810662311543,0,0,0,0,0,SAFE
2026-07-21T13:09:34.262417,0.23890442060828465,0.2327798548148034,10.416535469169958,-3.2705493580276905,-2.1467664163739357,0,0,0,0,0,SAFE
2026-07-21T13:09:34.363710,0.24312390962508718,0.22809843577569752,10.593675047623748,-0.3574707321761516,-1.4857952134833,0,0,0,0,0,SAFE
2026-07-21T13:09:34.462255,0.26553896446514347,0.2286032650965165,10.291000889231924,-0.22510151223123198,-1.6550979628475204,0,0,0,0,0,SAFE
2026-07-21T13:09:34.560239,0.2449677707226463,0.22809843577569752,10.728808437773694,2.871820520760843,-1.0972133936320745,0,0,0,0,0,SAFE
2026-07-21T13:09:34.653212,0.25668456775445603,0.22809843577569752,9.37681315768404,-0.2522293350475745,-1.768730215701396,0,0,0,0,0,SAFE
2026-07-21T13:09:34.748323,0.22840666699844553,0.2415030054886715,8.819231396186296,1.353468770046432,-1.2918867158129785,0,0,0,0,0,SAFE
2026-07-21T13:09:34.843779,0.24402555132364728,0.22883900100019258,9.4394548014279,-1.317518190454177,-1.8651206050538747,0,0,0,0,0,SAFE
2026-07-21T13:09:34.937259,0.2551592029467452,0.22867501745996474,10.5046136452668,1.8085543939869984,-1.6161605949922944,0,0,0,0,0,SAFE
2026-07-21T13:09:35.036779,0.2568196576686075,0.23760805798196352,10.318692559394663,-2.6188242965727215,-2.366983531518173,0,0,0,0,0,SAFE
2026-07-21T13:09:35.142233,0.23517166484879976,0.22883900100019258,-1.2441950984091648,-0.7409999944441422,-2.014004681495384,0,0,0,0,0,SAFE
2026-07-21T13:09:35.240350,0.2335940258018646,0.24543671760124072,-1.6220013716502706,-0.6193346287832624,-2.32031969011568,0,0,0,0,0,SAFE
2026-07-21T13:09:35.335229,0.2326182636929937,0.22417041574862664,10.645677794717642,-0.1645022588701599,-2.045866492924006,0,0,0,0,0,SAFE
2026-07-21T13:09:35.431278,0.25140118698060493,0.23716273588058093,-1.276383696755687,-0.24680542438370356,-2.3647113239059996,0,0,0,0,0,SAFE
2026-07-21T13:09:35.529878,0.2204885146897641,0.2332576791728659,11.26381660871067,1.711263894684686,-1.9984294018468916,0,0,0,0,0,SAFE
2026-07-21T13:09:35.618148,0.23363886872196837,0.2286032650965165,-1.60027904534536,1.000076975433407,-2.3411616880733583,0,0,0,0,0,SAFE
2026-07-21T13:09:35.720777,0.23993273425704556,0.22809843577569752,10.37060700645631,5.326941757067064,-1.4557331014987085,0,0,0,0,0,SAFE
2026-07-21T13:09:35.819902,0.21550218472160487,0.23216647881498811,-1.3380162080505897,2.02421806193282,-2.5989089233278277,0,0,0,0,0,SAFE
2026-07-21T13:09:35.918031,0.21626043827447078,0.23668314459746218,-1.2262475197244669,-0.4424755351331711,-2.1353010754852733,0,0,0,0,0,SAFE
2026-07-21T13:09:36.016152,0.22198754932590856,0.22809843577569752,-1.7672959725910005,-1.1786175177606788,-2.1065032841376077,0,0,0,0,0,SAFE
2026-07-21T13:09:36.114762,0.20794009002607167,0.22792333907700157,-1.4244785977504364,-1.4249613348659318,-2.1367667214855564,0,0,0,0,0,SAFE
2026-07-21T13:09:36.212881,0.19587303965088199,0.2366769120807801,-1.6396846639002547,-1.2394195942921742,-1.9467919122084496,0,0,0,0,0,SAFE
2026-07-21T13:09:36.308483,0.2200305570032025,0.2366769120807801,10.485977730013019,-3.413400227321733,-2.7230920507571454,0,0,0,0,0,SAFE
2026-07-21T13:09:36.408290,0.2023079002504165,0.22400420350975234,9.238712104393386,1.9722404516871825,-1.941050745175545,0,0,0,0,0,SAFE
2026-07-21T13:09:36.503811,0.21975373954767352,0.23310915234695823,8.612103129138262,-1.712848094705831,-2.2440911081544073,0,0,0,0,0,SAFE
2026-07-21T13:09:36.595264,0.22799942727493328,0.22883900100019258,9.837591715523956,-4.646526264341035,-2.7858116375846578,0,0,0,0,0,SAFE
2026-07-21T13:09:36.692777,0.2348359342776325,0.22809843577569752,9.758197558711316,0.7140767477288851,-2.115742250546276,0,0,0,0,0,SAFE
2026-07-21T13:09:36.782372,0.23860748412537308,0.2326072590656971,10.348306838854825,1.181400829321167,-1.8046106531393207,0,0,0,0,0,SAFE
2026-07-21T13:09:36.882992,0.2445801961610014,0.2326072590656971,10.345385728540634,-2.481482874934886,-2.530673849824524,0,0,0,0,0,SAFE
2026-07-21T13:09:36.978435,0.2415251741016006,0.22449997144228487,10.01596242111654,-6.671866530456284,-2.7896815032785582,0,0,0,0,0,SAFE
2026-07-21T13:09:37.069281,0.2573364018814163,0.23718758639283766,9.158482794512821,-3.2784310251872655,-2.5565052194940563,0,0,0,0,0,SAFE
2026-07-21T13:09:37.164387,0.25233812390813215,0.22809843577569752,9.520065686519075,-6.8286939205938895,-2.738761321127498,0,0,0,0,0,SAFE
2026-07-21T13:09:37.258957,0.2612081399869788,0.22360679774997896,9.624956943594242,7.029816118945434,-0.7146203438971384,0,0,0,0,0,SAFE
2026-07-21T13:09:37.355052,0.26604282642843136,0.22842778087237706,9.650024196931355,3.8970093531972965,-1.1712389107849503,0,0,0,0,0,SAFE
2026-07-21T13:09:37.458209,0.25561285398401923,0.22809843577569752,8.727918030599199,-1.3418055958166375,-1.9254323541436236,0,0,0,0,0,SAFE
2026-07-21T13:09:37.548247,0.26326861863547796,0.21933863645596252,9.097948825799278,-7.086755645037215,-2.749397541935622,0,0,0,0,0,SAFE
2026-07-21T13:09:37.646445,0.24367110994997185,0.22809843577569752,9.671113415278683,-1.0060987876440608,-2.1672984577747627,0,0,0,0,0,SAFE
2026-07-21T13:09:37.750060,0.25518759040743577,0.2445934605898949,10.740037958306914,10.670798333421995,-0.1441726643163861,0,0,0,0,0,SAFE
2026-07-21T13:09:37.849975,0.2146714343435282,0.22625405940151216,6.411556670281811,32.51144679644655,2.700170219340123,0,0,0,0,0,SAFE
2026-07-21T13:09:37.942463,0.3113785674402788,0.24525814600899115,-8.091494934010456,35.08194456465676,-4.124584568192086,0,0,0,0,0,SAFE
2026-07-21T13:09:38.033747,0.41543889625427033,0.21718612138153467,-8.501085999809334,38.07995801675355,-3.923909351136899,0,0,0,0,0,SAFE
2026-07-21T13:09:38.126703,0.32445766414953925,0.22258185668834118,-5.00018705638135,38.37630931648212,-1.8868340923539606,0,0,0,0,0,SAFE
2026-07-21T13:09:38.222331,0.3368283594088881,0.23344483585674505,-5.14497372645684,39.75737369693332,-2.8150674294759614,0,0,0,0,0,SAFE
2026-07-21T13:09:38.321939,0.30023325645451293,0.21339610425336597,-6.435091943211944,37.57254315147667,-2.6198665450138536,0,0,0,0,0,SAFE
2026-07-21T13:09:38.421409,0.2894290218576586,0.20977809541291126,-7.329447722314967,39.39426016980822,-2.970467094661007,0,0,0,0,0,SAFE
2026-07-21T13:09:38.516233,0.3185398138631907,0.21972494021368638,-7.068654679515419,38.683102626798714,-2.2813733303792265,0,0,0,0,0,SAFE
2026-07-21T13:09:38.629411,0.3310286506116955,0.21035158095583562,-7.384503566963673,40.040807216094954,-3.58736066146758,0,0,0,0,0,SAFE
2026-07-21T13:09:38.722502,0.33984206596601196,0.23007181071442478,-7.540678049795076,40.169289621723905,-3.279735906867158,0,0,0,0,0,SAFE
2026-07-21T13:09:38.821605,0.34024337613165384,0.21478396469646724,-6.90174979281889,41.32501850168918,-3.8902948072384773,0,0,0,0,0,SAFE
2026-07-21T13:09:38.911214,0.32549148933101774,0.2088915286260008,-7.676668380844376,41.13496957008328,-4.479569539209946,0,0,0,0,0,SAFE
2026-07-21T13:09:39.003998,0.3426253284476207,0.22329193813520645,-8.897838817164569,41.5178409052441,-5.669589574138637,0,0,0,0,0,SAFE
2026-07-21T13:09:39.100742,0.3809103558486696,0.2237667608370159,-8.82627015732561,43.24167204931283,-5.440930141371234,0,0,0,0,0,SAFE
2026-07-21T13:09:39.200815,0.35195034791727714,0.21943211938604806,-8.753649038816604,43.14847685114658,-5.171197783799899,0,0,0,0,0,SAFE
2026-07-21T13:09:39.299751,0.3253444704396264,0.22683733724631738,-8.43712372982364,41.92751960577129,-4.405200487880586,0,0,0,0,0,SAFE
2026-07-21T13:09:39.396361,0.31106043502136865,0.24123450992567658,-5.394224444976942,40.77889870292064,-2.29906468161111,0,0,0,0,0,SAFE
2026-07-21T13:09:39.495817,0.3266683990663988,0.21655302688735395,-6.259742463437362,39.33669294979126,-3.0148515756372367,0,0,0,0,0,SAFE
2026-07-21T13:09:39.596726,0.33342948228832303,0.22841324886207653,-6.4607791697301025,40.64273826463375,-3.630834787295565,0,0,0,0,0,SAFE
2026-07-21T13:09:39.689348,0.3375656679701434,0.22939880057042586,-6.363038815025817,40.52552186835544,-4.398503898437178,0,0,0,0,0,SAFE
2026-07-21T13:09:39.778357,0.3222719911708404,0.2228636934776666,-7.401124126454306,40.16587836676161,-4.023909011624294,0,0,0,0,0,SAFE
2026-07-21T13:09:39.873278,0.3063024601172993,0.22132267338425382,-7.091122766421307,40.17993412208746,-3.4488266767306808,0,0,0,0,0,SAFE
2026-07-21T13:09:39.966823,0.327297294578034,0.20751873262489798,-7.903717183872288,41.318680869833116,-4.295685100225615,0,0,0,0,0,SAFE
2026-07-21T13:09:40.061519,0.33196505053111636,0.20761369963434992,-7.826489707483546,41.6263215093022,-4.948903343186156,0,0,0,0,0,SAFE
2026-07-21T13:09:40.162736,0.35857833250896276,0.227395923779871,-7.614018769990821,41.20208650384624,-5.202585660536143,0,0,0,0,0,SAFE
2026-07-21T13:09:40.259340,0.3505014074260175,0.21099892877738854,-8.180943011143313,39.2794140103986,-3.7757721112647795,0,0,0,0,0,SAFE
2026-07-21T13:09:40.354371,0.26285749404459363,0.22283592740131986,4.581264173341907,48.97219210111969,7.963464239403379,0,0,0,0,0,SAFE
2026-07-21T13:09:40.456834,0.2640288064111653,0.2245346307717373,-3.956110435854697,24.492515680251522,-4.07027587079884,0,0,0,0,0,SAFE
2026-07-21T13:09:40.552937,0.2679997529283452,0.24069947207827233,7.420912009747411,23.32254465829786,2.5676318409295504,0,0,0,0,0,SAFE
2026-07-21T13:09:40.644613,0.2790748762633696,0.23150786252513952,-2.583769192507674,14.215740877740284,-2.3133095217827133,0,0,0,0,0,SAFE
2026-07-21T13:09:40.745777,0.27899042487645775,0.23079881831307533,-4.62843132817801,14.956089750658144,-2.4989294546139424,0,0,0,0,0,SAFE
2026-07-21T13:09:40.847120,0.271702316644473,0.23161718264627087,4.829165296082579,20.005452437560514,0.3593041762118787,0,0,0,0,0,SAFE
2026-07-21T13:09:40.934351,0.24739028644678038,0.23959484855086927,-3.407765846442004,0.4981384236245823,-3.048825390718997,0,0,0,0,0,SAFE
2026-07-21T13:09:41.036263,0.2341307055660326,0.2265555861776941,-2.9558802621444045,0.9749033379503613,-2.644357901248682,0,0,0,0,0,SAFE
2026-07-21T13:09:41.134230,0.19487519297084943,0.23088703629569973,9.912173439166622,-1.7732372914244212,-2.176614734144181,0,0,0,0,0,SAFE
2026-07-21T13:09:41.232631,0.2263714219308408,0.2296635634057943,-4.685408853080901,-5.8935012192461524,-1.428240845360349,0,0,0,0,0,SAFE
2026-07-21T13:09:41.321878,0.22789237737076776,0.22880765104443207,-2.750005849620379,-5.211722616653027,-2.066096821570436,0,0,0,0,0,SAFE
2026-07-21T13:09:41.412515,0.22418253779166014,0.2270295497340427,-2.8011884132193643,-5.730230378432877,-1.5906669537316174,0,0,0,0,0,SAFE
2026-07-21T13:09:41.507109,0.21454854293259717,0.23228402123939385,-3.1068998042179885,-7.011325355326239,-1.7966123192444812,0,0,0,0,0,SAFE
2026-07-21T13:09:41.606421,0.23013315400761966,0.23836686442360566,-4.7333069618482,-3.364436182706119,-2.355540221040582,0,0,0,0,0,SAFE
2026-07-21T13:09:41.698378,0.2341465005363514,0.23228402123939385,-4.757730422360794,-5.377879780176194,-2.13695034491033,0,0,0,0,0,SAFE
2026-07-21T13:09:41.790550,0.23086018357829285,0.23836686442360566,-5.510034794476809,-6.01231373685432,-1.9188669780823713,0,0,0,0,0,SAFE
2026-07-21T13:09:41.880705,0.2473175316189341,0.21720145162552504,4.993267521618861,-9.81558685714397,-2.999634875834687,0,0,0,0,0,SAFE
2026-07-21T13:09:41.984712,0.25756485470961565,0.22283592740131986,5.11813261254531,-11.602210077792858,-3.2646053789414964,0,0,0,0,0,SAFE
2026-07-21T13:09:42.083854,0.21457884800209998,0.2442125490830781,-5.662621376873858,2.6731620898747726,-2.2285999758806767,0,0,0,0,0,SAFE
2026-07-21T13:09:42.183742,0.1456664967608267,0.23249527748763854,-5.586493419984038,18.889397232780876,-3.7822034229144355,0,0,0,0,0,SAFE
2026-07-21T13:09:42.280373,0.21259565037910838,0.24355142022606588,0.702850565570202,42.27088943439403,4.425375065145261,0,0,0,0,0,SAFE
2026-07-21T13:09:42.379924,0.3035165898218254,0.23602007154300292,-11.938067600365116,39.26790474611818,-2.7072165354539357,0,0,0,0,0,SAFE
2026-07-21T13:09:42.477709,0.357140195081674,0.2092424034933864,-13.308673403678,42.5536078579396,-4.009512036875423,0,0,0,0,0,SAFE
2026-07-21T13:09:42.577518,0.37353926263765447,0.22568905807670636,-13.495614023735271,42.594879375359504,-4.374775402260184,0,0,0,0,0,SAFE
2026-07-21T13:09:42.673758,0.38826998846617145,0.21622829478943492,-15.35630514634289,43.51389109795359,-5.73032634603064,0,0,0,0,0,SAFE
2026-07-21T13:09:42.773561,0.35076328321281697,0.23345519933008715,-15.725234667485921,43.658499750176425,-5.238162889442622,0,0,0,0,0,SAFE
2026-07-21T13:09:42.880778,0.37061615401962467,0.2413831159885448,-16.041461614819497,41.861051046654666,-4.381960599461411,0,0,0,0,0,SAFE
2026-07-21T13:09:42.982792,0.33961804296855214,0.21286732957408,-14.205257948088985,42.599782248977704,-3.230520956950206,0,0,0,0,0,SAFE
2026-07-21T13:09:43.087352,0.38486985654059797,0.20931897427058715,-14.542133669552896,43.644723127015254,-5.398657238794293,0,0,0,0,0,SAFE
2026-07-21T13:09:43.183425,0.36195267093750827,0.2328122479596014,-14.850978074054666,43.47028185086799,-4.675898265008531,0,0,0,0,0,SAFE
2026-07-21T13:09:43.278266,0.3586200370045106,0.22360679774997896,-15.024216082166475,43.12183654020794,-5.677489780471292,0,0,0,0,0,SAFE
2026-07-21T13:09:43.377887,0.34807886590281556,0.21622829478943492,-14.533565483238078,41.76456942799436,-4.683842284064974,0,0,0,0,0,SAFE
2026-07-21T13:09:43.478556,0.42840138382299964,0.23968154628044466,-14.72038908380415,42.10219101240386,-5.6500872269783615,0,0,0,0,0,SAFE
2026-07-21T13:09:43.579617,0.3964539407567721,0.2328122479596014,-14.714246551510257,41.52344505607432,-5.594203476272159,0,0,0,0,0,SAFE
2026-07-21T13:09:43.670856,0.33327865417859387,0.2253290835118464,-12.099997607206177,40.301243923227105,-4.863564438214233,0,0,0,0,0,SAFE
2026-07-21T13:09:43.761281,0.30745653613666013,0.21888024193902025,-12.250518446383012,40.497253660702874,-3.9161667683529315,0,0,0,0,0,SAFE
2026-07-21T13:09:43.870231,0.28873240532244193,0.24523319103082114,-12.444888067728357,40.09540464935689,-4.285529496955341,0,0,0,0,0,SAFE
2026-07-21T13:09:43.961767,0.32622729668645256,0.2375502023180765,-14.326729431014172,36.96204015732825,-4.480766909472957,0,0,0,0,0,SAFE
2026-07-21T13:09:44.062854,0.3087137539726578,0.22424887438452118,-11.183636843878702,38.712863749848445,-2.961789264162079,0,0,0,0,0,SAFE
2026-07-21T13:09:44.156730,0.32915302642739763,0.2299397295688559,-11.658048154053887,39.113775416507956,-1.8758195013725767,0,0,0,0,0,SAFE
2026-07-21T13:09:44.256064,0.36065461469807236,0.22339988461332028,-9.343901593623684,41.11227004883448,-1.5400148732325403,0,0,0,0,0,SAFE
2026-07-21T13:09:44.355701,0.3297331520051884,0.2183066075182834,-9.269649364384861,39.95972223866651,-0.945333154190931,0,0,0,0,0,SAFE
2026-07-21T13:09:44.454769,0.3416984320722264,0.219897953222969,-10.272463944678975,39.752886737070405,-1.1430267260307498,0,0,0,0,0,SAFE
2026-07-21T13:09:44.555120,0.3200706009220386,0.22069954345725085,4.275015757298064,47.5679086739816,9.297734925781725,0,0,0,0,0,SAFE
2026-07-21T13:09:44.646233,0.3259684548351661,0.22641564642007453,-8.063697577461369,39.52203090847149,-0.8536520926559883,0,0,0,0,0,SAFE
2026-07-21T13:09:44.748786,0.3007761900571957,0.22641564642007453,-6.581837029150279,39.80991432897573,-1.1824337595600227,0,0,0,0,0,SAFE
2026-07-21T13:09:44.845514,0.29438272962142764,0.23826678299857396,-7.87027178770677,38.40872121438181,-0.6344076469561347,0,0,0,0,0,SAFE
2026-07-21T13:09:44.935124,0.30507407403101156,0.2258454088229756,-7.069836474917622,39.07092588880501,-0.24541060045576837,0,0,0,0,0,SAFE
2026-07-21T13:09:45.041413,0.306971691278083,0.21718612138153465,-6.232152396392081,38.19349053588855,0.2750802518645137,0,0,0,0,0,SAFE
2026-07-21T13:09:45.140743,0.3052879386692761,0.23226135515177895,-6.590653666669795,40.394070335483555,0.44141517677173575,0,0,0,0,0,SAFE
2026-07-21T13:09:45.238372,0.3312873290942459,0.2259139380377878,-7.004600043406697,40.36786728740906,-0.33268445331310237,0,0,0,0,0,SAFE
2026-07-21T13:09:45.339318,0.3355032723485088,0.22148850916825663,-6.657149212887759,40.29167508731629,-0.4597517461220623,0,0,0,0,1,DISTRACTED
2026-07-21T13:09:45.437925,0.3302566822034042,0.2255152389208336,-6.2200642245412325,39.60559633198354,-0.024384450952397232,0,0,0,0,1,DISTRACTED
2026-07-21T13:09:45.544764,0.33843900133224347,0.20918095091121355,-5.571562200661475,40.44400394470028,0.07241030826543798,0,0,0,0,1,DISTRACTED
2026-07-21T13:09:45.641397,0.32083052581242555,0.23362600470393488,-5.92677772750838,39.78838262042386,-0.2789927623849871,0,0,0,0,1,DISTRACTED
2026-07-21T13:09:45.740556,0.3312221912233173,0.21931715057141934,-6.91288842142427,40.083790552360746,-0.17601892978524264,0,0,0,0,1,DISTRACTED
2026-07-21T13:09:45.840156,0.31370166876214045,0.21931715057141934,-6.052757013649227,40.09183885924413,-0.2736299787810485,0,0,0,0,1,DISTRACTED
2026-07-21T13:09:45.938366,0.3023264265662997,0.2313932501648107,-4.563176170737108,38.38705998692572,0.5832649800359395,0,0,0,0,1,DISTRACTED
2026-07-21T13:09:46.047250,0.30644986689140896,0.22463645844238747,-5.724078749988081,39.97014013411166,-0.33537919980162795,0,0,0,0,1,DISTRACTED
2026-07-21T13:09:46.141809,0.30663510896419344,0.22746824674817476,-6.623612773062121,38.206721380545936,-0.40006290794025673,0,0,0,0,1,DISTRACTED
2026-07-21T13:09:46.240323,0.27977999160009726,0.2227371520720083,-7.029094431715947,38.85222407992268,-0.3955519883741838,0,0,0,0,1,DISTRACTED
2026-07-21T13:09:46.341945,0.3037719824074346,0.2313442357507237,-6.6142673169552495,39.985956306029195,-0.17606314010944554,0,0,0,0,1,DISTRACTED
2026-07-21T13:09:46.438549,0.2869830598047044,0.22216573607738435,-5.2987738834087565,38.702032664959226,0.8117180302395745,0,0,0,0,1,DISTRACTED
2026-07-21T13:09:46.535240,0.293043332642538,0.21586916459203354,-4.530561623387683,38.31422434655749,1.0086866100202787,0,0,0,0,1,DISTRACTED
2026-07-21T13:09:46.631676,0.28849611741678094,0.227004624927637,-4.953166322037305,37.7916363338493,0.19140921235193112,0,0,0,0,1,DISTRACTED
2026-07-21T13:09:46.736760,0.315501917069246,0.22753956995345762,-6.919021312038154,39.46772774310557,-0.20585578551181188,0,0,0,0,1,DISTRACTED
2026-07-21T13:09:46.832877,0.3045718068815144,0.21733181472746213,-6.452192162568508,39.201883411574876,-0.3304292332512267,0,0,0,0,1,DISTRACTED
2026-07-21T13:09:46.938105,0.31120963899156173,0.22753956995345762,-6.116326151938296,39.04116444874994,0.05655955768467453,0,0,0,0,1,DISTRACTED
2026-07-21T13:09:47.037220,0.28549413076760854,0.22648434866446035,-5.466672859910773,39.86879818378675,-0.4807269664610006,0,0,0,0,1,DISTRACTED
2026-07-21T13:09:47.129763,0.28137180087401265,0.2313442357507237,-5.865966101025521,39.18548844531528,-0.36558820714953855,0,0,0,0,1,DISTRACTED
2026-07-21T13:09:47.229287,0.2969026982002008,0.2259139380377878,-7.45931996953388,39.57830777182586,-0.7595374701634283,0,0,0,0,1,DISTRACTED
2026-07-21T13:09:47.327895,0.30092675942139524,0.23277379345791688,-6.676681943632758,38.444674983948495,-0.07272600835922093,0,0,0,0,1,DISTRACTED
2026-07-21T13:09:47.422832,0.3168225023169766,0.22605872267869628,-7.226982631338956,39.54897745629812,-0.39114518329758236,0,0,0,0,1,DISTRACTED
2026-07-21T13:09:47.518415,0.35510519949705793,0.22126299072828567,-7.027213623807995,39.57431500835586,-0.4322830209345298,0,0,0,0,1,DISTRACTED
2026-07-21T13:09:47.618231,0.34482538808966245,0.21409264905927658,-7.280472816690946,40.37046976737662,-0.9626682713923264,0,0,0,0,1,DISTRACTED
2026-07-21T13:09:47.714564,0.31081450434962915,0.20897225201016353,-7.200166812967296,40.08938070807678,-0.5567540963969246,0,0,0,0,1,DISTRACTED
2026-07-21T13:09:47.804683,0.3472933411231678,0.22010926026222838,-6.226933354269306,40.4714959675743,-0.31316584557419536,0,0,0,0,1,DISTRACTED
2026-07-21T13:09:47.905220,0.3295851721141204,0.22684324469584144,-6.467398967430142,40.20279491556694,-1.0056874027661393,0,0,0,0,1,DISTRACTED
2026-07-21T13:09:48.006342,0.3025648482262688,0.23624169321903876,-6.951965840283549,40.70696400412697,-0.9479580920628097,0,0,0,0,1,DISTRACTED
2026-07-21T13:09:48.099310,0.3397998023084452,0.23038667842128402,-5.592217332510387,41.48264209881112,-1.386772093542419,0,0,0,0,1,DISTRACTED
2026-07-21T13:09:48.198803,0.3468477113851839,0.23707495691180488,-8.103503539647335,40.867365480236245,-2.194434986100299,0,0,0,0,1,DISTRACTED
2026-07-21T13:09:48.293897,0.34798091030543943,0.2219355584587808,-9.418485246185668,43.2234589641933,-2.149722823430325,0,0,0,0,1,DISTRACTED
2026-07-21T13:09:48.394092,0.30523068257860486,0.25707487030232773,-6.974921582573614,42.08637175539069,1.3964557829790074,0,0,0,0,1,DISTRACTED
2026-07-21T13:09:48.494202,0.2759285649908204,0.21929009128884744,-5.581065117935452,41.775894255271986,0.2815870504544825,0,0,0,0,1,DISTRACTED
2026-07-21T13:09:48.588292,0.29983078025289756,0.2223540446522703,-7.846039559956836,43.15076274125089,0.3194861536356351,0,0,0,0,1,DISTRACTED
2026-07-21T13:09:48.684339,0.30555605245185213,0.2108299380845013,-4.182651394772364,42.30023319344624,1.600260344539671,0,0,0,0,1,DISTRACTED
2026-07-21T13:09:48.778531,0.32389812835646936,0.22703659524711953,-7.5120155961594435,42.99971206313217,0.4792108794598366,0,0,0,0,1,DISTRACTED
2026-07-21T13:09:48.877265,0.3611589875536201,0.23491185389663938,-6.232372947900757,42.345692172357616,1.2344617466646017,0,0,0,0,1,DISTRACTED
2026-07-21T13:09:48.972583,0.33899739072555374,0.22033546660109818,-4.61175395462277,43.88661346018324,1.34093734897158,0,0,0,0,1,DISTRACTED
2026-07-21T13:09:49.071778,0.3321654479288914,0.21909296829282185,-7.003614438957385,43.61894489002426,0.6919414845009192,0,0,0,0,1,DISTRACTED
2026-07-21T13:09:49.171435,0.3358251224087404,0.22133604851785835,-3.1400924265641663,43.824224290353314,2.4681443523611146,0,0,0,0,1,DISTRACTED
2026-07-21T13:09:49.263218,0.3517080811896629,0.23009222423252673,-4.814292995331073,43.363296591256244,0.8854104391506453,0,0,0,0,1,DISTRACTED
2026-07-21T13:09:49.357913,0.3422024770657852,0.22829400965272742,-5.332290211403063,42.6569296870288,1.1155175087679368,0,0,0,0,1,DISTRACTED
2026-07-21T13:09:49.456024,0.34619332651417023,0.22265005767594348,-4.745396379783216,42.602433517749134,1.2712001020265555,0,0,0,0,1,DISTRACTED
2026-07-21T13:09:49.559346,0.33200448384941406,0.21897675600878547,-5.422500124704612,42.23014454676098,1.0133357301497452,0,0,0,0,1,DISTRACTED
2026-07-21T13:09:49.652465,0.3453021094398232,0.2241259831872509,-4.643850841451723,42.718490139600966,1.3096294440491523,0,0,0,0,1,DISTRACTED
2026-07-21T13:09:49.749696,0.3543097980911232,0.20956841107122734,-6.8078470609305555,42.24676383893354,0.0212139281164542,0,0,0,0,1,DISTRACTED
2026-07-21T13:09:49.846812,0.3288769492277304,0.22834459443109356,-5.896122561876382,42.303676224335156,0.11985532015440961,0,0,0,0,1,DISTRACTED
2026-07-21T13:09:49.942464,0.33504014906286017,0.21988418907182386,-5.269931744251238,42.41146810109846,0.36199813209606435,0,0,0,0,1,DISTRACTED
2026-07-21T13:09:50.045585,0.33037822823736296,0.21221486607890072,-5.612784337647128,42.28408379102021,0.7223417721286995,0,0,0,0,1,DISTRACTED
2026-07-21T13:09:50.137949,0.33850488048210503,0.23147551984133516,-4.696344317307165,41.7249500879433,1.6236043209355913,0,0,0,0,1,DISTRACTED
2026-07-21T13:09:50.234579,0.3670397088577395,0.21783685643694634,-6.820406869530785,42.33585332909257,0.1516592160668985,0,0,0,0,1,DISTRACTED
2026-07-21T13:09:50.338003,0.33660139603685413,0.2269618021511069,-5.078031683607691,41.99705837320246,1.028136340942316,0,0,0,0,1,DISTRACTED
2026-07-21T13:09:50.435621,0.3291852889220808,0.20739986953311457,-5.631884796536326,41.86361505257796,1.0323189042245298,0,0,0,0,1,DISTRACTED
2026-07-21T13:09:50.532241,0.33629830635515023,0.20495901229590147,-5.9813115184846595,42.49179845688815,0.6846254045553859,0,0,0,0,1,DISTRACTED
2026-07-21T13:09:50.628337,0.3376957243678482,0.20956841107122734,-5.245863132710895,42.00274154925268,0.9104550634754995,0,0,0,0,1,DISTRACTED
2026-07-21T13:09:50.720448,0.3453021094398232,0.2145765618334305,-6.401163347988273,42.14787138435614,0.5264231505695561,0,0,0,0,1,DISTRACTED
2026-07-21T13:09:50.819074,0.3253677545001911,0.22968676008745614,-5.301515190218538,42.351083475769386,1.2913519180099886,0,0,0,0,1,DISTRACTED
2026-07-21T13:09:50.916169,0.3151534846135546,0.21655611680148387,-4.469984961159668,41.14929168614782,1.6372994186914778,0,0,0,0,1,DISTRACTED
2026-07-21T13:09:51.011352,0.31970963283217496,0.21501553847678537,-4.527035143127591,41.73345884894123,1.6180604927342612,0,0,0,0,1,DISTRACTED
2026-07-21T13:09:51.108798,0.33200448384941406,0.21614979395632666,-5.895527603922687,41.85785261139857,1.0118888342850638,0,0,0,0,1,DISTRACTED
2026-07-21T13:09:51.203898,0.3241979396907442,0.20204813117999554,-5.306049870340416,41.58731681881658,1.0627479574846104,0,0,0,0,1,DISTRACTED
2026-07-21T13:09:51.299502,0.31688263855231213,0.23104515596991754,-5.975794901991719,41.623110825908235,1.1098385088740348,0,0,0,0,1,DISTRACTED
2026-07-21T13:09:51.399871,0.3309871510819765,0.2219380669831297,-5.483986452200952,41.77045505714302,0.682023575521029,0,0,0,0,1,DISTRACTED
2026-07-21T13:09:51.497346,0.3676905581569486,0.23048673593821367,-5.9486012226466585,41.0513404225212,-0.08771668704232902,0,0,0,0,1,DISTRACTED
2026-07-21T13:09:51.599666,0.36533551044951407,0.2209580231467806,-1.495724750995464,39.827445101795924,2.060696286036021,0,0,0,0,1,DISTRACTED
2026-07-21T13:09:51.694480,0.2212333082869099,0.2339224291552822,6.822675418188368,39.467800564272764,9.370735321148459,0,0,0,0,1,DISTRACTED
2026-07-21T13:09:51.789132,0.25073224293128243,0.222072599201791,13.562717831973146,-1.4382747307656312,-2.7535423428252273,0,0,0,0,0,SAFE
2026-07-21T13:09:51.888287,0.21914141336942808,0.24141106438290721,10.497201191695666,-22.590345772883243,-5.288673618000189,0,0,0,0,0,SAFE
2026-07-21T13:09:51.981402,0.2189064217896785,0.23652271720704338,8.216374127955959,-27.673033890156123,-7.969753811879457,0,0,0,0,0,SAFE
2026-07-21T13:09:52.076623,0.21630363515635279,0.23251344047172842,-3.4733605721976346,-23.065281942037114,-1.2376166271138493,0,0,0,0,0,SAFE
2026-07-21T13:09:52.175250,0.23030309479732286,0.2365285804219428,-2.4726886463473363,-21.344464619733003,-1.804566399302039,0,0,0,0,0,SAFE
2026-07-21T13:09:52.270882,0.21742356145388558,0.22304016573940033,-4.169694717189941,-16.28811376623021,-1.1296531596405472,0,0,0,0,0,SAFE
2026-07-21T13:09:52.366476,0.24745994108614616,0.22020060345410417,8.614528820217004,-20.129805188038713,-6.367374991469688,0,0,0,0,0,SAFE
2026-07-21T13:09:52.461222,0.24549877998428427,0.2297132257619604,9.468254730652262,-17.041082252589103,-6.777881634107018,0,0,0,0,0,SAFE
2026-07-21T13:09:52.553865,0.22682921304361006,0.2267771592583297,10.66237070343621,-13.332716985655374,-6.492274854873159,0,0,0,0,0,SAFE
2026-07-21T13:09:52.659313,0.2382260439151132,0.23005025101600163,10.191813903387015,-15.369539448899891,-6.103526309975166,0,0,0,0,0,SAFE
2026-07-21T13:09:52.753806,0.2160641343040814,0.2256491740611042,10.288237906444294,-14.830511203559038,-5.431123864125254,0,0,0,0,0,SAFE
2026-07-21T13:09:52.853488,0.24328819907411214,0.23394011899332573,9.216929947931703,-15.889775882560734,-5.238545724533623,0,0,0,0,0,SAFE
2026-07-21T13:09:52.949125,0.19986380865729925,0.2295998310518819,9.937666828178095,-12.80620695589374,-5.076262080781191,0,0,0,0,0,SAFE
2026-07-21T13:09:53.039377,0.15309682222120852,0.22981517226855527,-2.690508244676863,-5.243557739957277,-2.2439350898865444,0,0,0,0,0,SAFE
2026-07-21T13:09:53.139547,0.14088656361959867,0.221649918400792,-3.2416377733163984,-5.580757715156203,-1.9558553927500615,0,0,0,0,0,SAFE
2026-07-21T13:09:53.235203,0.1507696172123677,0.22548163763800613,-3.774222441290277,-5.773355070690512,-2.09896756931512,0,0,0,0,0,SAFE
2026-07-21T13:09:53.332617,0.1459008242683939,0.229377289675257,-3.5792275774897178,-3.8710037890653997,-2.3281730429150285,0,0,0,0,0,SAFE
2026-07-21T13:09:53.421240,0.17331939375751487,0.23319078890217093,-4.886056512158461,-5.8850012844075374,-2.031339737877018,0,0,0,0,0,SAFE
2026-07-21T13:09:53.517947,0.17930833231030058,0.22867501745996474,-5.087919429193278,-4.897013586701901,-1.76382735655463,0,0,0,0,0,SAFE
2026-07-21T13:09:53.617126,0.17764574487659934,0.23319078890217093,-4.764831174075823,-5.3417621254626235,-1.8297541148334604,0,0,0,0,0,SAFE
2026-07-21T13:09:53.721273,0.1833981928841456,0.2380019988018542,-5.627361529166734,-4.5615919175062265,-1.6462531865452332,0,0,0,1,0,DROWSY
2026-07-21T13:09:53.825454,0.1871052573608961,0.2250292865389347,-6.070380134565028,-4.108744085444167,-1.5109483407036315,0,0,0,1,0,DROWSY
2026-07-21T13:09:53.927305,0.18909637148829195,0.2333524911536964,-6.361670925739077,-3.3520752213096037,-1.7130686651161555,0,0,0,1,0,DROWSY
2026-07-21T13:09:54.021950,0.1873192518104648,0.2333524911536964,-6.143756732359947,-1.9668613274213504,-1.6582240243528341,0,0,0,1,0,DROWSY
2026-07-21T13:09:54.135784,0.17175138009993074,0.23772350174557916,-7.47428274857603,-2.337537160968082,-2.0818841713839165,0,0,0,1,0,DROWSY
2026-07-21T13:09:54.227920,0.18915429349052143,0.22568636839728043,-7.364162650894542,-2.0181028969944013,-2.0076632349044634,0,0,0,1,0,DROWSY
2026-07-21T13:09:54.328036,0.1771459088994935,0.23755907971257886,-7.192189179077559,-2.3295430937722728,-1.884962349770682,0,0,0,1,0,DROWSY
2026-07-21T13:09:54.426154,0.1866262856085822,0.23379796242996642,-7.322563476093251,-2.0634498986614838,-1.7909599908681157,0,0,0,1,0,DROWSY
2026-07-21T13:09:54.524333,0.19014014458988632,0.22533494665125064,-6.3726381288059315,-1.729805701977498,-1.5395843534742282,0,0,0,1,0,DROWSY
2026-07-21T13:09:54.622025,0.2030519613304711,0.23319078890217093,-7.046196802661541,-1.7799427446079774,-1.844186143340296,1,0,0,1,0,DROWSY
2026-07-21T13:09:54.716118,0.22062847490651297,0.22953118254038876,-7.275839606542604,-1.1899052749772492,-1.4581676769405798,1,0,0,1,0,DROWSY
2026-07-21T13:09:54.809405,0.217776443493987,0.22953118254038876,-8.12555731250771,-1.5278399918053844,-1.658809910315897,1,0,0,1,0,DROWSY
2026-07-21T13:09:54.915588,0.21854923401755397,0.22953118254038876,-8.626972161756328,-2.6051272320799304,-1.2395057060853099,1,0,0,1,0,DROWSY
2026-07-21T13:09:55.017191,0.21808201044531422,0.22999094605504994,-9.219710398067264,-2.8647985791448187,-1.2682384599105012,1,0,0,1,0,DROWSY
2026-07-21T13:09:55.113479,0.20965544694899474,0.22981517226855527,-9.22177384012437,-3.0240042605796824,-1.1747121704019066,1,0,0,1,0,DROWSY
2026-07-21T13:09:55.212115,0.20376371567540413,0.2333524911536964,-9.182885196153308,-2.423638781568418,-1.2821884129560017,1,0,0,1,0,DROWSY
2026-07-21T13:09:55.308733,0.21797176227103557,0.23772350174557916,-9.102216079438335,-3.0520583670976857,-1.3055625662794077,1,0,0,1,0,DROWSY
2026-07-21T13:09:55.405824,0.2262666017033908,0.2333524911536964,-8.462995234264241,-2.550364982182914,-1.1698887136884957,1,0,0,1,0,DROWSY
2026-07-21T13:09:55.506933,0.21486928498876987,0.22914441586864437,-8.501691601649043,-1.8907603065237804,-1.3045592471523024,1,0,0,1,0,DROWSY
2026-07-21T13:09:55.611647,0.21486928498876987,0.22953118254038876,-7.7016996809898615,-2.069330347918979,-1.0985284217016562,1,0,0,1,0,DROWSY
2026-07-21T13:09:55.712495,0.2073131705299719,0.2258329465567851,-8.237409057306337,-2.7106192052168887,-1.0999137219228612,1,0,0,1,0,DROWSY
2026-07-21T13:09:55.810612,0.20866332660975206,0.22592103065812197,-8.059661461297168,-2.767935507276138,-0.96266186121773,1,0,0,1,0,DROWSY
2026-07-21T13:09:55.905235,0.2199856695458651,0.2333524911536964,-8.682730151836438,-2.796310840827955,-1.0342504639808556,1,0,0,1,0,DROWSY
2026-07-21T13:09:56.010867,0.2077661754888176,0.23344967412083872,-8.505760447491951,-2.5927953994083643,-1.1308289809838326,1,0,0,1,0,DROWSY
2026-07-21T13:09:56.110180,0.21394051315188584,0.22883900100019258,-7.466580328009826,-2.1513817352752658,-1.07988492214447,1,0,0,1,0,DROWSY
2026-07-21T13:09:56.208275,0.21797176227103557,0.2289375606204396,-7.5003162794346565,-1.5426663287449454,-1.1902619757263406,1,0,0,1,0,DROWSY
2026-07-21T13:09:56.308477,0.21739415302565473,0.23344967412083872,-6.650847565021991,-2.0011080332783058,-1.3982824664034075,1,0,0,1,0,DROWSY
2026-07-21T13:09:56.404262,0.211687246360492,0.22883900100019258,-6.887525442827894,-1.85606655628307,-1.207826366046674,1,0,0,1,0,DROWSY
2026-07-21T13:09:56.506877,0.20814593677150028,0.2250292865389347,-6.74959648979879,-1.7532319387576398,-1.1140151995298833,1,0,0,1,0,DROWSY
2026-07-21T13:09:56.604487,0.20812533209388734,0.22496875650891,-5.423463843315773,-1.007224376719751,-0.9476312542333741,1,0,0,1,0,DROWSY
2026-07-21T13:09:56.708748,0.2102578273135134,0.22143346196160837,-6.507425245347633,-1.2785211827605305,-1.076538025840589,1,0,0,1,0,DROWSY
2026-07-21T13:09:56.800857,0.20585616467869627,0.2250292865389347,-6.492413517778942,-1.3613898158747033,-1.0726358020704658,1,0,0,1,0,DROWSY
2026-07-21T13:09:56.903034,0.21153407787347517,0.2250292865389347,-6.769046021274761,-2.0022469556538116,-1.0743387387042052,1,0,0,1,0,DROWSY
2026-07-21T13:09:56.994627,0.2003620252219547,0.2333524911536964,-7.49817301388012,-1.9747186723824424,-0.9528261636798336,1,0,0,1,0,DROWSY
2026-07-21T13:09:57.087220,0.20866332660975206,0.24168119871185603,-7.313410002782007,-1.9961409302308546,-1.0512869018013953,1,0,0,1,0,DROWSY
2026-07-21T13:09:57.188837,0.2102931779462477,0.22953118254038876,-6.645981727672961,-3.386033230216575,-0.6672366257851258,1,0,0,1,0,DROWSY
2026-07-21T13:09:57.286956,0.19944246395761406,0.2333524911536964,-6.354518489877989,-2.9196062117617534,-0.9357909603262804,1,0,0,1,0,DROWSY
2026-07-21T13:09:57.389195,0.21482895376994224,0.22930873601587756,-7.272789262036923,-3.2347469449007806,-1.0029031318040815,1,0,0,1,0,DROWSY
2026-07-21T13:09:57.488791,0.20846170514579704,0.22496875650891,-7.6804856846015355,-2.2005877538547063,-0.9237433788298023,1,0,0,1,0,DROWSY
2026-07-21T13:09:57.583395,0.21126933965278777,0.23320381162846934,-7.170504799391466,-2.7461333789912823,-0.5826287916338273,1,0,0,1,0,DROWSY
2026-07-21T13:09:57.674493,0.20966580494648668,0.2338883113875984,-6.634709740974756,-3.086051771446524,-0.652579078658627,1,0,0,1,0,DROWSY
2026-07-21T13:09:57.771193,0.2129360927960754,0.2251230031890191,-7.380677873641929,-2.415822677965752,-0.6537483180428272,1,0,0,1,0,DROWSY
2026-07-21T13:09:57.871308,0.20203592979330165,0.2250292865389347,-7.278803530694859,-2.4514757124443984,-0.5728122320056517,1,0,0,1,0,DROWSY
2026-07-21T13:09:57.966766,0.2195068059436215,0.22883900100019258,-6.442201747599057,-1.5608388928900612,-0.9748701776504533,1,0,0,1,0,DROWSY
2026-07-21T13:09:58.061829,0.2169927722754915,0.22496875650891,-5.866189697712997,-2.1694741967840416,-0.9134538981683907,1,0,0,1,0,DROWSY
2026-07-21T13:09:58.157949,0.20283517470505819,0.2372540596060276,-6.976251369927553,-3.346242950571108,-0.9685747650095801,1,0,0,1,0,DROWSY
2026-07-21T13:09:58.260520,0.20422620386326268,0.23330093267590665,-6.903245252623918,-2.797803193607407,-0.621847872924325,1,0,0,1,0,DROWSY
2026-07-21T13:09:58.358310,0.2129935949341144,0.23363595148789298,-6.531143941663487,-1.2950041762261397,-1.1985721644404328,1,0,0,1,0,DROWSY
2026-07-21T13:09:58.453413,0.21707349926285052,0.23730311630916912,-6.268564561747979,-1.8384813777477949,-1.1422516220864405,1,0,0,1,0,DROWSY
2026-07-21T13:09:58.545021,0.21195479504938236,0.2250292865389347,-7.68339858572898,-2.9541294608945985,-1.1136666607462278,1,0,0,1,0,DROWSY
2026-07-21T13:09:58.638627,0.2112855273030288,0.22487510407030972,-6.699747373539196,-2.719132052282838,-0.8862294695659573,1,0,0,1,0,DROWSY
2026-07-21T13:09:58.730736,0.22609404660652757,0.22883900100019258,-6.3468896298603,-2.1807087975806216,-0.9183731015636902,1,0,0,1,0,DROWSY
2026-07-21T13:09:58.828831,0.21221452979537592,0.22809843577569752,-5.435687498414637,-2.340800460589001,-1.3136727865555096,1,0,0,1,0,DROWSY
2026-07-21T13:09:58.922451,0.22112567987653803,0.22809843577569752,-4.645090076534672,-1.540110009924593,-1.6985678208946462,1,0,0,1,0,DROWSY
2026-07-21T13:09:59.016155,0.2124934437749374,0.2413793103448276,-4.914466934609948,0.7494433664522345,-0.8972776317147119,1,0,0,1,0,DROWSY
2026-07-21T13:09:59.114757,0.19329409394565988,0.23144180007526186,-4.891966377890441,4.010435128923461,-1.3096404234848036,1,0,0,1,0,DROWSY
2026-07-21T13:09:59.213883,0.1782253144699401,0.22935351943311388,-3.038831591966755,7.208772412744255,-1.1235084868023644,1,0,0,1,0,DROWSY
2026-07-21T13:09:59.308049,0.2251953679728293,0.2309267674044776,-4.882019605325638,9.256751589244129,-2.363257381095861,1,0,0,1,0,DROWSY
2026-07-21T13:09:59.404819,0.2491946380177124,0.23003333554782615,-2.1809320971270836,10.839820288259961,-3.2928891221061227,1,0,0,1,0,DROWSY
2026-07-21T13:09:59.505133,0.23066542736906315,0.22552987298458999,9.928490158605342,19.394025882157642,0.9597626205072913,1,0,0,1,0,DROWSY
2026-07-21T13:09:59.598950,0.22782534689889294,0.2245346307717373,-0.2557854877726129,11.770944832999517,-3.4266109010402195,1,0,0,1,0,DROWSY
2026-07-21T13:09:59.702204,0.22133651871214488,0.22980401305482465,9.327643787770228,18.41525056984342,-0.13088657045469176,1,0,0,1,0,DROWSY
2026-07-21T13:09:59.802408,0.26106687167503595,0.23380839611866294,-0.21223299644208282,10.362236961808323,-3.400451477106609,1,0,0,0,0,SAFE
2026-07-21T13:09:59.902087,0.30378663909107,0.2185713942588105,9.236777645134993,22.76494661857883,0.10784076388404173,1,0,0,0,0,SAFE
2026-07-21T13:10:00.000853,0.3147072048442044,0.24514709246067745,10.07744717025244,27.013482635946787,0.4828789153536661,1,0,0,0,0,SAFE
2026-07-21T13:10:00.100658,0.2564468961411017,0.2185713942588105,-0.013429687644901378,14.71743449052457,-4.6137830090130825,1,0,0,0,0,SAFE
2026-07-21T13:10:00.198756,0.3032152946705621,0.22466819187831216,10.81938777076121,27.128643778433318,0.26333485174890825,1,0,0,0,0,SAFE
2026-07-21T13:10:00.299242,0.27192062875004214,0.2296635634057943,12.806604082307985,27.038408079312585,0.6540206914860391,1,0,0,0,0,SAFE
2026-07-21T13:10:00.396646,0.30315802567604144,0.23416118524246776,13.760409211798532,29.782301114825277,0.7854941791346448,1,0,0,0,0,SAFE
2026-07-21T13:10:00.495810,0.2921714757275554,0.23472016337237642,1.2281947462300025,19.05706341708448,-4.25801179015799,1,0,0,0,0,SAFE
2026-07-21T13:10:00.588846,0.31256546227901294,0.24491575575095376,13.229541446817706,29.385461907284743,2.087628024966847,1,0,0,0,0,SAFE
2026-07-21T13:12:36.266823,0.2356456854126613,0.23464255079962876,6.709562889517656,25.14808195822316,-9.21790193196071,0,0,0,0,0,SAFE
2026-07-21T13:12:36.375140,0.22892130828970048,0.22897044213739484,-5.282710166882964,-11.911021749144325,3.0967964841440367,0,0,0,0,0,SAFE
2026-07-21T13:12:36.493111,0.25095201342065365,0.24108936144309123,-3.688437207148752,-2.0007460809663087,2.761089351837999,0,0,0,0,0,SAFE
2026-07-21T13:12:36.617748,0.24410937876272257,0.23198185335531854,-1.2047440445617212,-9.063183270268619,3.1389916537186444,0,0,0,0,0,SAFE
2026-07-21T13:12:36.718932,0.19110939322391474,0.24076077765260961,-6.1066112653468565,-9.290370744714988,2.235090726278676,0,0,0,0,0,SAFE
2026-07-21T13:12:37.008195,0.21446895209865102,0.23186350243340104,-10.9573653935023,-4.876579441254749,-0.09263835682980509,0,0,0,0,0,SAFE
2026-07-21T13:12:37.109301,0.20698019682045538,0.23144180007526186,-1.651389818673806,4.903612489146178,-0.45563779964828655,0,0,0,0,0,SAFE
2026-07-21T13:12:37.207945,0.20991155634279032,0.22132185644549565,-0.6229346956815789,-1.3768302735246631,-1.1111197539614182,0,0,0,0,0,SAFE
2026-07-21T13:12:37.308556,0.22993665511991712,0.2265712240620016,0.6573536513198235,1.4967045304268267,-0.819937363431535,0,0,0,0,0,SAFE
2026-07-21T13:12:37.406159,0.2192087748908687,0.23076923076923078,2.026229113749338,5.73736594457232,-0.3143504785198843,0,0,0,0,0,SAFE
2026-07-21T13:12:37.495738,0.20699909915090892,0.23529411764705882,4.194296833172501,3.3108193875769034,-0.4039447237481397,0,0,0,0,0,SAFE
2026-07-21T13:12:37.591921,0.20602292880447107,0.23580708684517032,4.546721800704574,3.5881674384277855,0.898247540037886,0,0,0,0,0,SAFE
2026-07-21T13:12:37.686216,0.20977549218536332,0.23132287818675165,5.276002479054995,-6.638139196321042,0.9092722547690073,0,0,0,0,0,SAFE
2026-07-21T13:12:37.798617,0.2164814876888635,0.22544686174612413,2.449606961851998,-5.6349235683294765,1.2158504505080714,0,0,0,0,0,SAFE
2026-07-21T13:12:37.894607,0.2555383181263953,0.24409332184025323,-6.391880026009176,-4.736562744869859,1.9835873995500688,0,0,0,0,0,SAFE
2026-07-21T13:12:37.990245,0.2751469538265584,0.22995401379540162,-5.596188930269193,-6.391691236200801,1.4553838198726345,0,0,0,0,0,SAFE
2026-07-21T13:12:38.086750,0.2649477337980148,0.22218412807225138,3.7701017418753224,-8.537059710874988,0.050161365071119235,0,0,0,0,0,SAFE
2026-07-21T13:12:38.179837,0.2608019630931047,0.23604551225404366,4.436452168845506,-7.781704247608339,-0.04691222505371684,0,0,0,0,0,SAFE
2026-07-21T13:12:38.277225,0.2189101748219729,0.22641509433962265,5.769186759893898,-7.519658878653947,-0.060816839628074604,0,0,0,0,0,SAFE
2026-07-21T13:12:38.365779,0.20002225453904368,0.22111296366044686,3.789941288387581,10.569677805769214,1.0176470832860787,0,0,0,0,0,SAFE
2026-07-21T13:12:38.464323,0.22454096556728353,0.22111296366044686,3.8515512813113446,10.007067158925581,0.5922477838720397,0,0,0,0,0,SAFE
2026-07-21T13:12:38.560158,0.21043368926179365,0.22549019607843138,4.489301696462178,14.265940200288812,1.1234239883918349,0,0,0,0,0,SAFE
2026-07-21T13:12:38.650659,0.21969140436662649,0.24016925961492855,-6.036044553954156,4.440041668411557,-1.2805333678009638,0,0,0,0,0,SAFE
2026-07-21T13:12:38.750746,0.22930678898201107,0.2354618863763383,3.4629671717956683,16.696741990609247,0.9506518302246718,0,0,0,0,0,SAFE
2026-07-21T13:12:38.840752,0.2353486763877268,0.22565984890911553,2.685416287609968,17.3758816299443,0.9936282378262717,0,0,0,0,0,SAFE
2026-07-21T13:12:38.936470,0.24835028323384287,0.2211992291262033,1.287886236592044,16.60549616255509,0.7581386422375829,0,0,0,0,0,SAFE
2026-07-21T13:12:39.030057,0.23780647279780515,0.2354618863763383,1.227363511661821,15.886100210179574,0.6853155689475159,0,0,0,0,0,SAFE
2026-07-21T13:12:39.124703,0.2234081302548007,0.225669520374647,1.3794390472021973,16.762453944736833,0.7861818840448507,0,0,0,0,0,SAFE
2026-07-21T13:12:39.221699,0.2612547382389598,0.22552987298458999,-8.989945187145082,5.016032538878048,-1.7745975705779664,0,0,0,0,0,SAFE
2026-07-21T13:12:39.321331,0.2475954702237873,0.22552987298458999,1.6958962093512753,14.638321829503296,0.27285351236267275,0,0,0,0,0,SAFE
2026-07-21T13:12:39.415033,0.22439476305256317,0.2399520143952017,2.982536821952806,15.243180266577603,0.6780063949516659,0,0,0,0,0,SAFE
2026-07-21T13:12:39.519180,0.2325310663746928,0.22552987298458999,3.3612274942430247,13.542881471468723,-0.0021511499233781706,0,0,0,0,0,SAFE
2026-07-21T13:12:39.609304,0.224237491147947,0.22552987298458999,3.2102204076366263,13.429975297200253,-0.09411928281727455,0,0,0,0,0,SAFE
2026-07-21T13:12:39.707468,0.23251320479476018,0.23003333554782615,-8.628603359345277,5.012695290387908,-1.945269556257586,0,0,0,0,0,SAFE
2026-07-21T13:12:39.810710,0.22819108818242054,0.2441641710214317,-8.512903042027602,4.499316813152289,-1.7943126401154028,0,0,0,0,0,SAFE
2026-07-21T13:12:39.901487,0.22286671394162272,0.22132185644549565,3.0318296705372063,11.467694886098961,-0.26735324080445366,0,0,0,0,0,SAFE
2026-07-21T13:12:39.994099,0.22840506578274894,0.22552987298458999,3.477021470019622,12.13487739258283,-0.23597643738457919,0,0,0,0,0,SAFE
2026-07-21T13:12:40.087699,0.21915215065527888,0.24511379483460424,3.425523416307925,11.496820776564803,-0.31197944668846844,0,0,0,0,0,SAFE
2026-07-21T13:12:40.185796,0.22603530766816937,0.22565984890911553,-8.671034837965095,3.5182489779133346,-1.7690335790691292,0,0,0,0,0,SAFE
2026-07-21T13:12:40.276530,0.22314184995108738,0.22565984890911553,-8.229818098624634,3.2824525371453728,-1.526689430481231,0,0,0,0,0,SAFE
2026-07-21T13:12:40.375662,0.21187974044010194,0.22565984890911553,-8.424715114149478,3.019675736427701,-1.4726107310082486,0,0,0,0,0,SAFE
2026-07-21T13:12:40.469133,0.22948319938988632,0.22552987298458999,3.1702501975066752,10.545422090247623,-0.10677259458884691,0,0,0,0,0,SAFE
2026-07-21T13:12:40.566245,0.23134490330728205,0.23532626465842862,3.6012255009694343,12.209211898187435,-0.03817120583687483,0,0,0,0,0,SAFE
2026-07-21T13:12:40.661494,0.24084985654156954,0.24525505723889676,3.68084851116447,14.539976558203424,0.19174302259398246,0,0,0,0,0,SAFE
2026-07-21T13:12:40.754086,0.21420908202767758,0.23354007669668725,-8.547790213258082,24.60360001415724,-4.692809105833431,0,0,0,0,0,SAFE
2026-07-21T13:12:40.847245,0.2229568683500864,0.23907394950137126,-7.618719385379592,26.029803034968158,-4.582263976305405,0,0,0,0,0,SAFE
2026-07-21T13:12:40.945839,0.25925692538595496,0.23249527748763854,2.977802626654551,45.75471323604856,4.74780224261707,0,0,0,0,0,SAFE
2026-07-21T13:12:41.041282,0.2710806633498432,0.2320280193956152,-10.328470308602505,32.79906414363077,-5.85107684926712,0,0,0,0,0,SAFE
2026-07-21T13:12:41.140120,0.32318833579408474,0.23802777946288955,-9.622081194232408,35.41103462092899,-5.947861216826995,0,0,0,0,0,SAFE
2026-07-21T13:12:41.239975,0.3195200591279942,0.2222222222222222,-12.290557104066835,38.04145445871238,-8.160574037445318,0,0,0,0,0,SAFE
2026-07-21T13:12:41.334567,0.30379128519696946,0.2301516154308297,-13.163156184492607,39.059368016478594,-8.738255514967795,0,0,0,0,0,SAFE
2026-07-21T13:12:41.423322,0.30289811104375963,0.2409342965085818,-14.212297431814989,40.51749127964969,-9.68198286936887,0,0,0,0,0,SAFE
2026-07-21T13:12:41.513972,0.3060023731093347,0.2344887651767585,-14.099398831693406,38.21186062722319,-8.975029086843758,0,0,0,0,0,SAFE
2026-07-21T13:12:41.616145,0.2862141423136324,0.22073121903121867,-15.125303215383099,39.99841220330691,-8.286678344881373,0,0,0,0,0,SAFE
2026-07-21T13:12:41.712762,0.31477713606665125,0.22213653792282628,-14.063379804797734,39.604352677954374,-8.188616730206277,0,0,0,0,0,SAFE
2026-07-21T13:12:41.809604,0.3086658808262016,0.2204928870141955,-13.857631312730149,39.189337284634455,-7.790375206164664,0,0,0,0,0,SAFE
2026-07-21T13:12:41.900689,0.30144209070013006,0.2202075823180138,-13.472908307388849,39.846836370804766,-8.133298091465164,0,0,0,0,0,SAFE
2026-07-21T13:12:42.001192,0.3107659473990393,0.23488808780588138,-13.810342987487417,40.42688118810351,-8.273016828250832,0,0,0,0,0,SAFE
2026-07-21T13:12:42.095129,0.3000206058111946,0.2278872858419663,-14.248942563448793,39.99521160485579,-8.366135690273575,0,0,0,0,0,SAFE
2026-07-21T13:12:42.188232,0.29765002544905717,0.2412811557623471,-14.371100132356815,40.194866932898094,-8.544325124080828,0,0,0,0,0,SAFE
2026-07-21T13:12:42.284839,0.3236745457638207,0.22857142857142856,-14.303441042041754,40.36951826313757,-9.125927250495346,0,0,0,0,0,SAFE
2026-07-21T13:12:42.378951,0.3361079282106288,0.21419830424157743,-15.982748051094859,41.33888527271872,-9.59485219607414,0,0,0,0,0,SAFE
2026-07-21T13:12:42.475064,0.3349322173885191,0.227395923779871,-15.835026729230577,43.3905247310626,-8.825188766129104,0,0,0,0,0,SAFE
2026-07-21T13:12:42.577180,0.3496637935615101,0.22073121903121867,-15.444841134195173,42.32128848105831,-8.392614549757782,0,0,0,0,0,SAFE
2026-07-21T13:12:42.669121,0.34321896039140076,0.21202388648538395,-15.45037656411057,42.526694417468356,-9.016364235205502,0,0,0,0,0,SAFE
2026-07-21T13:12:42.767186,0.3419685838141966,0.2271684498057685,-15.597350206529057,43.002654432494836,-8.924960466909436,0,0,0,0,0,SAFE
2026-07-21T13:12:42.863273,0.32849945887603804,0.2271684498057685,-14.893899504234668,42.67901979866029,-9.077317961491342,0,0,0,0,0,SAFE
2026-07-21T13:12:42.957380,0.3465022472752266,0.21260551056837435,-17.11280266955424,41.7642917116696,-9.555149238543251,0,0,0,0,0,SAFE
2026-07-21T13:12:43.050006,0.3711308511709809,0.21892290810643114,-17.231466794318266,42.91225200087215,-9.239602008713302,0,0,0,0,0,SAFE
2026-07-21T13:12:43.141397,0.3598454405382284,0.22213653792282628,-16.133870090198172,40.82070012521298,-8.848129659097149,0,0,0,0,0,SAFE
2026-07-21T13:12:43.234141,0.35978034631117406,0.26616063736459783,-16.112960113155623,41.623566188013555,-9.10649698560862,0,0,0,0,0,SAFE
2026-07-21T13:12:43.328127,0.3459612728199748,0.2289536597100068,-16.935679503491286,40.03955402624071,-8.500495050112107,0,0,0,0,0,SAFE
2026-07-21T13:12:43.420149,0.32437626667849156,0.21419830424157743,-16.344246050247932,40.776727192697635,-8.935717212885708,0,0,0,0,0,SAFE
2026-07-21T13:12:43.509800,0.3030039902146092,0.21202388648538395,-15.851244898421925,41.57553135547572,-8.731764199588364,0,0,0,0,0,SAFE
2026-07-21T13:12:43.605723,0.3585158992635824,0.2412866256704944,-15.844069115162569,41.50751824856756,-8.921427082320506,0,0,0,0,0,SAFE
2026-07-21T13:12:43.700217,0.34549840179141644,0.23384353649785394,-15.436988152536259,43.629789097366725,-9.818168388808521,0,0,0,0,0,SAFE
2026-07-21T13:12:43.799335,0.3874072299164255,0.19991841729213894,-16.72370758045733,42.326279812583095,-9.099518231148934,0,0,0,0,0,SAFE
2026-07-21T13:12:43.911017,0.3461632893590246,0.2222222222222222,-16.548559114159303,41.534660780881495,-9.827710519726246,0,0,0,0,1,DISTRACTED
2026-07-21T13:12:44.011140,0.3708790042888641,0.234375,-16.114509930032682,42.846591654646595,-10.034753866634912,0,0,0,0,1,DISTRACTED
2026-07-21T13:12:44.114051,0.37628071289454684,0.23345519933008715,-16.321416094741892,43.04191861873811,-8.981478044091704,0,0,0,0,1,DISTRACTED
2026-07-21T13:12:44.210656,0.3470650182056542,0.232366448700605,-15.706673121385023,42.54931282467864,-9.163389733086415,0,0,0,0,1,DISTRACTED
2026-07-21T13:12:44.306687,0.33166012190227084,0.2271684498057685,-16.452330703639092,41.24444824160065,-9.239148986390292,0,0,0,0,1,DISTRACTED
2026-07-21T13:12:44.405474,0.3951863062187605,0.21441160237238993,-15.39975612531856,42.67226796597249,-8.967403948209014,0,0,0,0,1,DISTRACTED
2026-07-21T13:12:44.503568,0.3670525039914394,0.22867405000701818,-15.948396267965478,41.022608273594855,-8.450049499926738,0,0,0,0,1,DISTRACTED
2026-07-21T13:12:44.605702,0.3821906741270559,0.227395923779871,-15.070701918164957,41.831089988551675,-9.553263150350727,0,0,0,0,1,DISTRACTED
2026-07-21T13:12:44.700313,0.29806975742763303,0.24193548387096775,-15.859388535505104,41.89544331260389,-9.462857129622588,0,0,0,0,1,DISTRACTED
2026-07-21T13:12:44.795405,0.3001236884572507,0.21632230276704145,-14.964981392051328,41.02022257533858,-8.09994809263639,0,0,0,0,1,DISTRACTED
2026-07-21T13:12:44.891496,0.3619026422678735,0.2263081684685625,-15.549339360994423,43.07596215711969,-9.333020681630506,0,0,0,0,1,DISTRACTED
2026-07-21T13:12:44.992778,0.3579410764990087,0.2407295718590178,-16.708594878257202,42.27656926605177,-9.168264929063826,0,0,0,0,1,DISTRACTED
2026-07-21T13:12:45.090386,0.3668111127193313,0.19687932316499937,-16.246564583396463,42.52220572573662,-9.646021751117079,0,0,0,0,1,DISTRACTED
2026-07-21T13:12:45.184500,0.33747026800838575,0.22522208691207962,-15.635509350564263,41.549361697470886,-9.528721012004713,0,0,0,0,1,DISTRACTED
2026-07-21T13:12:45.284785,0.34373229587287757,0.2342606428329091,-15.8509536070884,41.68854651194643,-9.755274294888263,0,0,0,0,1,DISTRACTED
2026-07-21T13:12:45.380760,0.37246808566993084,0.22667961121136906,-15.967128458065758,42.53469333435969,-9.545975914730043,0,0,0,0,1,DISTRACTED
2026-07-21T13:12:45.481603,0.30867021669155464,0.2615369819903063,-14.891669163656843,40.8523889644779,-8.899306909708042,0,0,0,0,1,DISTRACTED
2026-07-21T13:12:45.580610,0.2789383016744544,0.2339817224506089,-16.250804873240043,40.430078947025706,-8.208192193810405,0,0,0,0,1,DISTRACTED
2026-07-21T13:12:45.673715,0.3402112931906058,0.2618720641532224,-14.466609150523425,41.0624723869858,-8.955688560049078,0,0,0,0,1,DISTRACTED
2026-07-21T13:12:45.764320,0.36933670638580307,0.2419802416075614,-15.659983763380694,40.157819100865794,-7.729735279183454,0,0,0,0,1,DISTRACTED
2026-07-21T13:12:45.859412,0.3818788679987324,0.232366448700605,-14.443008121684443,42.14473121310965,-9.94242241859524,0,0,0,0,1,DISTRACTED
2026-07-21T13:12:45.962014,0.3293058858654677,0.22770863892708748,-16.05095432568544,40.38814104264029,-8.371917693755824,0,0,0,0,1,DISTRACTED
2026-07-21T13:12:46.059128,0.3918029185429361,0.27235149346477655,-14.621365006125359,44.127220912270914,-10.157996723595943,0,0,0,0,1,DISTRACTED
2026-07-21T13:12:46.157305,0.36615920293801296,0.21864326664404848,-14.616586675449895,41.345465382685184,-8.495192354375249,0,0,0,0,1,DISTRACTED
2026-07-21T13:12:46.252921,0.3727510646520157,0.22727272727272727,-15.154440826692479,40.738998326834974,-9.209824880481584,0,0,0,0,1,DISTRACTED
2026-07-21T13:12:46.348257,0.3035990989789944,0.21864326664404848,-15.75567329880272,40.7673275302055,-8.712847579951728,0,0,0,0,1,DISTRACTED
2026-07-21T13:12:46.448483,0.3418393675013146,0.2271684498057685,-14.751326043040109,40.34308768095655,-8.650421741644022,0,0,0,0,1,DISTRACTED
2026-07-21T13:12:46.545341,0.34172891200259337,0.22727272727272727,-16.08454172056736,40.352113129443744,-8.912198163539507,0,0,0,0,1,DISTRACTED
2026-07-21T13:12:46.637436,0.3641096898330033,0.2289536597100068,-15.164160700487116,41.231332096377464,-9.209658297699917,0,0,0,0,1,DISTRACTED
2026-07-21T13:12:46.734556,0.3496997124954693,0.2263081684685625,-14.865711478662433,42.60757587411616,-9.070581517085339,0,0,0,0,1,DISTRACTED
2026-07-21T13:12:46.831127,0.3560291002847159,0.2457430318951579,-15.453072611394646,42.15144078981382,-10.143141562806457,0,0,0,0,1,DISTRACTED
2026-07-21T13:12:46.929250,0.3596032903314135,0.22522208691207962,-15.31460621345903,41.84803004893493,-10.14278924488039,0,0,0,0,1,DISTRACTED
2026-07-21T13:12:47.029267,0.3351943917592318,0.22058823529411764,-15.025614149804511,40.9061625377764,-9.070000524037136,0,0,0,0,1,DISTRACTED
2026-07-21T13:12:47.125791,0.35887881124336174,0.24084708691207962,-16.1856587082128,41.61036592365263,-10.645347788461002,0,0,0,0,1,DISTRACTED
2026-07-21T13:12:47.217882,0.3216204984543128,0.2334415333292899,-16.067692106666613,40.62594768045681,-8.696344513768315,0,0,0,0,1,DISTRACTED
2026-07-21T13:12:47.312789,0.3724301225947916,0.21212121212121213,-15.102891184223466,41.785330699952084,-9.777059618517484,0,0,0,0,1,DISTRACTED
2026-07-21T13:12:47.404858,0.32765744042531875,0.21212121212121213,-15.07555959900472,41.52523339046375,-9.147336470780525,0,0,0,0,1,DISTRACTED
2026-07-21T13:12:47.501709,0.368401229898383,0.22058823529411764,-15.197273281497871,41.23880882094236,-9.84217401721245,0,0,0,0,1,DISTRACTED
2026-07-21T13:12:47.598291,0.31517754162387646,0.22058823529411764,-15.389263372910648,41.019411595336805,-9.325469283698743,0,0,0,0,1,DISTRACTED
2026-07-21T13:12:47.691902,0.31935691412195055,0.2271684498057685,-15.062913311561886,40.39107755913897,-9.72161463829635,0,0,0,0,1,DISTRACTED
2026-07-21T13:12:47.789167,0.3344861125442352,0.22727272727272727,-15.453565559370787,40.91148214070174,-9.424565798579797,0,0,0,0,1,DISTRACTED
2026-07-21T13:12:47.882267,0.35014393841564045,0.22058823529411764,-14.944447967268786,41.98905470334574,-9.875816041626484,0,0,0,0,1,DISTRACTED
2026-07-21T13:12:47.986199,0.3454869054356447,0.2204928870141955,-15.444772414300417,41.10975451150377,-10.036999600430542,0,0,0,0,1,DISTRACTED
2026-07-21T13:12:48.087432,0.3151570127805267,0.22058823529411764,-15.63963384318427,41.755687409798746,-9.570697782174257,0,0,0,0,1,DISTRACTED
2026-07-21T13:12:48.179634,0.37698114308425734,0.20588235294117646,-15.314983965429036,42.23442329594326,-10.558203407341786,0,0,0,0,1,DISTRACTED
2026-07-21T13:12:48.287276,0.34403486308350917,0.22972972972972974,-17.31824974719345,40.16823036071682,-9.745314937971969,0,0,0,0,1,DISTRACTED
2026-07-21T13:12:48.382251,0.3602001488217219,0.2372677996249965,-16.441466114743548,42.79012228240935,-10.964331931707044,0,0,0,0,1,DISTRACTED
2026-07-21T13:12:48.476862,0.37139380011253875,0.227975188366293,-16.692747893714483,40.84215687141447,-10.353094769348107,0,0,0,0,1,DISTRACTED
2026-07-21T13:12:48.578687,0.30740665466739475,0.23439311403462793,-12.059951348627095,39.51102193176735,-7.449311877902672,0,0,0,0,1,DISTRACTED
2026-07-21T13:12:48.674084,0.22506763900007754,0.2222803987152962,-11.874039006504063,29.544292647288664,-8.321683128036797,0,0,0,0,1,DISTRACTED
2026-07-21T13:12:48.770662,0.21458784156716187,0.2273219253216873,-8.799620248166292,24.793988820169616,-7.240414424643198,0,0,0,0,0,SAFE
2026-07-21T13:12:48.866261,0.21672018653608816,0.2444250884895526,3.618454135606896,24.816881963967525,-0.43562692683474324,0,0,0,0,0,SAFE
2026-07-21T13:12:48.962868,0.21006061853631422,0.22595052521900297,4.986510882844527,9.32234737166666,-2.5962392396687903,0,0,0,0,0,SAFE
2026-07-21T13:12:49.061194,0.2620662582049478,0.2304534840052444,5.516868981888194,11.371660441764211,-2.2055451879340353,0,0,0,0,0,SAFE
2026-07-21T13:12:49.149782,0.24716028309666718,0.22531374464267423,4.030846848067995,1.50088094458221,-3.13416319457005,0,0,0,0,0,SAFE
2026-07-21T13:12:49.250933,0.25532105157055895,0.2351007483012526,3.8319204921927508,3.7452700444717153,-2.9576685037028483,0,0,0,0,0,SAFE
2026-07-21T13:12:49.344868,0.25843176524856737,0.2351007483012526,4.923483318484131,12.157259104993559,-2.1148228992282725,0,0,0,0,0,SAFE
2026-07-21T13:12:49.439610,0.2773091045532816,0.22595052521900297,5.030966791715684,17.907836620854752,-1.559859577903154,0,0,0,0,0,SAFE
2026-07-21T13:12:49.538736,0.2818819144034086,0.2205106577455029,4.171116225750296,20.294680967586302,-1.5548028780614231,0,0,0,0,0,SAFE
2026-07-21T13:12:49.633318,0.26275808773970744,0.22466819187831216,4.992792670316163,20.153750964375984,-1.6474476096654769,0,0,0,0,0,SAFE
2026-07-21T13:12:49.726744,0.2759848652488708,0.23969751143924486,-6.246880051670104,5.495998509285481,-4.326407423428585,0,0,0,0,0,SAFE
2026-07-21T13:12:49.821845,0.2762272331140143,0.2296635634057943,-6.843337291971807,8.022602977784121,-4.704233553825608,0,0,0,0,0,SAFE
2026-07-21T13:12:49.915953,0.277277316490969,0.22397654880492177,4.668018306385363,20.681922564652602,-1.4423714011785478,0,0,0,0,0,SAFE
2026-07-21T13:12:50.011142,0.2694150626446529,0.22397654880492177,5.014620684837553,21.043429954939654,-1.468668071491635,0,0,0,0,0,SAFE
2026-07-21T13:12:50.100148,0.27309092318592315,0.22397654880492177,4.869132161502932,18.840987454419036,-1.7667248625122625,0,0,0,0,0,SAFE
2026-07-21T13:12:50.197116,0.2710823882645277,0.22949394609190651,5.1758384517814875,19.479120392504385,-1.6675467310966212,0,0,0,0,0,SAFE
2026-07-21T13:12:50.289132,0.27309092318592315,0.22949394609190651,4.6568067108244975,18.473864421271138,-1.877806421573439,0,0,0,0,0,SAFE
2026-07-21T13:12:50.393354,0.2765893522211897,0.22532340127466086,5.3953214310657245,19.000431420001007,-1.4257874696274655,0,0,0,0,0,SAFE
2026-07-21T13:12:50.494699,0.26158647387459283,0.22532340127466086,5.251885207450073,19.223666776130003,-1.335981753532053,0,0,0,0,0,SAFE
2026-07-21T13:12:50.594150,0.2710823882645277,0.23447655130531322,5.164660773085444,20.085388137847723,-1.2697398524280459,0,0,0,0,0,SAFE
2026-07-21T13:12:50.697165,0.2792858514123644,0.22981386213343566,4.526212724274046,18.236173936280064,-1.5366022265322954,0,0,0,0,0,SAFE
2026-07-21T13:12:50.790765,0.30016077723093754,0.23978606150948245,5.094264790280874,22.3184968742051,-0.9366310456114775,0,0,0,0,0,SAFE
2026-07-21T13:12:50.929175,0.26966587224590666,0.2339485619836203,4.095506560290232,20.146373310853896,-1.519184735877559,0,0,0,0,0,SAFE
2026-07-21T13:12:51.031734,0.2846727180209814,0.23978606150948245,3.859874238523105,19.668585637146933,-1.4190650424216926,0,0,0,0,0,SAFE
2026-07-21T13:12:51.138851,0.28688156581068947,0.22949394609190651,4.220574626032686,19.64942046142873,-1.6833057143429357,0,0,0,0,0,SAFE
2026-07-21T13:12:51.246290,0.2899384816623426,0.2296635634057943,-6.356418398678983,9.127265985601438,-5.045657400772762,0,0,0,0,0,SAFE
2026-07-21T13:12:51.338637,0.2838562275944312,0.22397654880492177,5.6052441947891225,22.648918790853,-1.3845720589293364,0,0,0,0,0,SAFE
2026-07-21T13:12:51.440651,0.2838562275944312,0.23448660064237895,5.599686849885558,20.592487370958835,-1.6815696377653069,0,0,0,0,0,SAFE
2026-07-21T13:12:51.538261,0.2713741502449631,0.21952579330654526,5.228463377202928,20.499207476580022,-1.6521832435335284,0,0,0,0,0,SAFE
2026-07-21T13:12:51.630171,0.26595780188614526,0.21983181367877785,5.31100408742455,20.57245142781598,-1.7945615837971616,0,0,0,0,0,SAFE
2026-07-21T13:14:42.969669,0.22713983920709782,0.23121930077306949,5.792707474138581,0.7240018541081855,-1.20936480952372,0,0,0,0,0,SAFE
2026-07-21T13:14:43.098204,0.23001350451970942,0.227235170843937,8.540094199012515,-6.221673364558391,-1.5011495591688515,0,0,0,0,0,SAFE
2026-07-21T13:14:43.207131,0.2350537175591681,0.22741688632347157,7.3438184147433105,-6.205212443545898,-1.3863023787992859,0,0,0,0,0,SAFE
2026-07-21T13:14:43.316806,0.23951634868159177,0.22218412807225138,9.250085920591658,-5.824200623831647,-1.1859381920805845,0,0,0,0,0,SAFE
2026-07-21T13:14:43.416219,0.2265241958506855,0.21833504453516958,5.6131340052139365,-6.369375314325675,-1.597475754121632,0,0,0,0,0,SAFE
2026-07-21T13:14:43.720662,0.2172523320528555,0.2265712240620016,5.25012930636035,-3.783298657845333,-1.0578283065021594,0,0,0,0,0,SAFE
2026-07-21T13:14:43.817605,0.1996110684282687,0.22204269449250216,3.5360269186386404,-3.0605069963365628,-1.6578058553002961,0,0,0,0,0,SAFE
2026-07-21T13:14:43.909709,0.18780696001511352,0.219459170959483,1.7172644468018632,-0.7012511343532748,-1.2025027767307108,0,0,0,0,0,SAFE
2026-07-21T13:14:44.010869,0.21607286534235665,0.23226424664110829,-0.038017169868169276,-0.9820040377241752,-1.5985118890346541,0,0,0,0,0,SAFE
2026-07-21T13:14:44.114609,0.2255512714970971,0.22544686174612413,-9.739482702577988,-2.140371851153894,0.415158831298655,0,0,0,0,0,SAFE
2026-07-21T13:14:44.204983,0.22747918761286107,0.22115384615384615,1.7686780102869761,-3.6685746678797986,0.5677592058832488,0,0,0,0,0,SAFE
2026-07-21T13:14:44.308904,0.23337482960389505,0.22549019607843138,1.1602781923585042,3.124125705188686,0.9551896824685002,0,0,0,0,0,SAFE
2026-07-21T13:14:44.407101,0.23753538469762214,0.22544686174612413,2.298864079531114,4.98224987169281,1.0844769115464885,0,0,0,0,0,SAFE
2026-07-21T13:14:44.502840,0.23670945457545406,0.22115384615384615,1.5231891877299972,5.003431119432353,0.9131405653124318,0,0,0,0,0,SAFE
2026-07-21T13:14:44.603197,0.2324704912467199,0.22111296366044686,0.3588182776635449,6.993843380935586,0.79156329192557,0,0,0,0,0,SAFE
2026-07-21T13:14:44.693430,0.19703421251708933,0.2348666955872769,-10.03277695313426,7.712083033533958,-0.6073201912069848,0,0,0,0,0,SAFE
2026-07-21T13:14:44.791586,0.19594860715019796,0.22444306128771244,-12.209494026119046,7.947426981365661,-1.5310404394276123,0,0,0,0,0,SAFE
2026-07-21T13:14:44.886581,0.178058067569092,0.22981622050601155,0.11722122055780915,5.7153060934638455,0.38531679919330486,0,0,0,0,0,SAFE
2026-07-21T13:14:44.984561,0.17928912382526863,0.2200511848676606,-2.357751242784502,4.627796492997411,-9.642729864367539e-05,0,0,0,0,0,SAFE
2026-07-21T13:14:45.088721,0.24645770217837593,0.23473022315031464,-13.597115617188962,8.372628043216828,-3.3859236877238614,1,0,0,1,0,DROWSY
2026-07-21T13:14:45.184069,0.2122498989942807,0.2268367972272031,0.696410606389378,14.276828132117021,-1.1885291996376282,1,0,0,1,0,DROWSY
2026-07-21T13:14:45.278550,0.20332068864544034,0.22596890693777952,1.266409305568061,15.312311216011873,-1.833357700760189,1,0,0,1,0,DROWSY
2026-07-21T13:14:45.370905,0.23106857203511433,0.21683902445504274,0.7092324036406978,16.82130405357059,-1.503164110036522,1,0,0,1,0,DROWSY
2026-07-21T13:14:45.474519,0.2294098187921194,0.21591263323193452,1.4914834367254173,19.022502391855863,-1.7416977900769268,1,0,0,1,0,DROWSY
2026-07-21T13:14:45.573196,0.25696948448852935,0.22981386213343566,2.6391495948160184,20.15761770519565,-1.5544558194038132,1,0,0,0,0,SAFE
2026-07-21T13:14:45.669085,0.23616946129341057,0.24392076135966712,2.4314040216091826,20.727161788167646,-1.4114174818720073,1,0,0,0,0,SAFE
2026-07-21T13:14:45.768652,0.23943581433389333,0.2256481345517214,0.9462434032215015,19.75800929243861,-1.8545788773899403,1,0,0,0,0,SAFE
2026-07-21T13:14:45.866134,0.24300495311183512,0.22099530244034674,1.642567946712262,19.201622947830433,-1.771105211460565,1,0,0,0,0,SAFE
2026-07-21T13:14:45.965263,0.23547664622219644,0.23088703629569973,1.7547524001638237,19.19489288364389,-2.002541458755559,1,0,0,0,0,SAFE
2026-07-21T13:14:46.062382,0.2481456609405601,0.2256481345517214,4.177134115035045,17.664980921673763,-1.631336352688976,1,0,0,0,0,SAFE
2026-07-21T13:14:46.166774,0.24379626461560974,0.23058604163069665,4.876924429139791,16.653196046501794,-1.3074119497601941,1,0,0,0,0,SAFE
2026-07-21T13:14:46.423260,0.28959983529038325,0.22532340127466086,4.962938197328327,18.623110185775385,-0.29281726659843343,1,0,0,0,0,SAFE
2026-07-21T13:14:46.520753,0.2647457175941632,0.22552987298458999,4.035622626732049,15.297550413527887,-0.5871552810448293,1,0,0,0,0,SAFE
2026-07-21T13:14:46.622224,0.27263324358822555,0.22552987298458999,2.7305417654412167,16.442981036074666,-0.44857086748800157,1,0,0,0,0,SAFE
2026-07-21T13:14:46.717812,0.26250424726352695,0.24002534513504403,3.1014101265260194,16.97679524156533,-0.2015621200429507,1,0,0,0,0,SAFE
2026-07-21T13:14:46.816790,0.2667862621676599,0.23532626465842862,3.9499966696769206,17.44237238131987,0.10810586936398181,1,0,0,0,0,SAFE
2026-07-21T13:14:46.917732,0.2537956189063613,0.22531374464267423,3.082976039614209,17.780385562602603,-0.25747701761164876,1,0,0,0,0,SAFE
2026-07-21T13:14:47.020194,0.24416815008928391,0.22531374464267423,2.263482312763614,17.86783907019913,-1.0305608353394575,1,0,0,0,0,SAFE
2026-07-21T13:14:47.119928,0.22531612574561677,0.2207307063560358,2.666508033106453,19.591128085541243,-1.0311628768247942,1,0,0,0,0,SAFE
2026-07-21T13:14:47.216567,0.2588053396679537,0.22161987825695786,4.029835081787326,20.080110673595993,-1.2198247514293712,1,0,0,0,0,SAFE
2026-07-21T13:14:47.319269,0.2495021638610188,0.2304534840052444,3.6444158463516487,19.75834804245576,-1.1393357205234338,1,0,0,0,0,SAFE
2026-07-21T13:14:47.417866,0.2508066508720803,0.2205106577455029,4.2939805959662465,20.047798780934105,-1.1224116730761011,1,0,0,0,0,SAFE
2026-07-21T13:14:47.520283,0.25514630405559624,0.22949394609190651,3.5475041104555487,20.232689948834455,-0.9886565022216303,1,0,0,0,0,SAFE
2026-07-21T13:14:47.749688,0.25367683339112945,0.23049270620016069,3.672146353333744,20.40601335849743,-1.287535273782396,1,0,0,0,0,SAFE
2026-07-21T13:14:47.858572,0.23070237963197457,0.2205106577455029,3.639181754523406,20.1643708744681,-1.3059347455317436,1,0,0,0,0,SAFE
2026-07-21T13:14:47.967318,0.2343349701661373,0.21952579330654526,3.5404604763679686,20.62835710892774,-1.3542594358153792,1,0,0,0,0,SAFE
2026-07-21T13:14:48.078426,0.21232515307638306,0.24040344797805396,0.8562104459698503,19.49916544044088,-2.6496589331395626,1,0,0,0,0,SAFE
2026-07-21T13:14:48.182128,0.22747918761286107,0.22887332084456283,1.4099003000203254,15.723348776220508,-1.7430562198269968,1,0,0,0,0,SAFE
2026-07-21T13:14:48.300461,0.20120717457765028,0.22430159009579506,-1.6677388415007215,9.927511345472189,-1.5403975070504998,1,0,0,0,0,SAFE
2026-07-21T13:14:48.400027,0.23071782037310867,0.2185713942588105,-0.7918437471705033,10.951212755060066,-1.4151246789185166,1,0,0,0,0,SAFE
2026-07-21T13:14:48.494829,0.2410821894502206,0.2200511848676606,-0.13820679305561612,8.879798008644165,-0.12287045143898467,1,0,0,0,0,SAFE
2026-07-21T13:14:48.596352,0.22578418003917528,0.23408386192813352,-9.515650743349624,3.6991992415657555,-0.9241836291764329,1,0,0,0,0,SAFE
2026-07-21T13:14:48.689176,0.21426450206571307,0.23429570257051743,2.620641490771078,2.056878079632652,0.21878280040718323,1,0,0,0,0,SAFE
2026-07-21T13:14:48.775937,0.19067980791171668,0.2391304347826087,4.314208524421986,-1.0794772113122812,0.376707097711801,1,0,0,0,0,SAFE
2026-07-21T13:14:48.871547,0.20918328263290736,0.22826086956521738,3.6172315285400316,-3.785757340131711,-0.06433679845494567,1,0,0,0,0,SAFE
2026-07-21T13:14:48.973155,0.21243792529574185,0.22335370565104642,4.9292555731441325,-5.518562876985854,-0.5027447514603693,1,0,0,0,0,SAFE
2026-07-21T13:14:49.073828,0.25316323972186144,0.22846554332652066,4.727839264867612,-5.099563269397116,-1.0729961454883323,1,0,0,0,0,SAFE
2026-07-21T13:14:49.172777,0.2481127654445603,0.22846554332652066,5.68159120682526,-5.87802302428844,-1.0497558691467077,1,0,0,0,0,SAFE
2026-07-21T13:14:49.269747,0.22594608310534592,0.22820695179676348,3.8465531076677166,-8.546688726894281,-1.3566720032557953,1,0,0,0,0,SAFE
2026-07-21T13:14:49.371209,0.21098411774418943,0.22749789381042104,6.996120999811211,-8.716897222306478,-1.750047634075571,1,0,0,0,0,SAFE
2026-07-21T13:14:49.468697,0.2064120493121545,0.22099710263708916,6.181928785814506,-8.327607851223775,-2.0444648939681827,1,0,0,0,0,SAFE
2026-07-21T13:14:49.571547,0.24254068619888652,0.2261263904897451,8.164488097777564,-4.852327113537023,0.33031312828370574,1,0,0,0,0,SAFE
2026-07-21T13:14:49.666140,0.25704517403567384,0.22721405353294152,12.590832015095998,-11.447308184106594,-0.30732013764495036,1,0,0,0,0,SAFE
2026-07-21T13:14:49.766740,0.23244771765620217,0.22216737285146887,12.057294072959536,-8.664508301027196,0.5035030009521222,1,0,0,0,0,SAFE
2026-07-21T13:14:49.858111,0.27662869476817076,0.22087051361325663,9.768364876719119,-12.293353963116928,-0.875018688138141,1,0,0,0,0,SAFE
2026-07-21T13:14:49.954472,0.27072858516696724,0.22727272727272727,12.686007042750134,-7.843591930932069,-0.4586901344487444,1,0,0,0,0,SAFE
2026-07-21T13:14:50.057456,0.2913622912267512,0.23284865575000915,13.540056565190298,-12.759567837789564,-1.9456103977513521,1,0,0,0,0,SAFE
2026-07-21T13:14:50.154221,0.28247267982393465,0.24974213505257492,16.053370062185024,-14.014820872848789,-3.1817451243361177,1,0,0,0,0,SAFE
2026-07-21T13:14:50.242426,0.278083279968776,0.23278571517425461,15.292035854837934,-1.729903025840044,-1.6710710662939618,1,0,0,0,0,SAFE
2026-07-21T13:14:50.336265,0.28946112367235055,0.22749789381042104,15.439396726156104,-7.786617861261566,-2.8729558954368883,1,0,0,0,0,SAFE
2026-07-21T13:14:50.427984,0.2963679355582193,0.23259719924496106,13.921961955415867,-9.708048233647705,-3.3928004153983977,1,0,0,0,0,SAFE
2026-07-21T13:14:50.527168,0.28253644860582405,0.23354007669668725,15.73601663264759,-5.65186407973236,-2.4830849273108697,1,0,0,0,0,SAFE
2026-07-21T13:14:50.622858,0.28173673678425637,0.22830383594988932,14.99810315576508,-7.069643441163251,-3.1876655573929895,1,0,0,0,0,SAFE
2026-07-21T13:14:50.723738,0.2716995832211638,0.22846554332652066,11.257917328106487,-11.73242740123237,-2.8922283576566485,1,0,0,0,0,SAFE
2026-07-21T13:14:50.818788,0.2661014343016783,0.23812284369161815,3.3422200674847886,0.17530551266312605,-1.309381182089097,1,0,0,0,0,SAFE
2026-07-21T13:14:50.913427,0.25445341376216296,0.2261904761904762,9.907354932013106,19.824887479398463,1.7810698350656082,1,0,0,0,0,SAFE
2026-07-21T13:14:51.010559,0.24911270062620267,0.23784695471649933,10.271430078911578,27.78077255538762,2.951300494567249,1,0,0,0,0,SAFE
2026-07-21T13:14:51.107272,0.26325800216562134,0.23676013879409538,-4.874460765360283,32.15891668621965,-4.075697692997326,1,0,0,0,0,SAFE
2026-07-21T13:14:51.200065,0.3321890512060809,0.23529411764705882,-9.21097126447981,39.599331870232525,-6.730233679256151,1,0,0,0,0,SAFE
2026-07-21T13:14:51.299200,0.3465609589466282,0.23568185378811254,-8.79972088716417,38.604977968567674,-6.599048011965485,1,0,0,0,0,SAFE
2026-07-21T13:14:51.395098,0.3408250136260954,0.235376895471311,-12.83209938586839,40.84156305005269,-7.906260170346656,1,0,0,0,0,SAFE
2026-07-21T13:14:51.487667,0.2635907990514081,0.21138217155662417,-12.897492781599539,44.80995644705111,-7.919012975656123,1,0,0,0,0,SAFE
2026-07-21T13:14:51.582321,0.3596395094974969,0.20233535853981685,0.25680211330336533,59.96622658335954,5.14263598580888,1,0,0,0,0,SAFE
2026-07-21T13:14:51.673914,0.27392279333601716,0.21463321208596092,-17.677583843447195,47.137607209186335,-13.997080482528391,1,0,0,0,0,SAFE
2026-07-21T13:14:51.772406,0.32090585907218167,0.20833333333333334,-17.711041132503283,50.790986839163544,-14.8184012894121,1,0,0,0,0,SAFE
2026-07-21T13:14:51.874712,0.4001945961466459,0.2294105558200318,-16.266671481070432,50.18491607059938,-12.956246999588608,1,0,0,0,0,SAFE
2026-07-21T13:14:51.969294,0.3820636832840731,0.22,-16.855388605424338,49.399766331198016,-14.212392220984599,1,0,0,0,0,SAFE
2026-07-21T13:14:52.067243,0.35709915205126924,0.21153846153846154,-17.92317282931404,48.55837652610172,-14.728416692879403,1,0,0,0,0,SAFE
2026-07-21T13:14:52.165890,0.196088223031368,0.19230769230769232,-19.64618549614471,46.480185869789956,-16.286078974096075,1,0,0,0,0,SAFE
2026-07-21T13:14:52.263197,0.24708834259236867,0.21234060947483044,-19.611090629684924,47.053601897920416,-14.930770135580085,1,0,0,0,0,SAFE
2026-07-21T13:14:52.360726,0.2933294431453119,0.1875,-18.56054829755422,48.68598185095955,-14.803146520200931,1,0,0,0,0,SAFE
2026-07-21T13:14:52.452345,0.31839504624699255,0.23147041536332277,-15.762272612649866,45.92797702462258,-12.84545948988406,1,0,0,0,0,SAFE
2026-07-21T13:14:52.557633,0.2837133444962714,0.20833333333333334,-16.020748134498177,46.746759058864846,-12.864705992323817,1,0,0,0,0,SAFE
2026-07-21T13:14:52.659231,0.26964390788629394,0.23855849281655636,-16.08295278823047,46.000449704228245,-12.420453515931635,1,0,0,0,0,SAFE
2026-07-21T13:14:52.758214,0.3019817799491378,0.23147041536332277,-16.324849278535396,46.28190107211459,-12.440049453214808,1,0,0,0,0,SAFE
2026-07-21T13:14:52.852287,0.2852839482803193,0.19216561050602196,-18.08300299022295,46.83810531525711,-13.353173648431028,1,0,0,0,0,SAFE
2026-07-21T13:14:52.942887,0.30584092115768136,0.21153846153846154,-17.385062049282823,46.233105804693295,-13.827934324290652,1,0,0,0,0,SAFE
2026-07-21T13:14:53.032999,0.2879222464902177,0.19984019174435788,-17.586998958202088,46.037608743958764,-13.684770833505866,1,0,0,0,0,SAFE
2026-07-21T13:14:53.132468,0.29946947342138086,0.25,-18.600883075427674,46.318091830232554,-14.671129834963635,1,0,0,0,0,SAFE
2026-07-21T13:14:53.218806,0.2886370356945628,0.20815272356090667,-19.016468785732968,46.676684565262065,-14.31686019059348,1,0,0,0,0,SAFE
2026-07-21T13:14:53.317257,0.32702118030005456,0.2,-20.092075012762564,46.02340058721181,-15.146967050115018,1,0,0,0,0,SAFE
2026-07-21T13:14:53.409205,0.3262107456969189,0.2171861213815347,-20.216706582896478,46.867101168673265,-14.990122471323534,1,0,0,0,0,SAFE
2026-07-21T13:14:53.511672,0.2876937638335667,0.20815272356090667,-19.035815601480493,47.259478879980904,-14.087093092688926,1,0,0,0,0,SAFE
2026-07-21T13:14:53.606925,0.2520504958976515,0.22,-18.38945843960613,47.14027943922063,-14.011029156354073,1,0,0,0,0,SAFE
2026-07-21T13:14:53.714367,0.28561916075582483,0.1875,-18.976209036424905,47.180774327533136,-14.79699060323492,1,0,0,0,0,SAFE
2026-07-21T13:14:53.816248,0.262689168755476,0.21739130434782608,-18.328804284455288,47.328953546895974,-13.86308690130275,1,0,0,0,0,SAFE
2026-07-21T13:14:53.908872,0.2536946348511861,0.22,-17.53686654320842,46.131052129791215,-13.327258435285033,1,0,0,0,0,SAFE
2026-07-21T13:14:54.003317,0.28208549277027706,0.20083690711317465,-19.02597023190978,46.69361892534206,-13.897915105806149,1,0,0,0,0,SAFE
2026-07-21T13:14:54.114334,0.31935532974969083,0.23769999387355994,-17.999090199407732,49.3550157707674,-13.37248188741176,1,0,0,0,1,DISTRACTED
2026-07-21T13:14:54.209776,0.29010246013978613,0.2294105558200318,-16.965506287694126,47.29513836521426,-12.597560825267852,1,0,0,0,1,DISTRACTED
2026-07-21T13:14:54.308683,0.2706719133884414,0.22909857806038572,-17.274682364301015,45.98648622093331,-13.1078229992143,1,0,0,0,1,DISTRACTED
2026-07-21T13:14:54.406865,0.30660488757359483,0.23779611588277283,-18.892164013753245,46.32114744053079,-14.48744344941707,1,0,0,0,1,DISTRACTED
2026-07-21T13:14:54.502056,0.2875513423869821,0.2391304347826087,-17.699380258694646,47.39532937253737,-12.998590064238416,1,0,0,0,1,DISTRACTED
2026-07-21T13:14:54.594249,0.2555479171001159,0.23779611588277283,-17.65666069492272,46.63512708981211,-13.91564453936106,1,0,0,0,1,DISTRACTED
2026-07-21T13:14:54.687059,0.25862191842835947,0.1956521739130435,-17.16549367953229,47.037927348286054,-12.974369668109691,1,0,0,0,1,DISTRACTED
2026-07-21T13:14:54.783780,0.24978827453778868,0.24898410649350639,-15.921901269117257,45.75175834761956,-12.482971493826847,1,0,0,0,1,DISTRACTED
2026-07-21T13:14:54.889337,0.3203843507011645,0.23059873260722635,-15.255552486681353,45.688159152159734,-11.939454550737839,1,0,0,0,1,DISTRACTED
2026-07-21T13:14:54.985008,0.2595896779507768,0.21138217155662417,-16.036609749796668,45.41433285316216,-12.745043201059117,1,0,0,0,1,DISTRACTED
2026-07-21T13:14:55.074382,0.23727057219140868,0.23147041536332277,-16.868659913415115,45.23080672948173,-12.97555555754355,1,0,0,0,1,DISTRACTED
2026-07-21T13:14:55.171502,0.2555479171001159,0.2222222222222222,-16.266484187733397,44.6698006741548,-12.733374145839774,1,0,0,0,1,DISTRACTED
2026-07-21T13:14:55.278263,0.29391144228679705,0.2183890097149593,-18.001967274912772,45.96232822565291,-15.030086473485865,1,0,0,0,1,DISTRACTED
2026-07-21T13:14:55.384719,0.25309148536569653,0.1875,-18.294821924646016,46.83576051561719,-13.7969336850501,1,0,0,0,1,DISTRACTED
2026-07-21T13:14:55.478173,0.25762050054659236,0.1956521739130435,-18.20111044396876,46.764636263659945,-14.27737680471782,1,0,0,0,1,DISTRACTED
2026-07-21T13:14:55.581893,0.28352698407004256,0.22916666666666666,-19.61610991421972,48.01384179201009,-15.133316564892377,1,0,0,0,1,DISTRACTED
2026-07-21T13:14:55.677623,0.31839504624699255,0.21739130434782608,-19.652932291847208,47.775572493114595,-14.92343488418018,1,0,0,0,1,DISTRACTED
2026-07-21T13:14:55.777676,0.2526158889285829,0.23769999387355994,-20.22412309204887,47.94358020891843,-14.887298572152423,1,0,0,0,1,DISTRACTED
2026-07-21T13:14:55.875310,0.26036066525918344,0.21404317236952233,-19.26044505000911,47.61766666170023,-15.168465936687017,1,0,0,0,1,DISTRACTED
2026-07-21T13:14:55.967956,0.29075248753104754,0.1798561725699221,-19.294088099708944,47.44438090963547,-14.220396942375729,1,0,0,0,1,DISTRACTED
2026-07-21T13:14:56.068615,0.3106316790125428,0.2220699630592816,-18.660653063333143,48.17513048754137,-12.671191376204844,1,0,0,0,1,DISTRACTED
2026-07-21T13:14:56.164412,0.6194375669014941,0.2037037037037037,6.889655201076266,66.62344602821487,7.974697280061804,1,0,0,0,1,DISTRACTED
2026-07-21T13:14:56.267491,0.5166607360779263,0.2169627825494395,-1.3650392700889142,63.05543711085011,2.7799383236451547,1,0,0,0,1,DISTRACTED
2026-07-21T13:14:58.284007,0.3541293551670788,0.33589374359223906,-11.521135763703427,57.84977930586399,12.487597719758128,1,0,0,0,1,DISTRACTED
2026-07-21T13:14:58.384307,0.44161127290305324,0.2073102218654151,-9.040628441293876,60.773749119924496,12.057293865105834,1,0,0,0,1,DISTRACTED
2026-07-21T13:14:58.477317,0.376087420526161,0.21750059611999373,-24.649243713630256,52.88408620943631,-5.049432471503032,1,0,0,0,1,DISTRACTED
2026-07-21T13:14:58.578484,0.3232728820998994,0.22353694351681197,-11.886534735549958,61.236729158869814,4.914155250478927,1,0,0,0,1,DISTRACTED
2026-07-21T13:14:58.677803,0.24032073553449584,0.22639643588437822,-26.38603165409492,52.92699691000655,-9.08211128297685,1,0,0,0,1,DISTRACTED
2026-07-21T13:14:58.777613,0.24500053496331536,0.22524240766711276,-10.972088573380603,59.278009949056354,5.520453475427161,1,0,0,0,1,DISTRACTED
2026-07-21T13:14:58.876022,0.2926731236326342,0.24167721283183505,-8.876832525470945,59.12945358179335,6.82833496547272,1,0,0,0,1,DISTRACTED
2026-07-21T13:14:58.974699,0.2806931752319576,0.2176138075370431,-23.32141562463204,51.56274731793013,-6.054799926422674,1,0,0,0,1,DISTRACTED
2026-07-21T13:14:59.075914,0.2925045052449009,0.20566651757819532,-23.071001128006912,50.65116380429716,-7.008356330755056,1,0,0,0,1,DISTRACTED
2026-07-21T13:14:59.170394,0.3364344659792565,0.221017258058659,-22.096591124220964,48.56997820909795,-5.293869507168027,1,0,0,0,1,DISTRACTED
2026-07-21T13:14:59.271235,0.2828533273202589,0.21848877177726722,-21.707573733359453,50.21923101808089,-4.966443289246208,1,0,0,0,1,DISTRACTED
2026-07-21T13:14:59.375102,0.3686165058279976,0.21026186972431327,-22.82458353019254,50.84286092341061,-6.4591264085180455,1,0,0,0,1,DISTRACTED
2026-07-21T13:14:59.481493,0.2738267099184481,0.21307387407386894,-22.327447469932963,48.009981524786184,-4.652285854484079,1,0,0,0,1,DISTRACTED
2026-07-21T13:14:59.578745,0.2278591675063068,0.2241141554722326,-22.03302555225983,49.008291434132474,-5.780247234080105,1,0,0,0,1,DISTRACTED
2026-07-21T13:14:59.679906,0.24732930121259036,0.2339895963963344,-20.541369382503404,48.16260828942184,-4.948360656912052,1,0,0,0,1,DISTRACTED
2026-07-21T13:14:59.780853,0.17750594376327195,0.23153562620068638,-21.236622018129083,40.64851912119668,-4.641725470249402,1,0,0,0,1,DISTRACTED
2026-07-21T13:14:59.874555,0.17806221363757274,0.2388816079107604,-16.589605475207776,35.104694312273836,-2.570840695469666,1,0,0,0,1,DISTRACTED
2026-07-21T13:14:59.975111,0.1594641505485546,0.21822689541046172,-8.46604150359849,19.392523061915426,-0.40383346013891086,1,0,0,0,0,SAFE
2026-07-21T13:15:00.076425,0.24417504371752236,0.23632457767769446,-5.433937517830088,0.8405665745947497,0.5310421964353583,2,0,0,0,0,SAFE
2026-07-21T13:15:00.177733,0.26754450528514895,0.23214285714285715,-5.95241164823716,-5.870505741581544,1.0340664225944214,2,0,0,0,0,SAFE
2026-07-21T13:15:00.276040,0.25949153868773134,0.227235170843937,1.2863140642703286,-28.702673877813034,-2.203593391657506,2,0,0,0,0,SAFE
2026-07-21T13:15:00.382166,0.2529700245648141,0.22727272727272727,0.2600794024977233,-33.4369517266137,-3.7353860005273987,2,0,0,0,0,SAFE
2026-07-21T13:15:00.481829,0.2712158538930411,0.21814576401017952,-0.9160756323528005,-35.41614198674416,-4.391813695024638,2,0,0,0,0,SAFE
2026-07-21T13:15:00.575867,0.2456902257727534,0.2245346307717373,-10.355726151512613,-27.702989812366653,2.1655024608321107,2,0,0,0,0,SAFE
2026-07-21T13:15:00.683020,0.24945535846067896,0.22895654203569393,-11.113904635722577,-32.11889324719539,2.7498100920998776,2,0,0,0,0,SAFE
2026-07-21T13:15:00.781943,0.26646729667869923,0.22895654203569393,2.5522912445779014,-50.30696059684352,-8.419694762740505,2,0,0,0,0,SAFE
2026-07-21T13:15:00.878697,0.2845828260576223,0.2326124524752062,-13.866647680639403,-34.297552623356786,5.631579244141527,2,0,0,0,0,SAFE
2026-07-21T13:15:00.984966,0.3177108072262961,0.23718081910236405,-10.717318411449753,-36.31634948980539,4.913890045097394,2,0,0,0,0,SAFE
2026-07-21T13:15:01.096184,0.31223878663249227,0.22099710263708916,5.718747439327728,-53.44319458893367,-8.446552266944451,2,0,0,0,0,SAFE
2026-07-21T13:15:01.205251,0.3188653274759497,0.21925149171034317,-9.629259950116136,-34.93747555300476,4.9326513186412235,2,0,0,0,0,SAFE
2026-07-21T13:15:01.306073,0.2721732727143947,0.22099710263708916,-8.434822409487339,-33.01352473811218,3.106361131812696,2,0,0,0,0,SAFE
2026-07-21T13:15:01.414560,0.25005985120077456,0.23335171172797803,-8.665514753049735,-32.02730685111185,2.2007271701426343,2,0,0,0,0,SAFE
2026-07-21T13:15:01.507816,0.2245085162435549,0.23542204021655033,5.92928244000521,-43.25508798418958,-8.258024557349074,2,0,0,0,0,SAFE
2026-07-21T13:15:01.603262,0.24628458666492464,0.23566043584361254,6.947443926582423,-33.4632261162368,-6.466661386303969,2,0,0,0,0,SAFE
2026-07-21T13:15:01.703764,0.21971844075355607,0.23058604163069665,5.520564177707541,-34.32269421382649,-6.073411373701106,2,0,0,0,0,SAFE
2026-07-21T13:15:01.799222,0.250954675135144,0.22711686391537025,6.885269709742062,-29.754156489689535,-5.496342285409469,2,0,0,0,0,SAFE
2026-07-21T13:15:01.899367,0.2810146677290123,0.22645037532512852,-0.575108129303203,-15.042575224419917,-0.06230313897963001,2,0,0,0,0,SAFE
2026-07-21T13:15:01.990948,0.26694513430971245,0.22645037532512852,-0.12075649118540355,-15.434851818687449,-0.15112971255941682,2,0,0,0,0,SAFE
2026-07-21T13:15:02.079905,0.2437120574214337,0.22741688632347157,13.83446645139017,-23.090870794232117,-5.036298615353644,2,0,0,0,0,SAFE
2026-07-21T13:15:02.174551,0.26565525984151395,0.24057579331422171,0.6962436799712464,-11.008333396879733,-0.09476029257405848,2,0,0,0,0,SAFE
2026-07-21T13:15:02.269901,0.2605090240804664,0.23162687951313596,10.787803802237647,-23.206464711208348,-4.067715265092858,2,0,0,0,0,SAFE
2026-07-21T13:15:02.369757,0.2567400757564038,0.22741688632347157,12.581260249301124,-19.89586211565118,-4.196885317073139,2,0,0,0,0,SAFE
2026-07-21T13:15:02.468948,0.2525592181205474,0.22317870521103678,13.627704773511851,-15.356293205854307,-3.1658158986653575,2,0,0,0,0,SAFE
2026-07-21T13:15:02.561280,0.2716493415083745,0.21822689541046172,10.726267249489382,-19.65036552780416,-3.4150621429460557,2,0,0,0,0,SAFE
2026-07-21T13:15:02.655277,0.27505854971487464,0.23162687951313596,11.414639636036185,-19.463810663093405,-3.477300149409075,2,0,0,0,0,SAFE
2026-07-21T13:15:02.754701,0.2833330989901218,0.2263748033713635,0.5929830760757682,-5.259903208891674,0.16133017205946867,2,0,0,0,0,SAFE
2026-07-21T13:15:02.852022,0.2832581881386604,0.22727272727272727,0.6880713946881372,-4.665736687904447,-0.1137089590061925,2,0,0,0,0,SAFE
2026-07-21T13:15:02.950241,0.2867049296671586,0.22741688632347157,11.539385342667714,-15.838232591937047,-2.568666227633173,2,0,0,0,0,SAFE
2026-07-21T13:15:03.051729,0.28285506983263525,0.22741688632347157,11.020840951850118,-16.806322264509237,-2.5980462860084117,2,0,0,0,0,SAFE
2026-07-21T13:15:03.151800,0.29182028747781963,0.23636363636363636,10.800570091096347,-15.953588256019133,-2.129764865854952,2,0,0,0,0,SAFE
2026-07-21T13:15:03.248161,0.30615364276191404,0.23148148148148148,11.052118478996107,-15.699575865086508,-2.122002224104648,2,0,0,0,0,SAFE
2026-07-21T13:15:03.338755,0.30692332630300945,0.23148148148148148,10.702965334718073,-16.296586716419526,-2.294828950891457,2,0,0,0,0,SAFE
2026-07-21T13:15:03.448451,0.2910577937802468,0.227235170843937,9.868969938579795,-17.066279430125554,-2.2066375619938015,2,0,0,0,0,SAFE
2026-07-21T13:15:03.541841,0.26783565485005456,0.23144180007526186,11.941176474099507,-17.002533003089532,-2.5280235323227487,2,0,0,0,0,SAFE
2026-07-21T13:15:03.645266,0.2794408376007348,0.22727272727272727,11.731145577645151,-15.675803184042207,-2.174436114403676,2,0,0,0,0,SAFE
2026-07-21T13:15:03.747863,0.2289803270288922,0.22727272727272727,10.934676914333124,-17.63973393131668,-2.4688793531845192,2,0,0,0,0,SAFE
2026-07-21T13:15:03.846004,0.20148887752560424,0.22321428571428573,12.104035394617199,-13.327188849662004,-2.1250351560987895,2,0,0,0,0,SAFE
2026-07-21T13:15:03.944801,0.16450075754000182,0.23214285714285715,-1.054499377346815,-1.2102082383695332,0.0026067841671832664,2,0,0,0,0,SAFE
2026-07-21T13:15:04.040304,0.1635329267584936,0.22321428571428573,-1.826494483300337,2.435155469222911,-0.7822610797018874,2,0,0,0,0,SAFE
2026-07-21T13:15:04.131300,0.16057501849038827,0.22807017543859648,10.040109854430284,-7.326798822667507,-1.3839861010014545,2,0,0,0,0,SAFE
2026-07-21T13:15:04.233186,0.1635669839047183,0.2265712240620016,-1.86407956361478,5.271289141414202,-1.090883605405284,2,0,0,0,0,SAFE
2026-07-21T13:15:04.327219,0.14989219160171996,0.23632457767769446,-2.20417556637193,6.515781149731315,-1.8128503364505777,2,0,0,0,0,SAFE
2026-07-21T13:15:04.432915,0.1351795364624998,0.23632457767769446,-2.3207845670716836,6.319085547070233,-1.7773586022055443,2,0,0,0,0,SAFE
2026-07-21T13:15:04.531064,0.15622460093637228,0.24541398451145194,-2.8819060233402922,5.565598009289032,-1.6639372888475623,2,0,0,0,0,SAFE
2026-07-21T13:15:04.634748,0.1375410100273886,0.227235170843937,-4.191787174563217,5.350043521732647,-1.2619398437887228,2,0,0,0,0,SAFE
2026-07-21T13:15:04.738358,0.13376142762509666,0.23210585341947826,-3.564307231457633,6.844175532645036,-1.113521989807965,2,0,0,0,0,SAFE
2026-07-21T13:15:04.848983,0.13449122075340483,0.22727272727272727,-3.5415944211874546,8.62837276216547,-1.2698265705142338,2,0,1,0,0,PHONE_USAGE
2026-07-21T13:15:04.947076,0.14944240472070047,0.23649930936713157,-3.516671783889933,7.415164034644628,-1.5418946646976512,2,0,0,0,0,SAFE
2026-07-21T13:15:05.043115,0.1198034843147988,0.23632457767769446,-3.3713279807267327,7.645060944872029,-1.4035413015201759,2,0,0,0,0,SAFE
2026-07-21T13:15:05.140184,0.15742153136409467,0.24069947207827233,-3.9651800543598483,8.092194176305851,-1.2953594541456888,2,0,0,0,0,SAFE
2026-07-21T13:15:05.244782,0.15300687341373415,0.23227746590386206,-4.623942174566139,7.187166559314846,-1.0451157834740492,2,0,0,0,0,SAFE
2026-07-21T13:15:05.337239,0.14854083503651594,0.24120461411230354,-4.358927148017472,7.068228948532234,-1.0728687087654363,2,0,0,0,0,SAFE
2026-07-21T13:15:05.437303,0.155694079312652,0.23148148148148148,-3.8813769037883503,7.117962524468511,-0.9771247919669371,2,0,0,0,0,SAFE
2026-07-21T13:15:05.537978,0.1650459460207938,0.22741688632347157,-4.342120898842609,8.526278337830187,-1.1546901921953647,2,0,0,0,0,SAFE
2026-07-21T13:15:05.642235,0.15490565916051166,0.22745447278539643,-4.343814131281391,7.79677856216893,-0.9816325044745783,2,0,0,1,0,DROWSY
2026-07-21T13:15:05.742381,0.1634828148561582,0.22727272727272727,-5.306035248268444,9.479588218167981,-1.6096220945748883,2,0,1,1,0,PHONE_USAGE
2026-07-21T13:15:05.831092,0.1793943779205474,0.23166659265179265,-4.59261323695236,9.229708315269358,-1.2503325770386546,2,0,1,1,0,PHONE_USAGE
2026-07-21T13:15:05.930737,0.1702567210201701,0.23166659265179265,-4.95493072952641,8.65540408592453,-1.0871296101286279,2,0,1,1,0,PHONE_USAGE
2026-07-21T13:15:06.026959,0.17643986853312157,0.22745447278539643,-4.022211610300587,9.704825523275204,-0.9640186626994026,2,0,0,1,0,DROWSY
2026-07-21T13:15:06.127961,0.18759928530911968,0.23649930936713157,-4.573043052739109,9.304485772579513,-1.012321513255739,2,0,0,1,0,DROWSY
2026-07-21T13:15:06.231461,0.20206614861754724,0.23649930936713157,-4.867940520661676,10.128986162295455,-1.1962152701756221,3,0,0,1,0,DROWSY
2026-07-21T13:15:06.325098,0.21232941124037386,0.2454279405904918,-4.54881041759711,12.102326072552268,-1.5074019219756565,3,0,1,1,0,PHONE_USAGE
2026-07-21T13:15:06.425351,0.21099345670288405,0.2454279405904918,-4.959556865450338,11.394557327354118,-1.5562660294218489,3,0,1,1,0,PHONE_USAGE
2026-07-21T13:15:06.529213,0.2149496929568691,0.24088455151614643,-4.635040766586485,12.259734845586335,-1.549862723625184,3,0,1,1,0,PHONE_USAGE
2026-07-21T13:15:06.629949,0.21163972348788868,0.227235170843937,-4.238163683698161,11.936016535131532,-1.826383115244711,3,0,1,1,0,PHONE_USAGE
2026-07-21T13:15:06.731787,0.1954490423700751,0.22727272727272727,-3.846359293360763,9.834169866008972,-1.3145578334421635,3,0,1,1,0,PHONE_USAGE
2026-07-21T13:15:06.823722,0.2107344112680308,0.23632457767769446,-3.786371408393819,10.03883071860862,-1.1855925908893612,3,0,1,1,0,PHONE_USAGE
2026-07-21T13:15:06.917882,0.2065244601343041,0.227235170843937,-3.8571031596209195,9.145665982283836,-1.1254996498753806,3,0,1,1,0,PHONE_USAGE
2026-07-21T13:15:07.009924,0.21523025778031518,0.22741688632347157,-3.5528656524802216,9.885133120363895,-1.3651109685150875,3,0,1,1,0,PHONE_USAGE
2026-07-21T13:15:07.110960,0.22714059580182094,0.22741688632347157,-3.712594935503944,10.118756710348901,-1.275706291253489,3,0,1,1,0,PHONE_USAGE
2026-07-21T13:15:07.209151,0.2198921403544294,0.227235170843937,-3.1345874991351366,9.530488712928127,-0.999445463076425,3,0,1,1,0,PHONE_USAGE
2026-07-21T13:15:07.306030,0.21983699125948652,0.23162687951313596,-3.6507012697571497,9.200397460241133,-1.2267595609533861,3,0,1,1,0,PHONE_USAGE
2026-07-21T13:15:07.410804,0.2200694650998213,0.23162687951313596,-3.939041610270607,9.166327525398883,-0.9911170988752663,3,0,1,1,0,PHONE_USAGE
2026-07-21T13:15:07.507487,0.24001885259480524,0.23144180007526186,-3.7255307074542543,9.610411473170336,-0.962084307267341,3,0,1,1,0,PHONE_USAGE
2026-07-21T13:15:07.609719,0.24190019040158955,0.23636363636363636,9.080575497303016,12.125252730877863,1.724936103812155,3,0,1,1,0,PHONE_USAGE
2026-07-21T13:15:07.713475,0.23726035299850895,0.23148148148148148,-3.061228215814225,9.105818637617908,-1.0547155208363708,3,0,1,1,0,PHONE_USAGE
2026-07-21T13:15:07.804327,0.23314701681917993,0.23214285714285715,-2.5010974567452706,9.706027171228603,-1.192787487639512,3,0,1,1,0,PHONE_USAGE
2026-07-21T13:15:07.894034,0.22535239542437516,0.23148148148148148,-2.24418410226329,10.417589240631965,-1.2142352477641762,3,0,1,1,0,PHONE_USAGE
2026-07-21T13:15:07.990866,0.2138950934074094,0.23214285714285715,-2.956038059080498,10.550526285175904,-1.6560656456044998,3,0,1,1,0,PHONE_USAGE
2026-07-21T13:15:08.078432,0.2198921403544294,0.23210585341947826,-2.808134740683755,8.914144455975059,-1.4774699592822123,3,0,1,1,0,PHONE_USAGE
2026-07-21T13:15:08.183015,0.22035440809610352,0.227235170843937,-2.1909121049226883,9.197177808541976,-1.4932345185733726,3,0,1,1,0,PHONE_USAGE
2026-07-21T13:15:08.280316,0.22369337104930476,0.23214285714285715,-3.083777759061178,8.7207270199017,-1.2734720409928164,3,0,1,1,0,PHONE_USAGE
2026-07-21T13:15:08.381126,0.2198921403544294,0.22745447278539643,-4.08480300343831,8.938091000760668,-1.2628069442582115,3,0,1,1,0,PHONE_USAGE
2026-07-21T13:15:08.478806,0.23996116578681442,0.22321428571428573,-2.9536078562376247,10.172848042962745,-1.2017052208248191,3,0,1,1,0,PHONE_USAGE
2026-07-21T13:15:08.579809,0.2193202019019006,0.23214285714285715,-3.646327737510404,9.394439870759612,-1.618924951449586,3,0,1,1,0,PHONE_USAGE
2026-07-21T13:15:08.674672,0.21472950745967168,0.22317870521103678,-1.816426642353747,9.009307695168417,-1.3942634302497336,3,0,0,1,0,DROWSY
2026-07-21T13:15:08.774250,0.21193847218133932,0.22317870521103678,-3.4120030518201645,9.838286014165892,-1.3506423532170402,3,0,0,1,0,DROWSY
2026-07-21T13:15:08.871351,0.21492168297304523,0.23636363636363636,-2.946168863411117,9.45729223130094,-1.1062945435141378,3,0,0,1,0,DROWSY
2026-07-21T13:15:08.969515,0.22280176308568772,0.22741688632347157,-3.0920301145403357,10.11267672414529,-1.3947456815584722,3,0,0,1,0,DROWSY
2026-07-21T13:15:09.067479,0.20812764464481273,0.23632457767769446,-2.7782573173130345,9.766941500989532,-1.3482764369689224,3,0,1,1,0,PHONE_USAGE
2026-07-21T13:15:09.170685,0.20044593449209003,0.22741688632347157,-3.8086682056686527,10.106839002990055,-1.5259511636861605,3,0,1,1,0,PHONE_USAGE
2026-07-21T13:15:09.268050,0.2198921403544294,0.23650629315722904,-3.2510607621969996,10.04592496243737,-1.69443240574163,3,0,1,1,0,PHONE_USAGE
2026-07-21T13:15:09.368409,0.18957219372198297,0.22730423863902846,-2.936299824524127,10.461527218642878,-1.5636187592415967,3,0,0,1,0,DROWSY
2026-07-21T13:15:09.460025,0.21192193647082247,0.227235170843937,-3.3122826440853714,10.700509727267198,-1.7087985076255643,3,0,0,1,0,DROWSY
2026-07-21T13:15:09.566870,0.19603485687268862,0.23162687951313596,-3.0398020809896025,11.18808633834231,-1.6333767624451923,3,0,0,1,0,DROWSY
2026-07-21T13:15:09.668051,0.21634954980074073,0.22237691260142525,-2.5651195965783415,11.447333252038481,-1.3201327327706767,3,0,0,1,0,DROWSY
2026-07-21T13:15:09.761295,0.21988552569917183,0.22317870521103678,-3.4769341854182585,10.689303120518655,-1.1959952797640767,3,0,0,1,0,DROWSY
2026-07-21T13:15:09.852387,0.21988552569917183,0.22317870521103678,-3.5801184956968086,10.605977207989614,-1.1928285110762809,3,0,0,1,0,DROWSY
2026-07-21T13:15:09.949284,0.20332108528530912,0.22727272727272727,-3.3048422025939885,9.168327264805566,-1.2560585005283098,3,0,0,1,0,DROWSY
2026-07-21T13:15:10.047956,0.21196540830030608,0.22317870521103678,-2.9667075374620993,8.224181138639576,-1.0300126037496424,3,0,0,1,0,DROWSY
2026-07-21T13:15:10.140799,0.21196540830030608,0.22317870521103678,-3.0669322010581084,7.588503593543752,-0.8754546578585664,3,0,0,1,0,DROWSY
2026-07-21T13:15:10.241209,0.20403199687526224,0.227235170843937,-2.1223874061015806,7.838500915327937,-1.114281941059081,3,0,0,1,0,DROWSY
2026-07-21T13:15:10.348269,0.20380372465581462,0.24107142857142858,-2.6864812277487715,9.374988796323137,-1.4162647859393545,3,0,1,1,0,PHONE_USAGE
2026-07-21T13:15:10.453693,0.23938188276191533,0.23632457767769446,-3.562187699918212,10.145955575667388,-1.533653782233404,3,0,1,1,0,PHONE_USAGE
2026-07-21T13:15:10.550981,0.23732632505908108,0.23210585341947826,9.407647299559187,12.361136602985741,1.3607532753444218,3,0,1,1,0,PHONE_USAGE
2026-07-21T13:15:10.652235,0.2278690236089568,0.23227746590386206,-3.057767604757373,9.383806127836621,-1.3087599125739677,3,0,1,1,0,PHONE_USAGE
2026-07-21T13:15:10.758112,0.22934944180455363,0.22727272727272727,-3.268699889049657,9.826784759767227,-1.3961249113961007,3,0,1,1,0,PHONE_USAGE
2026-07-21T13:15:10.854263,0.21634954980074073,0.22727272727272727,-3.442602307647917,10.986419334006618,-1.480157213976614,3,0,1,1,0,PHONE_USAGE
2026-07-21T13:15:10.956344,0.20425658808239316,0.23214285714285715,-3.492283154231984,11.538903715890735,-1.7145109791206385,3,0,1,1,0,PHONE_USAGE
2026-07-21T13:15:11.049898,0.22342811625286046,0.21929824561403508,-3.9747960144531476,11.216508988956235,-1.768461548429779,3,0,1,1,0,PHONE_USAGE
2026-07-21T13:15:11.145270,0.2098044864936433,0.2499571440812828,-3.6801691164997408,8.672406067432316,-1.307839636731168,3,0,1,1,0,PHONE_USAGE
2026-07-21T13:15:11.236921,0.2330873251500638,0.2410330016279197,8.426469843648192,15.59766710090781,1.42939373375836,3,0,1,1,0,PHONE_USAGE
2026-07-21T13:15:11.332625,0.25180957797639014,0.22727272727272727,-3.138058436910285,12.011060903229355,-1.9210301509159924,3,0,0,0,0,SAFE
2026-07-21T13:15:11.433587,0.24374142613184435,0.24545454545454545,10.366615378542917,16.823548321008843,2.221108392581101,3,0,0,0,0,SAFE
2026-07-21T13:15:11.536051,0.26473347945594405,0.22321428571428573,-1.9985992439758888,10.598857718627517,-1.0908187776057323,3,0,0,0,0,SAFE
2026-07-21T13:15:11.638759,0.24676755041219717,0.22727272727272727,9.766393643596388,16.190899625129763,2.285502593578144,3,0,0,0,0,SAFE
2026-07-21T13:15:11.739218,0.2656961339306103,0.23144180007526186,9.89985707079984,15.657717023770193,1.9366306049310538,3,0,0,0,0,SAFE
2026-07-21T13:15:11.836292,0.264610345156159,0.227235170843937,9.641072790688582,14.9161426852604,1.7367811817939867,3,0,0,0,0,SAFE
2026-07-21T13:15:11.936896,0.2682885305818691,0.23148148148148148,-0.6449788843944191,9.997538990411584,-1.2527990375156621,3,0,0,0,0,SAFE
2026-07-21T13:15:12.034620,0.25257746974270323,0.23636363636363636,-1.7805657577932834,9.627816562084664,-1.0804941673055424,3,0,0,0,0,SAFE
2026-07-21T13:15:12.134971,0.27581590752478957,0.23653839693195797,-1.1724700310099365,11.708302392038105,-1.2687789389101898,3,0,0,0,0,SAFE
2026-07-21T13:15:12.237223,0.26373040554893334,0.22727272727272727,-1.5823783160948892,11.276872414537884,-1.3030496275450811,3,0,0,0,0,SAFE
2026-07-21T13:15:12.334582,0.24150007693509024,0.23166659265179265,-1.921845086738955,9.48457429952622,-1.1713166724151742,3,0,0,0,0,SAFE
2026-07-21T13:15:12.431479,0.24136239692682662,0.23148148148148148,-1.568514472624713,11.511337709169776,-1.3095586728615423,3,0,0,0,0,SAFE
2026-07-21T13:15:12.520219,0.2641464677810311,0.23231449698674442,-1.7993918517460372,11.266196296599057,-1.3170630270316168,3,0,0,0,0,SAFE
2026-07-21T13:15:12.618545,0.2658051017325612,0.22335717681509662,-2.7014286674041443,10.476673162501758,-1.4932469951810385,3,0,0,0,0,SAFE
2026-07-21T13:15:12.716308,0.2584270106261775,0.23700449273870694,10.12872006452875,13.11688905368108,1.6399249791312513,3,0,0,0,0,SAFE
2026-07-21T13:15:12.815300,0.2488966192421108,0.21929824561403508,10.304222658777519,12.548554314005626,1.621329107679486,3,0,0,0,0,SAFE
2026-07-21T13:15:12.913162,0.2317666899559071,0.21929824561403508,10.976559294763689,9.94187800389334,1.0816265024046174,3,0,0,0,0,SAFE
2026-07-21T13:15:13.008914,0.2329329481292049,0.23210585341947826,-1.8128433983466152,8.221990242023956,-1.400799820536166,3,0,0,0,0,SAFE
2026-07-21T13:15:13.102641,0.23204834487046733,0.23214285714285715,-1.4577935479726136,8.361308361960468,-1.491580006059053,3,0,0,0,0,SAFE
2026-07-21T13:15:13.199102,0.23175158307803723,0.22317870521103678,-1.305986558098624,8.002642549246703,-1.4689211016859018,3,0,0,0,0,SAFE
2026-07-21T13:15:13.300269,0.22976931141887003,0.23210585341947826,11.063722869210636,10.209477561654039,0.9826540501921954,3,0,0,0,0,SAFE
2026-07-21T13:15:13.397620,0.2367161994402549,0.22741688632347157,-1.8996877087286634,9.382130819017842,-1.468070678787148,3,0,0,0,0,SAFE
2026-07-21T13:15:13.502744,0.22095192537053082,0.22321428571428573,-2.0541791074929847,8.004937441414073,-1.4273177945595883,3,0,0,0,0,SAFE
2026-07-21T13:15:13.600770,0.22820368490250892,0.227235170843937,-1.6212134884424643,8.507951423469267,-1.4867315806858306,3,0,0,0,0,SAFE
2026-07-21T13:15:13.702216,0.2169125834229911,0.22741688632347157,-2.545694446222768,9.562289122320953,-1.550124890520425,3,0,0,0,0,SAFE
2026-07-21T13:15:13.801459,0.21331762804206017,0.22745447278539643,-2.40386426838225,9.886992055064521,-1.3639635818202416,3,0,0,0,0,SAFE
2026-07-21T13:15:13.893778,0.22151931690216242,0.23162687951313596,-2.6943417193972437,10.411909240100348,-1.3975774585983636,3,0,0,0,0,SAFE
2026-07-21T13:15:13.992158,0.22342811625286046,0.22317870521103678,-3.1144736203818866,10.516440870731627,-1.4653654063141546,3,0,0,0,0,SAFE
2026-07-21T13:15:14.093962,0.22934944180455363,0.23227746590386206,-2.5771565622612513,7.726549261769361,-1.1501055264615088,3,0,0,0,0,SAFE
2026-07-21T13:15:14.193893,0.23314701681917993,0.2280350850198276,-2.9401268857787954,7.509466432923805,-1.1002410168082084,3,0,0,0,0,SAFE
2026-07-21T13:15:14.299790,0.18306496773735126,0.23632457767769446,-2.597084645122493,6.751388931252914,-1.8362839238886712,3,0,0,0,0,SAFE
2026-07-21T13:15:14.392182,0.19093114938524702,0.22730423863902846,-3.2821244575819435,7.146729069714133,-1.8585696159322247,3,0,0,0,0,SAFE
2026-07-21T13:15:14.491950,0.17517462833419514,0.22317870521103678,-4.098594355289407,5.835179636864923,-1.7451604794453417,3,0,0,0,0,SAFE
2026-07-21T13:15:14.586259,0.17463469789829658,0.2282388040571524,-2.454635324964812,4.667391548154741,-1.376366475263751,3,0,0,0,0,SAFE
2026-07-21T13:15:14.687100,0.15933886783238896,0.23210585341947826,-3.0464568658232167,4.437325665795643,-1.3276980790618789,3,0,0,1,0,DROWSY
2026-07-21T13:15:14.786657,0.16730844668629935,0.2280350850198276,-3.4389188257367493,5.30446555259642,-1.2792059177978115,3,0,0,1,0,DROWSY
2026-07-21T13:15:14.884250,0.14971962373804507,0.23210585341947826,-3.6403380150221665,4.747219279270641,-1.267070472365076,3,0,0,1,0,DROWSY
2026-07-21T13:15:14.979022,0.16594153517804766,0.23632457767769446,-4.338400870008115,5.359807361978796,-1.4660074657098126,3,0,0,1,0,DROWSY
2026-07-21T13:15:15.071873,0.1810209067365101,0.23649930936713157,-3.043317987830676,4.657294990200271,-1.487622148594982,3,0,0,1,0,DROWSY
2026-07-21T13:15:15.174329,0.18073259070160225,0.2280350850198276,-2.0752052487921446,5.249137622964281,-1.4149206159804208,3,0,0,1,0,DROWSY
2026-07-21T13:15:15.282775,0.16319078357122024,0.22321428571428573,-2.3518242087487238,6.40148047373135,-1.3887406348367806,3,0,0,1,0,DROWSY
2026-07-21T13:15:15.380442,0.16495605655774434,0.23214285714285715,-1.3183172479662346,7.944581676852326,-1.3241409543392422,3,0,0,1,0,DROWSY
2026-07-21T13:15:15.476709,0.18874502404102222,0.23210585341947826,-0.36397663108752454,6.451411884703233,-0.9958412571494705,3,0,0,1,0,DROWSY
2026-07-21T13:15:15.573667,0.19096271173176782,0.22321428571428573,-2.7798694809403344,7.619722319911269,-1.21915738488734,3,0,0,1,0,DROWSY
2026-07-21T13:15:15.670724,0.2042875351076211,0.22727272727272727,-2.3555101117021593,8.47416849532871,-1.3777239556759275,4,0,0,1,0,DROWSY
2026-07-21T13:15:15.766322,0.1898285010489551,0.23636363636363636,-1.8313145189513023,8.987806744320949,-1.240291575887774,4,0,0,1,0,DROWSY
2026-07-21T13:15:15.859881,0.21433585410635053,0.23653839693195797,-3.2645418969819957,9.167596397599166,-1.2614894784956414,4,0,1,1,0,PHONE_USAGE
2026-07-21T13:15:15.955961,0.1881461754062792,0.23214285714285715,-1.800702772073322,7.870488889744981,-1.1901170711857483,4,0,0,1,0,DROWSY
2026-07-21T13:15:16.043879,0.18719205302724462,0.23214285714285715,-1.1745450710616865,7.897933047343601,-1.2172393431985182,4,0,0,1,0,DROWSY
2026-07-21T13:15:16.146949,0.18986716597328876,0.23227746590386206,-2.1565692887993464,7.648949398144039,-1.2325249093271362,4,0,0,1,0,DROWSY
2026-07-21T13:15:16.242257,0.1896884736076471,0.23231449698674442,-1.3818119389550247,8.97250373670793,-1.2437264603442804,4,0,0,1,0,DROWSY
2026-07-21T13:15:16.337137,0.19916818411262505,0.22807017543859648,-1.1128194360233579,7.878021602941958,-0.9572715501341839,4,0,0,1,0,DROWSY
2026-07-21T13:15:16.436328,0.20398852504577866,0.22321428571428573,-1.464574733023909,7.7009248319884325,-1.0367848065968548,5,0,0,1,0,DROWSY
2026-07-21T13:15:16.527722,0.18963447090700944,0.22727272727272727,-1.756628441598167,7.201646230210929,-1.0887973731513945,5,0,0,1,0,DROWSY
2026-07-21T13:15:16.621240,0.18883622988146964,0.227235170843937,-2.4430597095639826,7.638301848802124,-1.3971620713010051,5,0,1,1,0,PHONE_USAGE
2026-07-21T13:15:16.715253,0.19160713742447757,0.22321428571428573,-3.5870269812597257,8.228735402023988,-1.555233521776686,5,0,1,1,0,PHONE_USAGE
2026-07-21T13:15:16.808768,0.20422174990643716,0.22727272727272727,-2.3981580993446983,7.5542115055632335,-1.1919289087599867,6,0,1,1,0,PHONE_USAGE
2026-07-21T13:15:16.910515,0.19341527116122287,0.22727272727272727,-3.512414126993292,8.11538807345069,-1.3432338009459763,6,0,1,1,0,PHONE_USAGE
2026-07-21T13:15:17.008132,0.21383180443081337,0.22727272727272727,-2.7360402671304485,8.154385686063192,-1.2459246681124019,6,0,0,1,0,DROWSY
2026-07-21T13:15:17.108354,0.21383180443081337,0.22807017543859648,-2.561476727791103,8.396008596960769,-1.3145677049094953,6,0,0,1,0,DROWSY
2026-07-21T13:15:17.202007,0.23947337156652904,0.23684210526315788,10.673952657130883,8.036997430556323,1.2013975221016153,6,0,0,1,0,DROWSY
2026-07-21T13:15:17.294916,0.24769479631124236,0.22807017543859648,-2.7016760939726794,10.097781022140378,-1.0712331692580706,6,0,0,1,0,DROWSY
2026-07-21T13:15:17.396070,0.2509890921415524,0.23214285714285715,10.081842309699965,11.114694248962152,1.2822348405253763,6,0,0,0,0,SAFE
2026-07-21T13:15:17.491309,0.26776752737220677,0.22807017543859648,-1.1304309390451408,7.068298448359888,-0.7697990047462981,6,0,0,0,0,SAFE
2026-07-21T13:15:17.589987,0.24752063412057657,0.2274870996727151,-1.4739424419421425,6.1060531873242,-2.5938865431447944,6,0,0,0,0,SAFE
2026-07-21T13:15:17.684781,0.237811545849976,0.237870581588802,10.818184324519933,7.069372223252901,-1.0430950997187267,6,0,0,0,0,SAFE
2026-07-21T13:15:17.781615,0.23561361363276,0.2250292865389347,-6.337372104886214,7.143605698680464,-1.325088263444287,6,0,0,0,0,SAFE
2026-07-21T13:15:17.877937,0.22580411091089,0.22427032086347945,-7.512806285250292,8.264146060353758,-0.7848692786394168,6,0,0,0,0,SAFE
2026-07-21T13:15:17.978811,0.18689500239548593,0.2280350850198276,-6.735822483734154,9.043321967889117,-0.5892863783883273,6,0,0,0,0,SAFE
2026-07-21T13:15:18.074762,0.21613151698163047,0.23216647881498811,-3.599158424348076,15.068759604799526,0.7506313154668766,6,0,0,0,0,SAFE
2026-07-21T13:15:18.174081,0.23255278893801382,0.24529703404339379,-5.031301206120759,17.842247741528926,1.082777620694156,6,0,1,0,0,PHONE_USAGE
2026-07-21T13:15:18.268823,0.25272397885660713,0.2270383045932499,-3.5124484627079084,18.533985017860527,2.702150973452925,6,0,1,0,0,PHONE_USAGE
2026-07-21T13:15:18.360269,0.27268143364743347,0.22335717681509662,4.436905997549474,16.235702587610916,5.002422786515041,6,0,0,0,0,SAFE
2026-07-21T13:15:18.457543,0.2699214938304888,0.2265712240620016,-4.610536438734329,18.51023843957916,1.724584179810513,6,0,0,0,0,SAFE
2026-07-21T13:15:18.553184,0.24709132398936556,0.2313099079250033,-6.758426163710368,18.180781744824213,1.8410987905327467,6,0,0,0,0,SAFE
2026-07-21T13:15:18.652561,0.24886859716134554,0.22645037532512852,-6.1401680710319795,21.07901233990791,1.6077543111483728,6,0,0,0,0,SAFE
2026-07-21T13:15:18.747580,0.2660019234257133,0.23472016337237642,-4.691535581154568,21.113779159938662,0.6735244326190264,6,0,0,0,0,SAFE
2026-07-21T13:15:18.842980,0.2535371123308279,0.23144180007526186,-9.334835157358327,17.320666464769364,-1.0186404638534627,6,0,0,0,0,SAFE
2026-07-21T13:15:18.937726,0.2579602863624502,0.23956970516063458,-10.740757512677447,20.06394247096353,-3.6786356710232706,6,0,0,0,0,SAFE
2026-07-21T13:15:19.042294,0.2561413894726875,0.22645037532512852,-9.6708048906751,20.955111759307034,-4.719076824839691,6,0,0,0,0,SAFE
2026-07-21T13:15:19.140740,0.2515450712284457,0.23013267756791667,-9.09967517479285,24.09610553808368,-6.177643419923441,6,0,0,0,0,SAFE
2026-07-21T13:15:19.238028,0.27509801125804606,0.23088703629569973,-7.962970309085534,21.042009784622998,-5.790861483607492,6,0,0,0,0,SAFE
2026-07-21T13:15:19.347622,0.26247864740792126,0.23478611184670883,-7.813951058149399,21.739770194817385,-6.330332640882073,6,0,0,0,0,SAFE
2026-07-21T13:19:09.516974,0.1822805443512576,0.22814061868043556,-5.528712853191337,18.7406461502729,-10.864524617093004,0,0,0,0,0,SAFE
2026-07-21T13:19:09.639386,0.21104064831917144,0.22621261758684758,-4.064754323079683,4.602127472603054,-7.933495170508812,0,0,0,0,0,SAFE
2026-07-21T13:19:09.775445,0.19615848348178877,0.22621261758684758,-4.580360412192931,8.121850316117364,-8.398945003373132,0,0,0,0,0,SAFE
2026-07-21T13:19:09.883822,0.18935841517586932,0.2452378340108957,-3.5129179550391996,5.61724727207267,-7.28511952564524,0,0,0,0,0,SAFE
2026-07-21T13:19:09.981400,0.22719928068240686,0.23603341933704375,12.882381545195045,9.697425524921472,-4.3971667821494975,0,0,0,0,0,SAFE
2026-07-21T13:19:10.253093,0.29337072438181977,0.22093411051288306,0.10154638981359199,15.700921965856828,-7.083333489211164,0,0,0,0,0,SAFE
2026-07-21T13:19:10.348720,0.2667450557571822,0.225842710408196,11.07736383747806,23.685213759704578,-1.8280142069133376,0,0,0,0,0,SAFE
2026-07-21T13:19:10.447750,0.22375336936026483,0.2391521864606011,6.624675521991179,23.381863340912613,-2.015759723102633,0,0,0,0,0,SAFE
2026-07-21T13:19:10.549045,0.21090137569477058,0.23452757634329258,5.914026733568619,20.60711153206425,-2.8757629507895786,0,0,0,0,0,SAFE
2026-07-21T13:19:10.646728,0.21465401460391453,0.22526112460303874,3.535335346049976,20.358397984766793,-3.1483687153803146,0,0,0,0,0,SAFE
2026-07-21T13:19:10.741363,0.2584473724900984,0.22568653889676346,0.08559093811234675,17.531007206571974,-3.539108994274045,0,0,0,0,0,SAFE
2026-07-21T13:19:10.831294,0.2354826768685953,0.21683902445504274,-0.5667722031450069,18.125728884884204,-1.681546550888271,0,0,0,0,0,SAFE
2026-07-21T13:19:10.924217,0.2752799418742627,0.23531740316076558,4.070055153752264,19.170910306984027,-0.8386055311395353,0,0,0,0,0,SAFE
2026-07-21T13:19:11.027406,0.25190461861067254,0.23004319445487847,4.494332174039187,20.654221991847,0.3012441355545832,0,0,0,0,0,SAFE
2026-07-21T13:19:11.121502,0.26283911384259273,0.23017125901512847,5.962443625954165,19.829249004472395,0.6153690172995709,0,0,0,0,0,SAFE
2026-07-21T13:19:11.219953,0.27538846349836654,0.22499423690175743,-2.874342903672698,19.663129639240438,-4.457899026264549,0,0,0,0,0,SAFE
2026-07-21T13:19:11.317071,0.3150630275969711,0.23118470825909285,-2.8649475961503867,18.229919232233478,-4.058583596106201,0,0,0,0,0,SAFE
2026-07-21T13:19:11.415591,0.3279456886774061,0.2265712240620016,9.953740450575253,21.091341429077,1.1544080507926253,0,0,0,0,0,SAFE
2026-07-21T13:19:11.512221,0.29499116817260707,0.22132185644549565,9.318664897623478,20.494745436169712,0.4245300451394485,0,0,0,0,0,SAFE
2026-07-21T13:19:11.605611,0.3105397061132821,0.2211992291262033,-0.5165288118583362,19.582470774861218,-4.743459883957181,0,0,0,0,0,SAFE
2026-07-21T13:19:11.702202,0.31772398787142264,0.2400599444316577,-0.6902893967669002,21.787891562327246,-4.599338187609292,0,0,0,0,0,SAFE
2026-07-21T13:19:11.806764,0.2956291116722135,0.23058604163069665,8.181846223154622,19.90300903708748,0.3189412187204539,0,0,0,0,0,SAFE
2026-07-21T13:19:11.903751,0.31860760610419697,0.23978606150948245,-1.0557756569125445,19.44296152338269,-4.336622860531235,0,0,0,0,0,SAFE
2026-07-21T13:19:12.092755,0.3101261487712865,0.23538681893446284,-1.7460590790817605,19.52362233072198,-5.184363802461879,0,0,0,0,0,SAFE
2026-07-21T13:19:12.195869,0.30605151324208485,0.23088703629569973,11.052810376989527,21.963008099859184,0.16630353820022492,0,0,0,0,0,SAFE
2026-07-21T13:19:12.294260,0.3000051108326599,0.23080750965150437,9.220271413581628,21.841983922040697,0.04099207785517933,0,0,0,0,0,SAFE
2026-07-21T13:19:12.394381,0.29710771659329704,0.22595052521900297,-1.111607109934937,20.52603612717764,-5.322002702602614,0,0,0,0,0,SAFE
2026-07-21T13:19:12.498980,0.3055648496791946,0.2304534840052444,-1.8741227934306437,21.483898768205282,-6.16389166876265,0,0,0,0,0,SAFE
2026-07-21T13:19:12.598782,0.29040588967245384,0.22099530244034674,10.285411330476279,23.672002491010936,-0.5994282494563095,0,0,0,0,0,SAFE
2026-07-21T13:19:12.713086,0.3176963356136099,0.2250122061818799,-1.5483790677518243,21.763735751190143,-6.525306742682996,0,0,0,0,0,SAFE
2026-07-21T13:19:12.816795,0.2900398398489937,0.23538681893446284,-2.037614056096544,21.586665356491643,-6.73617188237789,0,0,0,0,0,SAFE
2026-07-21T13:19:12.922979,0.2839094185214609,0.22099530244034674,10.037802634147539,23.302620667179575,-1.2519233750145133,0,0,0,0,0,SAFE
2026-07-21T13:19:13.027876,0.28572712884261187,0.22161987825695786,-1.5127697160436355,20.29701691463601,-6.504259590300319,0,0,0,0,0,SAFE
2026-07-21T13:19:13.134835,0.2950360668496895,0.23013267756791667,-1.6771940511660262,20.47183997227213,-6.7795210306028775,0,0,0,0,0,SAFE
2026-07-21T13:19:13.241872,0.2901444699508724,0.23013267756791667,-2.097191896177293,20.344087111493383,-6.71955994944962,0,0,0,0,0,SAFE
2026-07-21T13:19:13.337937,0.29694646282379217,0.2256481345517214,-1.9504352171453263,19.08247515672653,-6.931351423050004,0,0,0,0,0,SAFE
2026-07-21T13:19:13.441856,0.3071897448517855,0.2256481345517214,-2.2509998189155738,19.701836097617587,-6.84215703173453,0,0,0,0,0,SAFE
2026-07-21T13:19:13.529864,0.2866181032312444,0.24047409865629185,-1.0625711025645046,19.803850184232623,-6.126734666249728,0,0,0,0,0,SAFE
2026-07-21T13:19:13.670765,0.29954170559840043,0.22595052521900297,-0.5033145405558059,20.890933229216905,-6.537478121437325,0,0,0,0,0,SAFE
2026-07-21T13:19:13.778828,0.2808679922691315,0.2398762028672476,10.978948377127153,20.890638999224944,-1.4764024700060645,0,0,0,0,0,SAFE
2026-07-21T13:19:13.895502,0.2950919855158479,0.23570226039551584,-2.9361132373120142,19.4397081428205,-5.82299563595444,0,0,0,0,0,SAFE
2026-07-21T13:19:14.004342,0.2823201308634341,0.23013267756791667,-5.522122808979674,16.196896511895197,-5.257537620789,0,0,0,0,0,SAFE
2026-07-21T13:19:14.100396,0.2730954794817354,0.23013267756791667,-3.97253031181134,16.28070531822974,-5.1793709872552665,0,0,0,0,0,SAFE
2026-07-21T13:19:14.200792,0.23972725252384885,0.2442297744287817,-5.101386738361867,15.247874550520434,-4.556221337041314,0,0,0,0,0,SAFE
2026-07-21T13:19:14.335811,0.22866530037226906,0.23004283955210839,-4.471214969326837,12.233820237028425,-5.656318094058831,0,0,0,0,0,SAFE
2026-07-21T13:19:14.431781,0.1902087382683284,0.22629863601966285,-7.9697939670295455,7.511730323249247,-6.983426077208104,0,0,0,0,0,SAFE
2026-07-21T13:19:14.528395,0.1882227879097519,0.22155719631931595,-6.477165618455643,4.647790452210518,-5.856367949100072,0,0,0,0,0,SAFE
2026-07-21T13:19:14.615605,0.2372855634777623,0.21701592418270313,3.2002960796819764,11.711045643534627,-3.5517351244712643,0,0,0,0,0,SAFE
2026-07-21T13:19:14.715411,0.22522996905362916,0.22972217400095007,-6.114232262204268,6.148432246571557,-5.253869130951943,0,0,0,0,0,SAFE
2026-07-21T13:19:14.816257,0.24070892137377475,0.22736775640858822,-5.328133149646277,4.2877987324307965,-5.04678429298521,0,0,0,0,0,SAFE
2026-07-21T13:19:14.914154,0.22677513993894793,0.2284317199004123,-4.715237697886295,8.530197420113247,-4.714453987332585,0,0,0,0,0,SAFE
2026-07-21T13:19:15.011862,0.21546345888138335,0.22880765104443207,4.080186761064084,10.020601010677582,-2.407399513105048,0,0,0,0,0,SAFE
2026-07-21T13:19:15.107351,0.20179724344448766,0.2173399540921557,5.112107325143512,7.366639818963142,-1.7777755216114883,0,0,0,0,0,SAFE
2026-07-21T13:19:15.200689,0.213749935243112,0.22360679774997896,8.311540595995808,3.3380764271424606,-1.1621317053875657,0,0,0,0,0,SAFE
2026-07-21T13:19:15.298781,0.21776923610938034,0.2234551827719301,8.655379976477263,6.461846747029284,-1.3219696441418307,0,0,0,0,0,SAFE
2026-07-21T13:19:15.387960,0.20894942106301098,0.2348767616453809,-2.4591447125903585,6.1748726548370785,-0.06274002125207857,0,0,0,0,0,SAFE
2026-07-21T13:19:15.490291,0.20280914281808238,0.2397679262740317,10.756820562939339,1.7042781777413483,0.7958771245147318,0,0,0,0,0,SAFE
2026-07-21T13:19:15.584743,0.21392399003688056,0.2348666955872769,-3.4179688131992236,8.958887947955466,-1.3406535858006225,0,0,0,0,0,SAFE
2026-07-21T13:19:15.678904,0.2343349701661373,0.22335370565104642,-1.1249800131008953,11.264156930082796,-1.521150632553259,0,0,0,0,0,SAFE
2026-07-21T13:19:15.779001,0.22064742939156118,0.2342426884952669,-1.6521534341567872,11.783406236221245,-1.5536724197024416,0,0,0,0,0,SAFE
2026-07-21T13:19:15.873085,0.21577192071939896,0.22916666666666666,-1.3960776619108515,10.671320643583163,-0.6099652054401563,0,0,0,0,0,SAFE
2026-07-21T13:19:15.972238,0.22922575769541925,0.22360679774997896,-0.8216948105367123,6.302703335485083,-0.5942355243740066,0,0,0,0,0,SAFE
2026-07-21T13:19:16.083216,0.2379674207624362,0.22916666666666666,8.530494483106821,4.904666914141564,0.46571517363798876,0,0,0,1,0,DROWSY
2026-07-21T13:19:16.182415,0.270447535515389,0.22360679774997896,8.38599731882303,12.642468798118264,0.3301232898911053,0,0,0,0,0,SAFE
2026-07-21T13:19:16.277727,0.24276107229174435,0.22467480431412123,10.448496266692473,3.8765387784417165,-0.9873475832068266,0,0,0,0,0,SAFE
2026-07-21T13:19:16.375607,0.24276107229174435,0.2348767616453809,10.206448134487431,3.427330030638277,-0.9602121034558309,0,0,0,0,0,SAFE
2026-07-21T13:19:16.470821,0.25203119770624755,0.22467480431412123,10.190849101414017,3.0202773539650063,-0.6795886019006616,0,0,0,0,0,SAFE
2026-07-21T13:19:16.566871,0.26067629304121187,0.24445962059267848,8.504074743536023,8.097539904644696,-0.43961270884904025,0,0,0,0,0,SAFE
2026-07-21T13:19:16.670496,0.24545647904491424,0.22896799591699732,-1.6116695507064378,7.796158441342784,-2.186261519082593,0,0,0,0,0,SAFE
2026-07-21T13:19:16.764101,0.2521246437019416,0.22846554332652066,-2.15921260388302,7.332414608129624,-2.1766598828312045,0,0,0,0,0,SAFE
2026-07-21T13:19:16.853237,0.2457942907210424,0.23423119645697313,-3.094119062630682,8.113218177128875,-2.5543721814007747,0,0,0,0,0,SAFE
2026-07-21T13:19:16.952529,0.24500374228687358,0.23407237768193354,-2.752812638555241,8.089205465589629,-2.447586434406827,0,0,0,0,0,SAFE
2026-07-21T13:19:17.050818,0.24611329115317057,0.2234551827719301,-2.237746440572181,9.918495311894146,-2.1889916735042076,0,0,0,0,0,SAFE
2026-07-21T13:19:17.142910,0.24687492386339124,0.2234551827719301,7.39617100390285,10.697131762768654,-0.18932425117554885,0,0,0,0,0,SAFE
2026-07-21T13:19:17.241756,0.24794109020018043,0.22935351943311388,-1.9605653419760927,8.627853893367641,-2.1029854809869275,0,0,0,0,0,SAFE
2026-07-21T13:19:17.344875,0.24743548844428925,0.22820695179676348,-1.3697898970285394,9.944040676663132,-2.2667014479416987,0,0,0,0,0,SAFE
2026-07-21T13:19:17.441832,0.25693140283422417,0.22846554332652066,-1.2742279649869204,9.227650399860746,-2.270149054008596,0,0,0,0,0,SAFE
2026-07-21T13:19:17.542967,0.25199549675429417,0.23916314201896605,-1.8237771935274623,9.452483792529748,-2.440886579550054,0,0,0,0,0,SAFE
2026-07-21T13:19:17.636905,0.2521246437019416,0.21895036531799858,-1.5149364190794472,10.367552712580578,-2.6397556385822543,0,0,0,0,0,SAFE
2026-07-21T13:19:17.738547,0.2521246437019416,0.2234551827719301,-1.481137743550164,8.709937875845023,-2.36893273806376,0,0,0,0,0,SAFE
2026-07-21T13:19:17.837644,0.24664968275275723,0.22360679774997896,8.84365929069412,9.112743531986402,-0.46405589342745657,0,0,0,0,0,SAFE
2026-07-21T13:19:17.946422,0.24284452192496772,0.22360679774997896,-1.1680746898302345,8.73716790697411,-2.095828070338995,0,0,0,0,0,SAFE
2026-07-21T13:19:18.039097,0.25434080461253117,0.22360679774997896,-0.46742856059316296,8.908746446280114,-2.0934959481993616,0,0,0,0,0,SAFE
2026-07-21T13:19:18.139941,0.2571838092181584,0.23398959639633435,-0.457824528921833,8.12110586057541,-2.059345271941533,0,0,0,0,0,SAFE
2026-07-21T13:19:18.239822,0.2475289344399833,0.23423119645697313,9.534262808389201,8.707277625318612,-0.2439213093494459,0,0,0,0,0,SAFE
2026-07-21T13:19:18.345871,0.25662393947925854,0.2395313573411102,9.746631362380242,8.087138237467013,-0.4997638592530791,0,0,0,0,0,SAFE
2026-07-21T13:19:18.448554,0.26162757910162676,0.23937563209504265,9.17929421300525,9.02191449139841,-0.8530519661120479,0,0,0,0,0,SAFE
2026-07-21T13:19:18.547243,0.2756575473446463,0.2234551827719301,9.386077779065857,9.40316998102744,-0.6462982654139466,0,0,0,0,0,SAFE
2026-07-21T13:19:18.640060,0.2750446858085179,0.2454238759884433,7.454400022432793,11.75904977711232,-0.7818123049109715,0,0,0,0,0,SAFE
2026-07-21T13:19:18.734657,0.27281155295722337,0.23407237768193354,-2.0186850819950166,11.574480749199346,-2.6481936426243413,0,0,0,0,0,SAFE
2026-07-21T13:19:18.832347,0.28147805717547864,0.22830383594988932,7.575904403007257,13.463996683276754,-0.16505608688598272,0,0,0,0,0,SAFE
2026-07-21T13:19:18.928648,0.2609820733051053,0.22991219784409947,8.17324120009701,11.178192312058492,-0.5767232113649641,0,0,0,0,0,SAFE
2026-07-21T13:19:19.026349,0.2557152763159273,0.24470105683813695,-1.1837074558013398,10.143573601272008,-2.4049194940401746,0,0,0,0,0,SAFE
2026-07-21T13:19:19.120443,0.28283832045824364,0.22830383594988932,-2.2129924567783803,11.732002134203313,-2.924169574138237,0,0,0,0,0,SAFE
2026-07-21T13:19:19.222232,0.2690010660428124,0.22830383594988932,-1.5092987844623167,11.54974024637909,-3.100391782643742,0,0,0,0,0,SAFE
2026-07-21T13:19:19.321348,0.25352688542429486,0.22830383594988932,-0.9735650772301483,12.26062911062074,-3.0730177471028726,0,0,0,0,0,SAFE
2026-07-21T13:19:19.421879,0.23196015327196323,0.22830383594988932,8.205705693799985,17.009269381965897,0.702751856320134,0,0,0,0,0,SAFE
2026-07-21T13:19:19.520336,0.26559824447855296,0.23249527748763854,-0.9144003462247383,18.92408581861638,-3.5603033667600505,0,0,0,0,0,SAFE
2026-07-21T13:19:19.619398,0.23794992014596306,0.22093023255813954,-3.905949250238706,28.81642682349395,-3.3574357879806325,0,0,0,0,0,SAFE
2026-07-21T13:19:19.720569,0.3203806907102995,0.23681560617029723,-3.650608994911977,37.77592346767238,-1.653107496075294,0,0,0,0,0,SAFE
2026-07-21T13:19:19.814897,0.3100010522075247,0.21718612138153467,4.74578788816487,44.59600089804666,7.151300489598128,0,0,0,0,0,SAFE
2026-07-21T13:19:19.911536,0.3121726203914048,0.2128804249133696,-6.863407099717847,44.75660457944145,-0.4028678230467607,0,0,0,0,0,SAFE
2026-07-21T13:19:20.009466,0.3091987232827499,0.2256882255734991,-13.096116496524843,50.025729004813755,-4.895354547357534,0,0,0,0,0,SAFE
2026-07-21T13:19:20.104056,0.2818994008729927,0.2300225441526827,-13.34416285600318,47.85813062046291,-2.794852372008863,0,0,0,0,0,SAFE
2026-07-21T13:19:20.197658,0.26641814621969073,0.22572487678190412,-13.38934153789782,48.41346118426548,-2.0711152159520148,0,0,0,0,0,SAFE
2026-07-21T13:19:20.289902,0.23601913951828146,0.20799334431947095,-10.923161958314694,49.185657403545726,-2.8750651539525243,0,0,0,0,0,SAFE
2026-07-21T13:19:20.385486,0.2569562540831898,0.22019055901516552,-21.28088291964673,52.38604521144525,-6.185399451199002,0,0,0,0,0,SAFE
2026-07-21T13:19:20.484582,0.2693217548115907,0.20152845558767216,-20.202343489232675,56.63623493257764,-6.80329989756874,0,0,0,0,0,SAFE
2026-07-21T13:19:20.980532,0.4561728443594752,0.24221991879333798,-6.568795595674828,55.66735114794791,7.977090893947576,0,0,0,0,0,SAFE
2026-07-21T13:19:21.074273,0.4289911191139444,0.3312945782245396,18.31038661801327,-31.23716614720329,5.725135315160145,0,0,0,0,0,SAFE
2026-07-21T13:19:21.167474,0.40130939005510835,0.25216941559483,-15.080027823628825,52.8685462892542,7.475405990296281,0,0,0,0,0,SAFE
2026-07-21T13:19:21.264236,0.3823404030286647,0.24628711452465182,-15.05617234078133,50.819457010889224,3.898506054266221,0,0,0,0,0,SAFE
2026-07-21T13:19:21.354863,0.33306950771406796,0.22022228333493687,-25.17397460609868,47.02852660786319,-5.214292935196346,0,0,0,0,0,SAFE
2026-07-21T13:19:21.451515,0.39829114719613057,0.20943757390469162,-30.1512081086737,54.655406472875875,-7.144365390649077,0,0,0,0,0,SAFE
2026-07-21T13:19:21.548821,0.5175951774855374,0.23446045666528248,-15.734661871711012,51.05368632648119,12.614255158552226,0,0,0,0,0,SAFE
2026-07-21T13:19:21.646983,0.5597967775729542,0.23623460432552115,-7.4744237331212275,52.31734754156975,13.799971695605166,0,0,0,0,0,SAFE
2026-07-21T13:19:21.743335,0.42048871180571556,0.23623460432552115,-8.980700216638695,46.45159870156844,13.102090611803249,0,0,0,0,0,SAFE
2026-07-21T13:19:21.840981,0.4396120298805943,0.2379270091559779,-25.091774318960745,68.84160762920156,-1.9070375190610227,0,0,0,0,0,SAFE
2026-07-21T13:19:21.936767,0.36938129331914105,0.22880613017821103,-27.375799825848162,68.88958938588102,-6.852075579725596,0,0,0,0,0,SAFE
2026-07-21T13:19:22.028993,0.31917997712140145,0.20761369963434995,-28.210478826384247,66.3854869362508,-4.819500688187325,0,0,0,0,0,SAFE
2026-07-21T13:19:22.137812,0.42266109844732686,0.25,-8.641481910004899,45.00801860069428,13.248012336547163,0,0,0,0,0,SAFE
2026-07-21T13:19:22.233754,0.3829861280815344,0.2598676803331734,-28.617389425228396,67.30288746495272,-8.289543234761197,0,0,0,0,0,SAFE
2026-07-21T13:19:22.334852,0.29657516850123017,0.23133444404152184,-28.432657143913104,67.15920781223396,-8.101968427281694,0,0,0,0,0,SAFE
2026-07-21T13:19:22.432428,0.2802150942183606,0.21958958210655835,-25.19112723918863,65.10413417214224,-4.654035549419208,0,0,0,0,0,SAFE
2026-07-21T13:19:22.531676,0.3190040398739111,0.24826198186433812,-25.19114067144912,64.1606273224359,-4.911782676773386,0,0,0,0,0,SAFE
2026-07-21T13:19:22.641826,0.3064100562651396,0.20438634719645166,-26.06678384268824,65.12812320492586,-5.507439588939542,0,0,0,0,1,DISTRACTED
2026-07-21T13:19:22.734598,0.30072245779675905,0.20950047598562216,-24.590342064780486,66.02529475276143,-5.114481090694285,0,0,0,0,1,DISTRACTED
2026-07-21T13:19:22.826784,0.32428975647381963,0.21075523031906643,-24.150423780919937,63.240605033305606,-3.6245550366058312,0,0,0,0,1,DISTRACTED
2026-07-21T13:19:22.920359,0.3058819669464127,0.21172526114494827,-23.08941086674892,63.32751924844314,-2.8915830933244635,0,0,0,0,1,DISTRACTED
2026-07-21T13:19:23.023012,0.3276062498461283,0.24823244573358252,-22.30361349145653,62.66027991464458,-2.070546164324646,0,0,0,0,1,DISTRACTED
2026-07-21T13:19:23.116119,0.35,0.21428571428571427,-5.770189039461485,41.596890768140156,11.590427841998661,0,0,0,0,1,DISTRACTED
2026-07-21T13:19:23.215966,0.2786330634986821,0.23238769525642933,-26.558642028092606,63.03411433747485,-5.363062065153578,0,0,0,0,1,DISTRACTED
2026-07-21T13:19:23.310557,0.2718359882307947,0.20211302086361083,-27.11417671414111,62.86569747824013,-6.275937703326558,0,0,0,0,1,DISTRACTED
2026-07-21T13:19:23.423337,0.3011260945171029,0.23965661606276625,-25.22257904668166,62.890698489813495,-3.4385312705583124,0,0,0,0,1,DISTRACTED
2026-07-21T13:19:23.513263,0.26069253778775003,0.24467216227581098,-23.391184528356092,62.41289524119801,-2.8037245276656955,0,0,0,0,1,DISTRACTED
2026-07-21T13:19:23.606852,0.2960787869773518,0.2217307475782144,-23.63008895849802,62.02379874160177,-3.1088349623245493,0,0,0,0,1,DISTRACTED
2026-07-21T13:19:23.706559,0.279486700855861,0.22969244804663294,-22.35584638576327,62.00063253183318,-2.0335164273018074,0,0,0,0,1,DISTRACTED
2026-07-21T13:19:23.801774,0.2838488808744596,0.23884886250084197,-21.747542563767638,62.843143828534096,-1.4785132739234825,0,0,0,0,1,DISTRACTED
2026-07-21T13:19:23.903254,0.28260862713415,0.22459154462439535,-21.956798921731632,62.271935077603494,-1.1016982112507667,0,0,0,0,1,DISTRACTED
2026-07-21T13:19:24.004282,0.2669834509982192,0.22735256582935057,-22.23159960742268,62.20871279058701,-1.0258416858990036,0,0,0,0,1,DISTRACTED
2026-07-21T13:19:24.105909,0.30354464608683207,0.22955211322665642,-20.781546073232334,62.07400875646418,0.14177736076665565,0,0,0,0,1,DISTRACTED
2026-07-21T13:19:24.209325,0.30833333333333335,0.23688015680821564,-22.825598650944556,63.57371427169889,-2.352011780769379,0,0,0,0,1,DISTRACTED
2026-07-21T13:19:24.309521,0.2992835173784414,0.2506556015675995,-23.65192934257516,64.15317653220262,-2.8848105123947856,0,0,0,0,1,DISTRACTED
2026-07-21T13:19:24.405623,0.26189381330641953,0.21958958210655835,-22.642570741566658,63.27563730523289,-2.0595934590188825,0,0,0,0,1,DISTRACTED
2026-07-21T13:19:24.506760,0.3052645696715677,0.22459154462439535,-22.31352845351455,63.04187698481808,-1.9469690650564058,0,0,0,0,1,DISTRACTED
2026-07-21T13:19:24.604358,0.3089726264409872,0.23249527748763857,-21.944503765041077,63.12638877293494,-1.4987192834188647,0,0,0,0,1,DISTRACTED
2026-07-21T13:19:24.698373,0.2529835483484172,0.21730674684008827,-21.870297082042413,61.86342031727199,-0.959324211105132,0,0,0,0,1,DISTRACTED
2026-07-21T13:19:24.794463,0.2916460786254638,0.24468337790577951,-21.912219952549037,62.24007916810456,-1.3752833061033565,0,0,0,0,1,DISTRACTED
2026-07-21T13:19:24.892573,0.2819573673669566,0.23884886250084197,-21.68162372618795,62.39905965504542,-1.3335388531752017,0,0,0,0,1,DISTRACTED
2026-07-21T13:19:24.988274,0.2752454536440184,0.21962366068553038,-22.729576306406102,62.9882143283576,-2.021736086172265,0,0,0,0,1,DISTRACTED
2026-07-21T13:19:25.089375,0.257121824985818,0.23029479496265348,-22.493356158244467,62.613063861858244,-1.384300764734467,0,0,0,0,1,DISTRACTED
2026-07-21T13:19:25.182092,0.25369950055990853,0.21962366068553038,-22.966166712682025,62.09130160472672,-1.24444188183073,0,0,0,0,1,DISTRACTED
2026-07-21T13:19:25.284858,0.2612080308962027,0.21962366068553038,-24.150951486305388,61.332661636279255,-0.5812249079849037,0,0,0,0,1,DISTRACTED
2026-07-21T13:19:25.375955,0.2789786225144178,0.2102353324910547,-22.874104227175962,61.63827482904233,1.3239577985520061,0,0,0,0,1,DISTRACTED
2026-07-21T13:19:25.471316,0.27507385859290995,0.2190369339249354,-21.270378554401162,60.48421371376634,3.274630281467688,0,0,0,0,1,DISTRACTED
2026-07-21T13:19:25.572786,0.28736540401170424,0.22177524892662917,-21.738241293373562,61.45745788710412,2.387846682119054,0,0,0,0,1,DISTRACTED
2026-07-21T13:19:25.669825,0.24268355721389556,0.23021728866442676,-20.05621583730445,61.237514940833776,3.5386219612177383,0,0,0,0,1,DISTRACTED
2026-07-21T13:19:25.763643,0.19693406534317653,0.2324360203750442,-21.427178472972855,59.90538554904755,2.558716060356997,0,0,0,0,1,DISTRACTED
2026-07-21T13:19:25.863708,0.20780444063164372,0.2150581316760657,-22.89602289805339,60.74391784996978,2.622543032908435,0,0,0,0,1,DISTRACTED
2026-07-21T13:19:25.966726,0.19419116945117276,0.2239702877722227,-20.83823722860859,61.20108510160623,3.32228892100096,0,0,0,0,1,DISTRACTED
2026-07-21T13:19:26.071838,0.21502440536599082,0.23435619187512083,-21.43879701251163,60.64877472364749,2.800019792477458,0,0,0,0,1,DISTRACTED
2026-07-21T13:19:26.171341,0.20705627118080353,0.21485303285302043,-23.701617114381747,59.29161795363582,1.844908816404852,0,0,0,0,1,DISTRACTED
2026-07-21T13:19:26.278307,0.22078262852211514,0.20836178667486385,-21.126969367467154,60.1909688869131,2.966613176023844,0,0,0,0,1,DISTRACTED
2026-07-21T13:19:26.377933,0.2118033988749895,0.2190369339249354,-21.00993543536248,59.880014246280204,3.00345361009764,0,0,0,0,1,DISTRACTED
2026-07-21T13:19:26.473277,0.19008980452715363,0.22606408908911343,-21.444231797539572,59.82080934750759,2.562927585348313,0,0,0,0,1,DISTRACTED
2026-07-21T13:19:26.581289,0.22107878697735175,0.2190369339249354,-20.200606697996164,59.476078516723376,3.554834529849454,0,0,0,0,1,DISTRACTED
2026-07-21T13:19:26.676970,0.19930703281039264,0.22562894040047474,-20.252662107727105,58.21076591192655,3.8053385987653283,0,0,0,0,1,DISTRACTED
2026-07-21T13:19:26.774269,0.20222242389548245,0.21485303285302043,-22.493958779384684,59.560011085935194,2.370660216609439,0,0,0,0,1,DISTRACTED
2026-07-21T13:19:26.871872,0.15992593083974893,0.21428571428571427,-22.383458707453116,59.779815628550544,2.0844917626973904,0,0,0,0,1,DISTRACTED
2026-07-21T13:19:26.975812,0.21822358024634608,0.2273924296742764,-22.119017385022005,59.66546814737268,2.620834761064711,0,0,0,0,1,DISTRACTED
2026-07-21T13:19:27.073896,0.19894519661271298,0.22606408908911343,-21.53536841141039,59.549874076598705,3.2210376135437273,0,0,0,0,1,DISTRACTED
2026-07-21T13:19:27.167692,0.19940490122896332,0.21703635504625649,-21.675453416924626,58.86830870343299,2.612945933392418,0,0,0,0,1,DISTRACTED
2026-07-21T13:19:27.260527,0.21355312596864398,0.2273924296742764,-20.50976211480446,59.19369683896187,3.6291386500880116,0,0,0,0,1,DISTRACTED
2026-07-21T13:19:27.352615,0.21701639201539696,0.23922417393883957,-20.10986173448572,58.61494627135169,3.392200553942996,0,0,0,0,1,DISTRACTED
2026-07-21T13:19:27.445850,0.21267207691362494,0.21536037355497312,-21.138734916533025,58.99715400484709,3.4404539848594515,0,0,0,0,1,DISTRACTED
2026-07-21T13:19:27.548955,0.20835943136266602,0.2207107502912299,-21.321402696649898,58.681954333997,2.6997010413736304,0,0,0,1,1,DROWSY
2026-07-21T13:19:27.644305,0.20835943136266602,0.2273924296742764,-22.200948605073165,59.395207980713906,1.7123057807612307,0,0,0,1,1,DROWSY
2026-07-21T13:19:27.747826,0.20835943136266602,0.2171474727254085,-20.90359184155301,58.9351588666468,3.2283536571569904,0,0,0,1,1,DROWSY
2026-07-21T13:19:27.840414,0.19429864829804927,0.21900639466686211,-20.660870479278202,58.78724190754751,3.2854455240418585,0,0,0,1,1,DROWSY
2026-07-21T13:19:27.937236,0.21669276469599935,0.21900639466686211,-20.824131609500256,58.3635544376913,2.9307453775866263,0,0,0,1,1,DROWSY
2026-07-21T13:19:28.032744,0.21914907989579277,0.21900639466686211,-20.822006215045633,58.29697935657218,3.0204979919043753,0,0,0,1,1,DROWSY
2026-07-21T13:19:28.125826,0.19894519661271298,0.21900639466686211,-20.830428401990304,58.090281012373026,3.273644848858861,0,0,0,1,1,DROWSY
2026-07-21T13:19:28.217245,0.2191576354824527,0.21900639466686211,-21.240072203092723,58.168531770460724,2.6153622863819357,0,0,0,1,1,DROWSY
2026-07-21T13:19:28.312383,0.22188761996909317,0.21900639466686211,-21.119364395434275,58.27493784390055,2.559992708490691,0,0,0,1,1,DROWSY
2026-07-21T13:19:28.407979,0.20419617239565163,0.22692669850796862,-20.693317765969823,58.551720045057536,2.641835227147217,0,0,0,1,1,DROWSY
2026-07-21T13:19:28.508590,0.19504808202451923,0.21900639466686211,-21.618973008086527,58.81862996857534,2.256375743345892,0,0,0,1,1,DROWSY
2026-07-21T13:19:28.607713,0.2491756262915892,0.2171474727254085,-19.78641437670973,59.7972937743559,3.244434423025956,0,0,0,1,1,DROWSY
2026-07-21T13:19:28.707317,0.2517750623608927,0.2340478156067668,-19.54137444921318,59.42765967356749,3.242078534999009,0,0,0,0,1,DISTRACTED
2026-07-21T13:19:28.812933,0.28119614435970786,0.22552987298458999,-20.889311884226004,60.06481562332753,1.9970491040055582,0,0,0,0,1,DISTRACTED
2026-07-21T13:19:28.918073,0.2869548429790786,0.22552987298458999,-20.276497324228444,60.03734437771116,2.3787897785863716,0,0,0,0,1,DISTRACTED
2026-07-21T13:19:29.008445,0.22489838603411344,0.22552987298458999,-20.44687601686195,59.288362655845184,2.3689393034373114,0,0,0,0,1,DISTRACTED
2026-07-21T13:19:29.104541,0.29545621110674325,0.22397916286372446,-20.547975154894516,60.09371670602461,2.0081853399876266,0,0,0,0,1,DISTRACTED
2026-07-21T13:19:29.202850,0.2616189606472931,0.22397916286372446,-19.734014006519004,59.788699078438896,2.5830065571419927,0,0,0,0,1,DISTRACTED
2026-07-21T13:19:29.304771,0.23492532803065647,0.23057298283827132,-20.087452761876364,58.906357245274464,2.9789150967043323,0,0,0,0,1,DISTRACTED
2026-07-21T13:19:29.396865,0.2921061627231255,0.24703857996508669,-19.05451721257691,59.24477184429889,3.0045024508526272,0,0,0,0,1,DISTRACTED
2026-07-21T13:19:29.492742,0.2636681412971371,0.20929266304249367,-19.935462757927354,59.78210666025921,2.658787920395948,0,0,0,0,1,DISTRACTED
2026-07-21T13:19:29.588242,0.263055229538645,0.2239102966976108,-19.316687025391275,59.30223617119878,2.7549836047598237,0,0,0,0,1,DISTRACTED
2026-07-21T13:19:29.681775,0.282323913955693,0.21900639466686211,-19.46150235755931,59.35407786562704,3.16367032651281,0,0,0,0,1,DISTRACTED
2026-07-21T13:19:29.781003,0.2740207615002794,0.21854811946548802,-21.221428477982016,59.502517652520694,1.6085599753884687,0,0,0,0,1,DISTRACTED
2026-07-21T13:19:29.878002,0.2916771466162629,0.21900639466686211,-19.635481116833944,59.85958941736902,2.892170815925717,0,0,0,0,1,DISTRACTED
2026-07-21T13:19:29.969228,0.268482845251822,0.21283595866099622,-19.36738200620411,59.03886458066848,3.091326184105346,0,0,0,0,1,DISTRACTED
2026-07-21T13:19:30.062315,0.31007791374407734,0.2415443321630858,-19.528475928208564,59.987846340313986,2.5508822967623987,0,0,0,0,1,DISTRACTED
2026-07-21T13:19:30.164351,0.23918516055175015,0.21283595866099622,-20.00781981510221,59.559383024170934,2.583069183798809,0,0,0,0,1,DISTRACTED
2026-07-21T13:19:30.256937,0.25869522897957337,0.21900639466686211,-19.994909572056343,59.67578566112851,2.8412619007400015,0,0,0,0,1,DISTRACTED
2026-07-21T13:19:30.357920,0.276213489665823,0.21854811946548802,-21.985661419736914,59.1964294160883,1.0890938506903904,0,0,0,0,1,DISTRACTED
2026-07-21T13:19:30.457736,0.2711410269756371,0.21536037355497312,-20.070028386599546,59.64791526583829,2.8237501888648215,0,0,0,0,1,DISTRACTED
2026-07-21T13:19:30.547979,0.22890642026991048,0.20665510875158302,-18.424897701767577,59.05323738454835,3.811374136801697,0,0,0,0,1,DISTRACTED
2026-07-21T13:19:30.640570,0.2632700803814249,0.2321948316110273,-19.975049894587244,59.519998942649735,2.593811085349424,0,0,0,0,1,DISTRACTED
2026-07-21T13:19:30.733955,0.2754432223835613,0.21536037355497312,-19.511589104553934,59.14322448352662,3.6751039759282684,0,0,0,0,1,DISTRACTED
2026-07-21T13:19:30.830360,0.27566396555057016,0.22692669850796862,-19.404620102180132,59.55899241991377,3.1652762247947956,0,0,0,0,1,DISTRACTED
2026-07-21T13:19:30.921787,0.25763145988658387,0.21900639466686211,-19.93691743008415,59.67715474507839,3.0529214442364268,0,0,0,0,1,DISTRACTED
2026-07-21T13:19:31.019096,0.2637268248482343,0.2273924296742764,-20.658432788778896,58.74564036167184,1.8349684557248698,0,0,0,0,1,DISTRACTED
2026-07-21T13:19:31.108227,0.2644757176943408,0.2285605064684992,-19.324821204878788,60.34474896726198,3.664508529073222,0,0,0,0,1,DISTRACTED
2026-07-21T13:19:31.205896,0.24709707221729083,0.23726470419684892,-19.526299287583953,59.50870496133558,2.942841099976443,0,0,0,0,1,DISTRACTED
2026-07-21T13:19:31.297319,0.2747117461472444,0.22214456402180274,-18.903281646162526,59.64777725094074,3.9589262966555103,0,0,0,0,1,DISTRACTED
2026-07-21T13:19:31.397025,0.24864280417676837,0.22552987298458999,-19.904634158969913,59.667794850098424,3.298597984751002,0,0,0,0,1,DISTRACTED
2026-07-21T13:19:31.493168,0.26184839283282146,0.2273924296742764,-20.298692366014876,59.09664994781131,2.798318192829367,0,0,0,0,1,DISTRACTED
2026-07-21T13:19:31.586833,0.2617412938436192,0.21536037355497312,-19.765099218846473,59.30267986348769,3.117104094265779,0,0,0,0,1,DISTRACTED
2026-07-21T13:19:31.676984,0.2517609683283759,0.22397916286372446,-21.123051910071098,59.12199225985021,2.0114161657764837,0,0,0,0,1,DISTRACTED
2026-07-21T13:19:31.771961,0.2429054382064701,0.2321948316110273,-19.466659211723652,59.06961906914887,3.277340004981172,0,0,0,0,1,DISTRACTED
2026-07-21T13:19:31.870093,0.26359882707110277,0.22397916286372446,-19.364135009766727,58.953520243099,3.160057914104548,0,0,0,0,1,DISTRACTED
2026-07-21T13:19:31.966882,0.24217347136857692,0.2207107502912299,-19.850078826877223,58.38572044395583,2.574460741846221,0,0,0,0,1,DISTRACTED
2026-07-21T13:19:32.067090,0.22698706491077308,0.228593497261973,-19.39289921519034,57.738249812657806,3.109977055369104,0,0,0,0,1,DISTRACTED
2026-07-21T13:19:32.160246,0.2378346042148954,0.21703635504625649,-19.688853373100642,58.69649631795927,2.66447197419537,0,0,0,0,1,DISTRACTED
2026-07-21T13:19:32.258719,0.25241714074433963,0.21703635504625649,-19.347807522352326,58.633126951275024,2.8925197199246395,0,0,0,0,1,DISTRACTED
2026-07-21T13:19:32.352319,0.2454504022006065,0.21703635504625649,-20.21541439504304,58.69638000032152,2.0443504654866578,0,0,0,0,1,DISTRACTED
2026-07-21T13:19:32.443414,0.24962114554426323,0.21703635504625649,-21.58326489018387,58.984132559652025,1.1580486170114856,0,0,0,0,1,DISTRACTED
2026-07-21T13:19:32.541835,0.2715932076643972,0.2207107502912299,-20.37745962334867,59.485075525577734,2.5143861011123354,0,0,0,0,1,DISTRACTED
2026-07-21T13:19:32.640459,0.2638113886604053,0.22177524892662917,-20.41528593346419,59.54985896395924,2.3902350119964697,0,0,0,0,1,DISTRACTED
2026-07-21T13:19:32.737306,0.23447345241837037,0.21703635504625649,-20.592602630585105,58.72052880581464,1.8236382531452893,0,0,0,0,1,DISTRACTED
2026-07-21T13:19:32.829831,0.29707850756767784,0.22692669850796862,-20.76025341515657,58.86790981020545,1.9073966236718145,0,0,0,0,1,DISTRACTED
2026-07-21T13:19:32.921406,0.29132114456792296,0.20617757195308756,-20.053399705704265,60.12675652268971,2.3277298221921345,0,0,0,0,1,DISTRACTED
2026-07-21T13:19:33.020370,0.2934977734092831,0.21900639466686211,-20.343469840353976,59.480833617389045,1.601631304713434,0,0,0,0,1,DISTRACTED
2026-07-21T13:19:33.112973,0.2952188950638928,0.20458544332358913,-19.970577463619065,60.2970033309549,2.4569101817646923,0,0,0,0,1,DISTRACTED
2026-07-21T13:19:33.206161,0.30311744012893393,0.21437323142813605,-21.583086400051286,59.649848158929764,0.4190665827201533,0,0,0,0,1,DISTRACTED
2026-07-21T13:19:33.297249,0.284709569574215,0.24427925351484706,-19.90559483976827,59.453515214137305,1.83890669438049,0,0,0,0,1,DISTRACTED
2026-07-21T13:19:33.392781,0.298980911529104,0.21439925955523198,-18.08832216406961,59.01780008769519,2.5361387445029417,0,0,0,0,1,DISTRACTED
2026-07-21T13:19:33.488602,0.295696774346606,0.228593497261973,-20.02309215350965,59.46004208571855,1.8592247511324727,0,0,0,0,1,DISTRACTED
2026-07-21T13:19:33.586720,0.2781550449023503,0.24331849886331705,-20.400480603304544,58.992538658960505,1.8347415769366167,0,0,0,0,1,DISTRACTED
2026-07-21T13:19:33.687326,0.27570211023648916,0.21439925955523198,-20.49238270990537,58.90046310140416,1.6188753114208454,0,0,0,0,1,DISTRACTED
2026-07-21T13:19:33.776394,0.2600243861768007,0.228593497261973,-20.03289934759647,58.13047404905015,2.347909426092283,0,0,0,0,1,DISTRACTED
2026-07-21T13:19:33.870487,0.258579570346692,0.21283595866099622,-19.541995415797317,58.25852859926324,2.691940526390601,0,0,0,0,1,DISTRACTED
2026-07-21T13:19:33.969609,0.2600243861768007,0.2340478156067668,-19.075516837777627,58.692701091944,2.9917189874550445,0,0,0,0,1,DISTRACTED
2026-07-21T13:19:34.064159,0.282323913955693,0.23462362599900333,-17.5932310133407,58.357982487269,3.85321264705589,0,0,0,0,1,DISTRACTED
2026-07-21T13:19:34.159600,0.22547894438459892,0.21536037355497312,-18.531677082139026,58.32565432467879,3.6467308334352726,0,0,0,0,1,DISTRACTED
2026-07-21T13:19:34.253694,0.24873870311623686,0.20929266304249367,-18.288283120154375,58.462232422116344,3.71891921141742,0,0,0,0,1,DISTRACTED
2026-07-21T13:19:34.346796,0.24046945666347802,0.23312828155189408,-17.98140947920305,57.56111201223515,3.214978035966075,0,0,0,0,1,DISTRACTED
2026-07-21T13:19:34.440884,0.21658416524056787,0.22692669850796862,-20.20902121094835,58.51534373761992,1.5846666903366582,0,0,0,0,1,DISTRACTED
2026-07-21T13:19:34.533401,0.218295575399713,0.22692669850796862,-21.35749375030855,58.53710284028611,0.6875861051379797,0,0,0,0,1,DISTRACTED
2026-07-21T13:19:34.633036,0.21172970275446268,0.2255549396858453,-21.523558355251424,58.48738132221454,0.5612716690635225,0,0,0,0,1,DISTRACTED
2026-07-21T13:19:34.731653,0.2252351610950593,0.22222791431689978,-20.849695384305875,57.91289980572838,1.176050320551573,0,0,0,0,1,DISTRACTED
2026-07-21T13:19:34.837792,0.2402448892065115,0.3808369249445784,-20.94404245342713,58.751281831286605,0.16580315658540207,0,0,0,0,1,DISTRACTED
2026-07-21T13:19:34.930375,0.27350855837367116,0.32320916546698825,-20.92910217626178,59.45498646630916,-0.7431201440990518,0,0,0,0,1,DISTRACTED
2026-07-21T13:19:35.019964,0.26949309699584406,0.22660076645367458,-20.73443003404938,59.401216256010805,-0.08042644857094909,0,0,0,0,1,DISTRACTED
2026-07-21T13:19:35.116636,0.27455304212609233,0.22834459443109356,-20.20894874680397,59.48114910470431,0.08413596681457863,0,0,0,0,1,DISTRACTED
2026-07-21T13:19:35.216307,0.3157547107841042,0.23317595648641667,-19.292930002978665,60.06034460135595,0.74649278214861,0,0,0,0,1,DISTRACTED
2026-07-21T13:19:35.311877,0.2910499525649194,0.22153370219461802,-19.980212418512792,58.96892025330262,0.45194464747365515,0,0,0,0,1,DISTRACTED
2026-07-21T13:19:35.404751,0.27391020708305697,0.24070548769426595,-18.740207651543955,59.40688073538486,0.16046318023643755,0,0,0,0,1,DISTRACTED
2026-07-21T13:19:35.500260,0.2715028828224008,0.2524143578457629,-19.449237555694282,59.614330387366465,0.7555131134710601,0,0,0,0,1,DISTRACTED
2026-07-21T13:19:35.596407,0.26303957104200293,0.24088835224499072,-19.95723991914312,58.90866190072163,1.0902250228016641,0,0,0,0,1,DISTRACTED
2026-07-21T13:19:35.688635,0.282323913955693,0.24360909824403795,-18.774667684692133,58.4003106808904,1.97200634739573,0,0,0,0,1,DISTRACTED
2026-07-21T13:19:35.787880,0.27720693444224215,0.2130352520572231,-18.155324437552565,57.1759385363005,2.066379277950226,0,0,0,0,1,DISTRACTED
2026-07-21T13:19:35.885546,0.270970317568467,0.23911519121682703,-17.377749641850045,58.14654739207804,1.6125991584029147,0,0,0,0,1,DISTRACTED
2026-07-21T13:19:35.976313,0.25601140940337525,0.2476899491693211,-17.844143247010464,58.06735523785268,1.4563768443935077,0,0,0,0,1,DISTRACTED
2026-07-21T13:19:36.072365,0.25571991269598565,0.21897675600878547,-18.747768869280804,58.055815404897544,1.4404961882415555,0,0,0,0,1,DISTRACTED
2026-07-21T13:19:36.168971,0.24640981841105947,0.21428571428571427,-17.898512523371778,57.36701424708028,1.8308296372113233,0,0,0,0,1,DISTRACTED
2026-07-21T13:19:36.272192,0.23925852220689087,0.21897675600878547,-18.976485351648307,57.28164618180025,0.8310617875800608,0,0,0,0,1,DISTRACTED
2026-07-21T13:19:36.365768,0.23065893074712046,0.21619819657366887,-18.34419173728881,57.206912653091486,1.7927834462622514,0,0,0,0,1,DISTRACTED
2026-07-21T13:19:36.460389,0.2580378362067077,0.22069560054573475,-17.999139735640114,57.756147763552086,1.520991720678247,0,0,0,0,1,DISTRACTED
2026-07-21T13:19:36.551800,0.23964700087599602,0.21439925955523198,-17.603508373422216,58.042215640768966,1.4639479582578192,0,0,0,0,1,DISTRACTED
2026-07-21T13:19:36.641433,0.25460757208478524,0.24331849886331705,-17.895533776831343,58.007450253692134,1.3788900082475728,0,0,0,0,1,DISTRACTED
2026-07-21T13:19:36.736793,0.2531650540923186,0.24155058793002396,-17.215113555911955,58.62721656306889,1.7228888226780184,0,0,0,0,1,DISTRACTED
2026-07-21T13:19:36.828697,0.2580378362067077,0.22829400965272742,-17.376151412293638,57.44073943643117,1.7119907634028837,0,0,0,0,1,DISTRACTED
2026-07-21T13:19:36.926285,0.2717872469886331,0.23329171436663218,-16.319629733279584,57.94082445509434,2.19512568559716,0,0,0,0,1,DISTRACTED
2026-07-21T13:19:37.028873,0.22939924803717116,0.21897675600878547,-16.95633416875276,56.4855418820189,1.7713711044495366,0,0,0,0,1,DISTRACTED
2026-07-21T13:19:37.122046,0.2364805256252469,0.21703635504625649,-16.736261004208785,57.77186982691347,1.2844185200495273,0,0,0,0,1,DISTRACTED
2026-07-21T13:19:37.217211,0.27530986628118426,0.22672885876180515,-17.12437710083961,58.71337716289543,1.1553970933781543,0,0,0,0,1,DISTRACTED
2026-07-21T13:19:37.312438,0.2377010023437342,0.22524921150881436,-17.147500755462886,57.901287492444,1.3330818262889619,0,0,0,0,1,DISTRACTED
2026-07-21T13:19:37.409761,0.267978088777294,0.21439925955523198,-17.44902587413432,58.15516562346961,1.2634917408191269,0,0,0,0,1,DISTRACTED
2026-07-21T13:19:37.508653,0.2370974841567537,0.22069560054573475,-17.019781195437588,57.25310402563815,1.381735550323935,0,0,0,0,1,DISTRACTED
2026-07-21T13:19:37.600257,0.2723487793722432,0.2207107502912299,-16.56628958882004,58.24128850222012,1.2594388728374994,0,0,0,0,1,DISTRACTED
2026-07-21T13:19:37.694382,0.27959597129237385,0.22069560054573475,-15.631194656568823,57.52192083079973,2.8488516622131987,0,0,0,0,1,DISTRACTED
2026-07-21T13:19:37.788831,0.2458377307875916,0.22069560054573475,-16.28644387262463,56.94908077936643,2.2230185226373025,0,0,0,0,1,DISTRACTED
2026-07-21T13:19:37.881322,0.2358231051192624,0.21746685973932392,-15.771928624982365,57.5500802963953,2.607863589996575,0,0,0,0,1,DISTRACTED
2026-07-21T13:19:37.978434,0.24054809307438815,0.20842893981119723,-16.227741522126223,56.67377791833823,1.8364356501629178,0,0,0,0,1,DISTRACTED
2026-07-21T13:19:38.074256,0.2385143308936679,0.21897675600878547,-16.319052233746447,56.789847521122304,2.167566040407901,0,0,0,0,1,DISTRACTED
2026-07-21T13:19:38.171923,0.2582505518639505,0.21897675600878547,-15.844196444711258,57.41313636372729,2.508262486256129,0,0,0,0,1,DISTRACTED
2026-07-21T13:19:38.273944,0.2865474618499739,0.24070548769426595,-16.813730132494214,56.4844405564467,1.6471656610948204,0,0,0,0,1,DISTRACTED
2026-07-21T13:19:38.368546,0.27273770425198707,0.2269618021511069,-17.098768287851357,56.734507172131636,1.9622606045540587,0,0,0,0,1,DISTRACTED
2026-07-21T13:19:38.469139,0.3026537659003342,0.23589331259350765,-16.898821403974296,57.52808094437952,1.741596780896067,0,0,0,0,1,DISTRACTED
2026-07-21T13:19:38.570003,0.28843329720204125,0.31847033835408145,-15.264190199064387,57.715980401138125,2.3759105894096493,0,0,0,0,1,DISTRACTED
2026-07-21T13:19:38.661651,0.3062498565009615,0.2574617550358599,-15.589047662396382,57.74273031950588,2.8194351227564347,0,0,0,0,1,DISTRACTED
2026-07-21T13:19:38.752795,0.2754287136691344,0.2209580231467806,-16.518894856098342,56.70301240230461,1.658393535350079,0,0,0,0,1,DISTRACTED
2026-07-21T13:19:38.844654,0.2941116189848483,0.2546404370756989,-15.760502571816573,56.35647060628503,1.0799131138966958,0,0,0,0,1,DISTRACTED
2026-07-21T13:19:38.943255,0.2743769820057224,0.33379363751652186,-15.351191284510293,58.29265682330773,1.1825576293432438,0,0,0,0,1,DISTRACTED
2026-07-21T13:19:39.041857,0.2711298264826486,0.37336149913940214,-14.4265674078259,58.520663873629225,1.2600864768165991,0,0,0,0,1,DISTRACTED
2026-07-21T13:19:39.133935,0.28564353093392486,0.29774714914462075,-14.140187970782733,58.237430427984464,1.3761469242422186,0,0,0,0,1,DISTRACTED
2026-07-21T13:19:39.227036,0.3025277590366171,0.31586509844244265,-13.961225801007458,57.928973911940744,1.886653978912159,0,0,0,0,1,DISTRACTED
2026-07-21T13:19:39.322662,0.2900284987799693,0.2767357318883547,-16.252848199549703,56.0892487840069,1.2758674124639058,0,0,0,0,1,DISTRACTED
2026-07-21T13:19:39.419004,0.2779630190990915,0.3013926392127857,-16.50177118741655,56.85478279473698,1.2937167912738436,0,0,0,0,1,DISTRACTED
2026-07-21T13:19:39.513610,0.301969480287108,0.3133393207545052,-15.09367157234098,57.40525565378978,1.024132636866888,0,0,0,0,1,DISTRACTED
2026-07-21T13:19:39.613657,0.24348306405319625,0.28432719112078,-16.123386862067832,57.81113279101032,0.05757493116193519,0,0,0,0,1,DISTRACTED
2026-07-21T13:19:39.711262,0.25116946966605674,0.29931529861957323,-15.724178897358371,57.331494494704884,1.0802692668131901,0,0,0,0,1,DISTRACTED
2026-07-21T13:19:39.803166,0.25190407463010855,0.24201839382344165,-16.156068766971003,56.655903680077856,1.6223799556445033,0,0,0,0,1,DISTRACTED
2026-07-21T13:19:39.902501,0.2741884256393091,0.2356964236131296,-16.224756017313354,55.96762385613234,1.5166308879170203,0,0,0,0,1,DISTRACTED
2026-07-21T13:19:39.994184,0.2570496872120547,0.2647117597119444,-15.777109628969896,56.47687123006379,1.1401472530855352,0,0,0,0,1,DISTRACTED
2026-07-21T13:19:40.088274,0.23450816943255343,0.24914302669688204,-16.96354314528145,57.4516839191945,0.7621234476305523,0,0,0,0,1,DISTRACTED
2026-07-21T13:19:40.184297,0.28995415878281844,0.25481490233887455,-15.001464901506779,57.161452197002,1.6687415720979508,0,0,0,0,1,DISTRACTED
2026-07-21T13:19:40.283916,0.28408247579459833,0.2996278351273957,-15.571384234321272,55.83797848907929,3.055322696873237,0,0,0,0,1,DISTRACTED
2026-07-21T13:19:40.379957,0.26154771311441033,0.2687087563154441,-14.099603487433143,55.43492447355717,3.6356033906233387,0,0,0,0,1,DISTRACTED
2026-07-21T13:19:40.484539,0.31538405301239836,0.2281827805006295,-14.748820502920552,55.83580332596057,3.741490057820099,0,0,0,0,1,DISTRACTED
2026-07-21T13:19:40.585511,0.29694657274521524,0.2510277034207715,-10.437156854562431,54.75331376239251,4.707621099701443,0,0,0,0,1,DISTRACTED
2026-07-21T13:19:40.680070,0.29273728626336204,0.2674957873381591,-9.785440569194861,56.49415401351327,4.295533731817127,0,0,0,0,1,DISTRACTED
2026-07-21T13:19:40.772292,0.2565381143611839,0.2116441869466302,-10.907881890972817,55.880218956371856,3.74189178384215,0,0,0,0,1,DISTRACTED
2026-07-21T13:19:40.863886,0.25456758386168277,0.24088835224499072,-13.773988219352049,57.22593535330007,2.677887707303623,0,0,0,0,1,DISTRACTED
2026-07-21T13:19:40.966866,0.23734680935319558,0.2575356483379218,-13.623180195137053,56.73231803185592,2.82347725386205,0,0,0,0,1,DISTRACTED
2026-07-21T13:19:41.065806,0.24947743451800863,0.2630726618486657,-15.860836461943705,56.56970684352209,1.4060187534040138,0,0,0,0,1,DISTRACTED
2026-07-21T13:19:41.160409,0.2819759757880433,0.2575356483379218,-14.327643843091266,56.9955848094646,2.627273088257514,0,0,0,0,1,DISTRACTED
2026-07-21T13:19:41.262747,0.27631098097181567,0.2420468225037948,-15.748742754074982,57.112808022511466,2.0679075585431548,0,0,0,0,1,DISTRACTED
2026-07-21T13:19:41.358853,0.3089868373900773,0.2130352520572231,-15.25490076293579,56.98206797758024,3.3054500144018517,0,0,0,0,1,DISTRACTED
2026-07-21T13:19:41.455463,0.27971678180869963,0.2301247466675527,-13.52726237576374,56.78306963726202,3.825923613596412,0,0,0,0,1,DISTRACTED
2026-07-21T13:19:41.551275,0.28318908553263067,0.237164951363645,-15.43140962560804,56.332375389195484,2.599929136413142,0,0,0,0,1,DISTRACTED
2026-07-21T13:19:41.645462,0.2689881942190548,0.24640292652076903,-16.540935840033455,57.111845033119195,2.8331306468373927,0,0,0,0,1,DISTRACTED
2026-07-21T13:19:41.738947,0.2629292614251147,0.2209580231467806,-16.16121817128149,56.75118613132018,3.0509782973164943,0,0,0,0,1,DISTRACTED
2026-07-21T13:19:41.832310,0.24234641926581574,0.23661183862867993,-17.619425334214583,56.48438272621893,5.399023491472943,0,0,0,0,1,DISTRACTED
2026-07-21T13:19:41.923721,0.2596844669903866,0.20699177321687556,-17.207238805483343,59.046007560417046,5.348584401809666,0,0,0,0,1,DISTRACTED
2026-07-21T13:19:42.019391,0.2745313581415318,0.21721163117408376,-17.27965867173876,58.697697941919515,5.192672214861259,0,0,0,0,1,DISTRACTED
2026-07-21T13:19:42.114157,0.29331037455718445,0.22992405501632626,-17.641933899886595,58.64944746631305,4.598481569115545,0,0,0,0,1,DISTRACTED
2026-07-21T13:19:42.213764,0.26230843114376845,0.22992405501632626,-16.62974995128471,58.92553633997146,5.167734650256064,0,0,0,0,1,DISTRACTED
2026-07-21T13:19:42.311671,0.2942619689021029,0.22069560054573475,-18.185158492932345,58.78998939058372,4.638878084757511,0,0,0,0,1,DISTRACTED
2026-07-21T13:19:42.403273,0.3049424323799166,0.23960664314307464,-16.358245068610813,58.54312676999483,5.898018419346341,0,0,0,0,1,DISTRACTED
2026-07-21T13:19:42.494303,0.30589188936348577,0.21718612138153467,-17.039189052872615,58.40812842452058,5.705987694652248,0,0,0,0,1,DISTRACTED
2026-07-21T13:19:42.589390,0.33878991695259597,0.23312828155189408,-18.192854627535894,58.16199934347459,5.007089816266492,0,0,0,0,1,DISTRACTED
2026-07-21T13:19:42.683065,0.28979703746123936,0.21581573881674876,-18.406421512823812,58.2783411188822,4.954664431645476,0,0,0,0,1,DISTRACTED
2026-07-21T13:19:42.777170,0.28962320560438043,0.20542018457128153,-18.09377331900572,58.18118630226338,5.1064102484414775,0,0,0,0,1,DISTRACTED
2026-07-21T13:19:42.873767,0.30423268406215165,0.21952850077085903,-16.466850715475857,59.171467414804695,5.579463191533505,0,0,0,0,1,DISTRACTED
2026-07-21T13:19:42.974303,0.30690451783064376,0.21901996535231655,-17.519700657013658,58.096670089753246,5.11784599630023,0,0,0,0,1,DISTRACTED
2026-07-21T13:19:43.068292,0.2928815045142913,0.2132409391116245,-16.96870952814973,57.668004462455265,5.674982694919556,0,0,0,0,1,DISTRACTED
2026-07-21T13:19:43.167311,0.2987058412913383,0.21901996535231655,-16.37768486893964,57.47723967854127,6.0581497840182195,0,0,0,0,1,DISTRACTED
2026-07-21T13:19:43.262200,0.271008362657626,0.21901996535231655,-16.16451370000371,57.5014786118498,5.70316176966056,0,0,0,0,1,DISTRACTED
2026-07-21T13:19:43.352301,0.2650966830823879,0.21952850077085903,-16.475831952328093,58.17879036335906,4.769502754355185,0,0,0,0,1,DISTRACTED
2026-07-21T13:19:43.453439,0.25060998025173087,0.27012893154448686,-16.83753548794661,57.64143767081602,4.376210688401541,0,0,0,0,1,DISTRACTED
2026-07-21T13:19:43.550571,0.3092919847197695,0.26185344936959154,-15.194110375628696,58.29413447428421,4.436699683993157,0,0,0,0,1,DISTRACTED
2026-07-21T13:19:43.649049,0.2907014012558751,0.22265005767594348,-15.124473041056916,57.86327739711442,4.286595859994863,0,0,0,0,1,DISTRACTED
2026-07-21T13:19:43.740737,0.3098906968095186,0.22547980026944234,-15.215149084886406,57.20028066852364,4.272314016386958,0,0,0,0,1,DISTRACTED
2026-07-21T13:19:43.835756,0.2982686290481595,0.23491185389663938,-15.664414952248649,56.75180927092059,4.279643358134196,0,0,0,0,1,DISTRACTED
2026-07-21T13:19:43.932414,0.28229320108904654,0.22547980026944234,-15.27047881931523,57.17777162601277,4.550399503347719,0,0,0,0,1,DISTRACTED
2026-07-21T13:19:44.027134,0.2876709017175696,0.22547980026944234,-15.422361668537633,57.520438996230446,4.868600943494484,0,0,0,0,1,DISTRACTED
2026-07-21T13:19:44.118810,0.25752218232140905,0.21478647825323827,-14.523335146523863,57.57990044383458,6.120300355576302,0,0,0,0,1,DISTRACTED
2026-07-21T13:19:44.219337,0.27897794191178804,0.2207047840876987,-14.088988976579543,55.91447683448188,6.263124357758157,0,0,0,0,1,DISTRACTED
2026-07-21T13:19:44.316616,0.2851822897528291,0.23770862847993332,-15.446686527346998,56.18645857058923,5.640861685067774,0,0,0,0,1,DISTRACTED
2026-07-21T13:19:44.414765,0.24612738701392833,0.23408697727700342,-15.651614608389224,56.16788648607886,5.286523377307508,0,0,0,0,1,DISTRACTED
2026-07-21T13:19:44.511096,0.2802027661153491,0.23934297518995934,-15.664055408936918,57.03845399607085,5.366952895782118,0,0,0,0,1,DISTRACTED
2026-07-21T13:19:44.612233,0.2810210416460398,0.2132409391116245,-16.02392842937755,57.27403944382675,5.03427303223097,0,0,0,0,1,DISTRACTED
2026-07-21T13:19:44.705842,0.23692544972783433,0.2132409391116245,-15.726715765234616,56.76064810029058,5.134599585749785,0,0,0,0,1,DISTRACTED
2026-07-21T13:19:44.802100,0.21995792524193664,0.24080041884071599,-14.718686456422034,56.91416632560575,5.213109831812424,0,0,0,0,1,DISTRACTED
2026-07-21T13:19:44.900264,0.2619339403011478,0.23542427991868473,-13.602449130212023,57.457630190224094,5.808008995171516,0,0,0,0,1,DISTRACTED
2026-07-21T13:19:44.993364,0.26076330764904576,0.2562933182216747,-13.887296656616485,57.006211275004276,4.788492186091557,0,0,0,0,1,DISTRACTED
2026-07-21T13:19:45.092020,0.2890942019947199,0.23705885652689063,-13.035919496612308,57.796866616215056,5.275938318823436,0,0,0,0,1,DISTRACTED
2026-07-21T13:19:45.189453,0.2970732902206487,0.21897675600878547,-12.884529456425724,59.255387067740934,5.190543305691964,0,0,0,0,1,DISTRACTED
2026-07-21T13:19:45.288459,0.3373031065505644,0.28539723312843723,-11.956063145710147,60.322799457285996,5.309458650425857,0,0,0,0,1,DISTRACTED
2026-07-21T13:19:45.385850,0.2792006031950889,0.2255549396858453,-12.765113601197527,59.787355598994644,4.7043186579975815,0,0,0,0,1,DISTRACTED
2026-07-21T13:19:45.483461,0.3149562993841317,0.2424723225713727,-11.862613780659018,59.89781025579282,4.815265454869665,0,0,0,0,1,DISTRACTED
2026-07-21T13:19:45.582810,0.3193336332931067,0.20699177321687556,-12.31836450658247,59.271498104661376,4.956160191509837,0,0,0,0,1,DISTRACTED
2026-07-21T13:19:45.689877,0.3183496093680206,0.2116441869466302,-12.284266363759883,59.05758191950077,5.649472845415954,0,0,0,0,1,DISTRACTED
2026-07-21T13:19:45.779035,0.3459093142444018,0.21897675600878547,-12.672387554138595,59.82659462824476,5.244537692902907,0,0,0,0,1,DISTRACTED
2026-07-21T13:19:45.880282,0.33806106044081397,0.21478647825323827,-11.182099272346022,59.50664411968561,6.070319776206091,0,0,0,0,1,DISTRACTED
2026-07-21T13:19:45.979038,0.3529173913377441,0.2356964236131296,-9.997204392115776,59.08784647110302,7.046128229362907,0,0,0,0,1,DISTRACTED
2026-07-21T13:19:46.078801,0.3172426850503327,0.2207047840876987,-9.06637910639526,57.78168147990261,8.366085533564604,0,0,0,0,1,DISTRACTED
2026-07-21T13:19:46.170867,0.2926020696290699,0.24865200814123925,-10.325606280143006,57.38027115593604,7.79150010222657,0,0,0,0,1,DISTRACTED
2026-07-21T13:19:46.278289,0.2646544680219831,0.22258521575236184,-11.029886518967743,56.45886524280413,6.78870770921898,0,0,0,0,1,DISTRACTED
2026-07-21T13:19:46.372396,0.28850335962315166,0.2345118912684772,-10.860910693967583,57.90509473088124,6.128857309846887,0,0,0,0,1,DISTRACTED
2026-07-21T13:19:46.469171,0.26670802018777906,0.27654686323957306,-11.015159437216226,56.99616381058219,6.192804113403261,0,0,0,0,1,DISTRACTED
2026-07-21T13:19:46.566393,0.2672252625114989,0.26818516469110015,-11.604306962222068,57.53228669855267,5.530102674995422,0,0,0,0,1,DISTRACTED
2026-07-21T13:19:46.660873,0.2710897492601293,0.2309221777764036,-9.711994831472765,57.007211570388755,7.060411417061963,0,0,0,0,1,DISTRACTED
2026-07-21T13:19:46.757463,0.2271062276481195,0.22862209157605043,-11.025470930489234,57.06646718765292,6.10237679674453,0,0,0,0,1,DISTRACTED
2026-07-21T13:19:46.848878,0.23227051807720725,0.22069560054573475,-16.330190613740996,59.7402475480029,4.563795652246468,0,0,0,0,1,DISTRACTED
2026-07-21T13:19:46.942000,0.24741840083541725,0.2707795994733201,-18.775814664011477,59.90306412433448,4.109277534947734,0,0,0,0,1,DISTRACTED
2026-07-21T13:19:47.034642,0.2539149189944099,0.23163519021620776,-20.990030884714884,60.827502279041894,3.745869431615522,0,0,0,0,1,DISTRACTED
2026-07-21T13:19:47.136683,0.2160998686474911,0.26867757195308756,-21.85048652230381,61.301462754802046,3.7808335245975733,0,0,0,0,1,DISTRACTED
2026-07-21T13:19:47.230291,0.2164704628204882,0.23152365504840988,-18.99740545051864,59.66202248092367,7.47037320819695,0,0,0,0,1,DISTRACTED
2026-07-21T13:19:47.327902,0.2519642146901313,0.25312347456224227,-22.30295520285398,60.1208954211717,5.20125927599109,0,0,0,0,1,DISTRACTED
2026-07-21T13:19:47.424130,0.2609304601906087,0.24491081832754932,-17.571970705070697,62.60101155124259,8.567349264250364,0,0,0,0,1,DISTRACTED
2026-07-21T13:19:47.516741,0.3075855671026225,0.27263719013514964,-18.308467809730104,61.91009250426736,6.386851674870561,0,0,0,0,1,DISTRACTED
2026-07-21T13:19:47.612771,0.33248403847124425,0.22745359231611337,-18.47610471386173,59.77781324301749,7.152264055735749,0,0,0,0,1,DISTRACTED
2026-07-21T13:19:47.708892,0.32516073797004796,0.22727272727272727,-17.685421151742474,57.7337118062205,8.129045306888974,0,0,0,0,1,DISTRACTED
2026-07-21T13:19:47.822349,0.2682664003751762,0.23468564716806983,-15.412098394566215,56.702820601060466,9.658070454890572,0,0,0,0,1,DISTRACTED
2026-07-21T13:19:47.916466,0.2936941075095145,0.2594139445993885,-12.028903217917701,58.723757473644824,10.043408222772639,0,0,0,0,1,DISTRACTED
2026-07-21T13:19:48.017661,0.3039601669280897,0.26991814057822133,-8.83724285607687,57.169291191988414,12.612626695846433,0,0,0,0,1,DISTRACTED
2026-07-21T13:19:48.112770,0.34279492771582365,0.23189267151641482,-3.4901846628723376,56.95832051772157,17.164655389454914,0,0,0,0,1,DISTRACTED
2026-07-21T13:19:48.205487,0.32528909097488656,0.22953028889533847,-0.18176858064256862,56.78271124836251,21.029163735813903,0,0,0,0,1,DISTRACTED
2026-07-21T13:19:48.305878,0.340914564181912,0.2397904314453799,-0.7026227185122593,58.88252789138567,20.777019321983616,0,0,0,0,1,DISTRACTED
2026-07-21T13:19:48.401125,0.3367823781352055,0.22429738371954316,-0.8272964723077223,59.69099285665208,20.80007376721632,0,0,0,0,1,DISTRACTED
2026-07-21T13:19:48.500881,0.29410352503832626,0.20699692213787874,1.1879760149879814,60.49616113268143,21.258756194207734,0,0,0,0,1,DISTRACTED
2026-07-21T13:19:48.593970,0.3422490918735339,0.21082807225853403,1.444010171747209,61.664606804913326,20.921035842479892,0,0,0,0,1,DISTRACTED
2026-07-21T13:19:48.690575,0.31249310327631163,0.2338902408530997,3.467352258835888,60.470790419252104,20.129663423419274,0,0,0,0,1,DISTRACTED
2026-07-21T13:19:48.789348,0.32530847187758877,0.22129354943817758,1.60243578582822,59.043716751102544,18.493793148661833,0,0,0,0,1,DISTRACTED
2026-07-21T13:19:48.890125,0.2880520764110034,0.23465688785819128,0.5849293735294339,57.39493070182119,16.872869492798177,0,0,0,0,1,DISTRACTED
2026-07-21T13:19:48.988203,0.3171716736233963,0.23864821868988365,-3.9789419067022607,58.61123094034004,13.4785937457624,0,0,0,0,1,DISTRACTED
2026-07-21T13:19:49.088298,0.2989148016117724,0.21966628122943746,-7.20474375968999,57.54794899475019,10.373991403596477,0,0,0,0,1,DISTRACTED
2026-07-21T13:19:49.202908,0.27060874836053694,0.2299233019816205,-10.251474753605493,59.03641170619301,8.229488892548764,0,0,0,0,1,DISTRACTED
2026-07-21T13:19:49.294392,0.2924198603300461,0.2111285706363312,-11.289348054608354,59.51833388002967,8.415457461478262,0,0,0,0,1,DISTRACTED
2026-07-21T13:19:49.393499,0.218403595214696,0.20615528128088303,-8.143168420387042,57.98358528534659,10.311179520572487,0,0,0,0,1,DISTRACTED
2026-07-21T13:19:49.491373,0.25192280221966223,0.22314432197515593,-9.799409225154761,57.94089691175537,8.938546259370058,0,0,0,0,1,DISTRACTED
2026-07-21T13:19:49.593488,0.25241779432000844,0.23444263434357598,-7.567555173419493,58.46813843198812,11.2391687649818,0,0,0,0,1,DISTRACTED
2026-07-21T13:19:49.692590,0.3031836064480083,0.21900639466686211,-8.714193827209726,58.77599667504972,9.662179008880916,0,0,0,0,1,DISTRACTED
2026-07-21T13:19:49.793706,0.25775142856709227,0.22670770247092897,-7.652004390973872,59.153781949600905,10.165095160754628,0,0,0,0,1,DISTRACTED
2026-07-21T13:19:49.899484,0.27654395927996656,0.1983304197377436,-9.53064311142225,58.99307358758532,9.041325362777982,0,0,0,0,1,DISTRACTED
2026-07-21T13:19:49.998833,0.33834950461578117,0.22592162220220235,-9.601042492057559,59.12160593775942,8.941822849831501,0,0,0,0,1,DISTRACTED
2026-07-21T13:19:50.096430,0.29277694577047964,0.22592162220220235,-9.101771626700327,59.11013244156106,9.104500504925337,0,0,0,0,1,DISTRACTED
2026-07-21T13:19:50.194536,0.2517351402381005,0.23938230552790402,-7.976405858190333,58.83269774724365,10.635742381130498,0,0,0,0,1,DISTRACTED
2026-07-21T13:19:50.296672,0.25077879429482175,0.21122354181147665,-7.734099869046844,57.79377035739948,10.4509034716912,0,0,0,0,1,DISTRACTED
2026-07-21T13:19:50.390840,0.2606921232313744,0.20615528128088303,-9.04352416560684,57.817318593133685,9.588521614267101,0,0,0,0,1,DISTRACTED
2026-07-21T13:19:50.486636,0.2880032155668186,0.21966628122943746,-7.8966300950699235,58.50302974953209,9.741976366573596,0,0,0,0,1,DISTRACTED
2026-07-21T13:19:50.582773,0.29095617138230073,0.20928844424038795,-8.773382188743966,58.20079655344861,9.479397669522966,0,0,0,0,1,DISTRACTED
2026-07-21T13:19:50.676398,0.3254977831652778,0.22592162220220235,-7.596060679607518,58.99929746366996,9.920118502798067,0,0,0,0,1,DISTRACTED
2026-07-21T13:19:50.781299,0.3115017125041821,0.22779096123638862,-8.641140550184872,58.650226363350505,9.350926060837429,0,0,0,0,1,DISTRACTED
2026-07-21T13:19:50.880979,0.296181463937299,0.20615528128088303,-9.168643525922192,59.140864901472135,9.348198204808611,0,0,0,0,1,DISTRACTED
2026-07-21T13:19:50.987580,0.29847522812318183,0.22366550793209236,-7.807260720709337,58.994102026430085,9.901813063580816,0,0,0,0,1,DISTRACTED
2026-07-21T13:19:51.082413,0.27135207069615963,0.20377431781934577,-6.905671748506165,58.89733717345466,10.471344417205593,0,0,0,0,1,DISTRACTED
2026-07-21T13:19:51.176778,0.28874898013810457,0.23212286095985404,-6.9326735179322725,58.65766423044726,10.263339855404913,0,0,0,0,1,DISTRACTED
2026-07-21T13:19:51.267981,0.31235363437840474,0.21368471406442105,-7.414168671136707,58.441628891073464,9.927487808231096,0,0,0,0,1,DISTRACTED
2026-07-21T13:19:51.366614,0.3017819404795462,0.21368471406442105,-7.244264492915988,58.54360260058194,9.894143177670662,0,0,0,0,1,DISTRACTED
2026-07-21T13:19:51.466453,0.29904545753431144,0.21966628122943746,-7.311530149467785,58.59169022214388,10.000573105579745,0,0,0,0,1,DISTRACTED
2026-07-21T13:19:51.562546,0.32378507815734014,0.2171474727254085,-7.350446022040842,58.88536574577498,10.060164527880632,0,0,0,0,1,DISTRACTED
2026-07-21T13:19:51.651353,0.28437416045654396,0.21514694886748195,-7.55935067982324,58.84907215373129,9.553654734159094,0,0,0,0,1,DISTRACTED
2026-07-21T13:19:51.745460,0.3081614061881336,0.22058713660863885,-7.128521137778762,58.593305538191856,10.015993126689269,0,0,0,0,1,DISTRACTED
2026-07-21T13:19:51.836064,0.3008052139244194,0.23662257733504435,-9.522217076210694,58.34656892486958,8.836014517439889,0,0,0,0,1,DISTRACTED
2026-07-21T13:19:51.932705,0.31386199144890725,0.2340126047689646,-7.051018079144512,57.56903227076731,10.14021060907138,0,0,0,0,1,DISTRACTED
2026-07-21T13:19:52.029928,0.3264942296722765,0.21104323999303476,-4.620702853958676,55.27786379557999,13.61702650675962,0,0,0,0,1,DISTRACTED
2026-07-21T13:19:52.132521,0.3346170437444156,0.22698984612511292,-3.6285849866386855,52.59003651919231,15.24139392451089,0,0,0,0,1,DISTRACTED
2026-07-21T13:19:52.232648,0.24976744098811485,0.21897226891810112,2.804154035279936,40.74102229348444,14.744656236873263,0,0,0,0,1,DISTRACTED
2026-07-21T13:19:52.322746,0.24506760816134604,0.23870838451371754,6.236419329125113,19.336725848286246,9.730177823715128,0,0,0,0,0,SAFE
2026-07-21T13:19:52.422876,0.25041338918017975,0.22610993689957093,15.456856800170698,-23.872753978067642,6.998279035150887,0,0,0,0,0,SAFE
2026-07-21T13:19:52.517790,0.2504014329677372,0.23430701500990272,3.1487048613209367,4.078554791951663,6.600226874246675,0,0,0,0,0,SAFE
2026-07-21T13:19:52.613735,0.24817134621930897,0.23013267756791667,19.15505662903567,-29.40767863060162,0.5410468011711771,0,0,0,0,0,SAFE
2026-07-21T13:19:52.709339,0.26025120735963214,0.2268367972272031,18.91069161293285,-26.730127057160114,-0.5174805554060526,0,0,0,0,0,SAFE
2026-07-21T13:19:52.802958,0.23128016101847676,0.23003333554782615,22.949299380230684,-31.119094108977443,-4.416890493311371,0,0,0,0,0,SAFE
2026-07-21T13:19:52.900558,0.2592660563031967,0.22467480431412123,7.043580344373623,3.587633525738958,0.01619779859831875,0,0,0,0,0,SAFE
2026-07-21T13:19:52.999952,0.26942349149592976,0.22444306128771244,23.10232033811232,-13.640020196439512,-2.1958609086396166,0,0,0,0,0,SAFE
2026-07-21T13:19:53.096564,0.2391215443165765,0.22448979591836735,16.703089708318515,-17.436116722577005,-3.6969279104652912,0,0,0,0,0,SAFE
2026-07-21T13:19:53.194172,0.2696050718777543,0.23517924744834132,18.754538148625556,-0.09460057615201972,-1.9115689819097383,0,0,0,0,0,SAFE
2026-07-21T13:19:53.284661,0.26667412755810027,0.22624938977445755,20.110892716523693,-10.56328847419208,-4.55924035842753,0,0,0,0,0,SAFE
2026-07-21T13:19:53.375867,0.2314151688684963,0.2489807512297896,20.887190651765962,-3.82055559952682,-2.877689648276771,0,0,0,0,0,SAFE
2026-07-21T13:19:53.465533,0.25026673161363405,0.2256481345517214,18.121245487617557,0.8018251050716408,-3.7453234077251807,0,0,0,0,0,SAFE
2026-07-21T13:19:53.559137,0.27542897352553974,0.22133452190798272,22.557823711029187,6.458447111452158,-2.071459364689588,0,0,0,0,0,SAFE
2026-07-21T13:19:53.657112,0.2694937903714303,0.2223702529830928,21.198561702586403,9.777261142878503,-2.2363535399415753,0,0,0,0,0,SAFE
2026-07-21T13:19:53.752018,0.2771833845386559,0.22619556118186063,18.380194874583026,14.930479074155938,-2.1246263161810646,0,0,0,0,0,SAFE
2026-07-21T13:19:53.851831,0.26898234955790584,0.23079715494926117,15.868820492397134,20.619435329016763,-2.0835735970136398,0,0,0,0,0,SAFE
2026-07-21T13:19:53.949498,0.25967940266709644,0.23492270908808072,16.028293757507782,17.639505201228218,-2.8227128523978138,0,0,0,0,0,SAFE
2026-07-21T13:19:54.045701,0.255328080146907,0.23629546438346896,16.59367835808115,14.094195859673016,-4.07482570475733,0,0,0,0,0,SAFE
2026-07-21T13:19:54.149709,0.26793359023677654,0.23773404877800505,17.861283320422842,11.67742599048554,-3.6427536840977837,0,0,0,0,0,SAFE
2026-07-21T13:19:54.246316,0.24256211755636797,0.22707153808709443,15.756525863283628,14.376077593060675,-3.312774598257306,0,0,0,0,0,SAFE
2026-07-21T13:19:54.344404,0.25362316807478463,0.22707153808709443,15.954200019603547,14.185608940551408,-3.9641009957884705,0,0,0,0,0,SAFE
2026-07-21T13:19:54.436141,0.25988352436809026,0.2271424434863913,13.420753902262106,15.551472360493126,-4.344139790670823,0,0,0,0,0,SAFE
2026-07-21T13:19:54.532747,0.28341021028035107,0.23610294336855,-0.005165031802704334,11.997684275117281,-8.101801591204907,0,0,0,0,0,SAFE
2026-07-21T13:19:54.624827,0.2767807106702015,0.22307962971345596,12.257966594987892,17.717095391669258,-3.794999208902368,0,0,0,0,0,SAFE
2026-07-21T13:19:54.721457,0.13241192362681709,0.22318936092467717,-3.8788787578615427,13.714972055518572,-9.95313863854437,0,0,0,0,0,SAFE
2026-07-21T13:19:54.826646,0.11380280455632742,0.23753537032853708,-1.8765879262308545,13.4899076407962,-9.521840001481367,0,0,0,0,0,SAFE
2026-07-21T13:19:54.932998,0.09981531441454247,0.23723082544499619,-1.1411356741226086,11.897019613470277,-9.336957468757621,0,0,0,0,0,SAFE
2026-07-21T13:19:55.029775,0.11728954080631054,0.223999550039312,-0.125892896184979,10.817154556288287,-9.070466934007301,0,0,0,0,0,SAFE
2026-07-21T13:19:55.118889,0.13390897326442186,0.2324805745389121,1.0596473634707877,11.546237419413446,-9.568580218428306,0,0,0,0,0,SAFE
2026-07-21T13:19:55.216435,0.13708057191630213,0.22787147548342535,1.6284372019548528,9.805741620786293,-8.87079769118164,0,0,0,0,0,SAFE
2026-07-21T13:19:55.312537,0.11588698722449539,0.23251344047172842,-0.22253239738449793,8.285950588963361,-9.077881225279578,0,0,0,0,0,SAFE
2026-07-21T13:19:55.406810,0.11081270247879582,0.23189827660677517,0.11857584422901368,8.867594576626663,-9.35090575956727,0,0,0,0,0,SAFE
2026-07-21T13:19:55.506408,0.11096943179234717,0.22903282288784665,0.3676925547636358,9.401075192018256,-9.192209367039817,0,0,0,0,0,SAFE
2026-07-21T13:19:55.602506,0.10502506007008272,0.2325581329100876,0.4660114908012929,7.89120385113556,-8.841522668844629,0,0,0,0,0,SAFE
2026-07-21T13:19:55.704629,0.09787998100072678,0.2273550327053889,-0.5682987352602993,9.342288517650864,-8.965576494387284,0,0,0,0,0,SAFE
2026-07-21T13:19:55.809254,0.07990440983926793,0.22851374805821825,-0.6268035489792396,8.06247212236637,-8.770397938541874,0,0,0,0,0,SAFE
2026-07-21T13:19:55.902811,0.10762390567170327,0.23306031721416795,0.09765967521869356,6.973296291693644,-8.536237444710363,0,0,0,0,0,SAFE
2026-07-21T13:19:55.994922,0.11464335043271143,0.23187854775834277,1.203343570235603,8.934403825039961,-8.481048824789957,0,0,0,0,0,SAFE
2026-07-21T13:19:56.087200,0.15513039190183317,0.22832191752284534,0.7093650991102152,10.074582141612956,-8.250437084893408,0,0,0,0,0,SAFE
2026-07-21T13:19:56.183056,0.16717701514461036,0.22948556060596978,-0.6048214708663409,9.67615319972693,-8.094758839820399,0,0,0,0,0,SAFE
2026-07-21T13:19:56.278162,0.16525385489968952,0.23820929264914,12.82802259528492,10.948866795406163,-5.121856693505293,0,0,0,0,0,SAFE
2026-07-21T13:19:56.381506,0.16629844362401353,0.22948556060596978,-1.3080156678793742,8.99441302397886,-8.078649530045482,0,0,0,0,0,SAFE
2026-07-21T13:19:56.480626,0.18754966035143503,0.2246480457458056,-1.1927107452984274,9.059859189339448,-8.094430726966353,0,0,0,0,0,SAFE
2026-07-21T13:19:56.587801,0.20644812654429695,0.23133444404152184,-1.2273490171611456,9.489141210144105,-8.196094902861974,1,0,0,1,0,DROWSY
2026-07-21T13:19:56.688545,0.19490693602826226,0.22903282288784665,-0.6008773068158462,10.43663624810172,-8.143456675024318,1,0,0,1,0,DROWSY
2026-07-21T13:19:56.787809,0.20373990814298865,0.23187854775834277,-0.3407060825355188,10.148890779739975,-8.466621817515636,1,0,0,1,0,DROWSY
2026-07-21T13:19:56.885894,0.18789560796385604,0.23187854775834277,-1.5028143667227596,9.69337247180031,-8.52269563969871,1,0,0,1,0,DROWSY
2026-07-21T13:19:56.987064,0.19515901752957138,0.23187854775834277,-0.2707324364347983,9.794504825131428,-8.205291022816796,1,0,0,1,0,DROWSY
2026-07-21T13:19:57.077493,0.19168385068808674,0.23657799702093973,-0.5239820822253023,10.227240539740617,-8.182959087082468,1,0,0,1,0,DROWSY
2026-07-21T13:19:57.179043,0.1843233488561154,0.2273550327053889,-0.5985967205645011,10.323048801080102,-8.079764254755094,1,0,0,1,0,DROWSY
2026-07-21T13:19:57.274409,0.19098674658685225,0.22353629268823894,-1.5954198389436556,9.940503582740781,-7.979143432785595,1,0,0,1,0,DROWSY
2026-07-21T13:19:57.375542,0.19407167207824072,0.23652271720704338,13.637842893619194,12.650308210479508,-4.623480061803264,1,0,0,1,0,DROWSY
2026-07-21T13:19:57.488896,0.2146725231271343,0.23360385027471237,13.201193134047656,11.665379937018884,-5.069579014075487,2,0,0,1,0,DROWSY
2026-07-21T13:19:57.581911,0.2064244346142132,0.22903282288784665,13.39961446945486,11.991229947878933,-5.089313564347634,2,0,0,1,0,DROWSY
2026-07-21T13:19:57.682205,0.22193020052340573,0.22903282288784665,14.379057279041206,12.098805321374137,-4.88266416836143,2,0,0,1,0,DROWSY
2026-07-21T13:19:57.774059,0.17694422427959222,0.22787147548342535,0.554874211977392,9.215955740621995,-7.964252517944381,2,0,0,1,0,DROWSY
2026-07-21T13:19:57.871208,0.17494734363416065,0.22851374805821825,13.742101797710092,12.060994389517596,-4.783318323622751,2,0,0,1,0,DROWSY
2026-07-21T13:19:57.969804,0.18462077162083998,0.22350893205220648,13.944570092745153,11.89580794661053,-4.809807628570013,2,0,0,1,0,DROWSY
2026-07-21T13:19:58.070239,0.16700208199163363,0.2246480457458056,14.07998533114548,11.211954622274343,-5.076115124987808,2,0,0,1,0,DROWSY
2026-07-21T13:19:58.171359,0.18639284503732784,0.24073817165757194,0.2232648966927968,9.830996271861533,-8.09249938882166,2,0,0,1,0,DROWSY
2026-07-21T13:19:58.271462,0.198061013896003,0.22255617268456068,-0.7225981511983832,9.547703087583836,-8.29906988151601,2,0,0,1,0,DROWSY
2026-07-21T13:19:58.367886,0.20671595788181868,0.22832164644536826,0.07880235126540924,10.950509508337124,-8.20121032240346,3,0,0,1,0,DROWSY
2026-07-21T13:19:58.466992,0.19167269822148994,0.22430776121780355,-0.35134252987739956,10.45131569403713,-8.457121514931798,3,0,0,1,0,DROWSY
2026-07-21T13:19:58.565625,0.19028800291445752,0.23306031721416795,-0.15214472003179935,9.858986903668074,-8.392036948603259,3,0,0,1,0,DROWSY
2026-07-21T13:19:58.662229,0.22083878527857986,0.23665413512084688,-0.7078312494484464,11.01009037590957,-8.767090292551407,3,0,0,1,0,DROWSY
2026-07-21T13:19:58.760945,0.2069729959683964,0.23251344047172842,13.640042155067164,12.563419485820564,-4.921521930768051,3,0,0,1,0,DROWSY
2026-07-21T13:19:58.864566,0.19130538104692674,0.22851374805821825,14.037191155927587,12.707754326285306,-4.647897367920876,3,0,0,1,0,DROWSY
2026-07-21T13:19:58.959554,0.19697391020828692,0.23306031721416795,13.742750468464408,12.330040335335024,-4.856536958989466,3,0,0,1,0,DROWSY
2026-07-21T13:19:59.052844,0.1939222569771075,0.2251411641684074,14.550643646426636,11.071738860736676,-5.028473332266486,3,0,0,1,0,DROWSY
2026-07-21T13:19:59.150290,0.1855140503353146,0.223999550039312,15.257888821687487,10.589710909435928,-4.921449005943856,3,0,0,1,0,DROWSY
2026-07-21T13:19:59.249415,0.18710795476561803,0.22787147548342535,14.721945865236393,11.953456879648769,-4.488699237811062,3,0,0,1,0,DROWSY
2026-07-21T13:19:59.346845,0.19682026311962228,0.23306031721416795,14.621817396057281,11.178982339839816,-4.760836426649149,3,0,0,1,0,DROWSY
2026-07-21T13:19:59.437100,0.16770910235653258,0.22903282288784665,-0.2934299501453097,9.790273149907124,-8.099733861014773,3,0,0,1,0,DROWSY
2026-07-21T13:19:59.532703,0.16009950529806924,0.22903282288784665,14.724627280055557,11.981679332946968,-4.574810795315926,3,0,0,1,0,DROWSY
2026-07-21T13:19:59.636474,0.1642004098700086,0.2376417900454073,15.237297245783537,11.925981364884333,-4.594464071476807,3,0,0,1,0,DROWSY
2026-07-21T13:19:59.731276,0.1981406102873119,0.2371032040465751,15.394132617568317,10.984326530345838,-5.0142443730863135,3,0,0,1,0,DROWSY
2026-07-21T13:19:59.827191,0.1876525900462208,0.22903282288784665,15.16207256664282,10.964511157352426,-4.981807349921013,3,0,0,1,0,DROWSY
2026-07-21T13:19:59.926807,0.20619108845771922,0.22851374805821825,13.993583170185843,13.31480785568826,-4.804231419459114,4,0,0,1,0,DROWSY
2026-07-21T13:20:00.028925,0.17760552510425023,0.2371032040465751,14.629305687302491,11.796765619107106,-5.30741329308583,4,0,0,1,0,DROWSY
2026-07-21T13:20:00.124200,0.20226719245218328,0.23251344047172842,14.63563159553243,13.936550722380224,-4.552565822772721,4,0,0,1,0,DROWSY
2026-07-21T13:20:00.229771,0.2033296843054364,0.23723082544499619,1.2566695714655225,9.878774464848451,-8.10033796254945,4,0,0,1,0,DROWSY
2026-07-21T13:20:00.329955,0.1884218119869424,0.22903282288784665,0.6787999479137454,9.516138551195256,-8.266182852322068,4,0,0,1,0,DROWSY
2026-07-21T13:20:00.423565,0.19217004913643607,0.23306031721416795,14.788717688880865,12.782851040276997,-4.694651550952187,4,0,0,1,0,DROWSY
2026-07-21T13:20:00.518665,0.16905964536022516,0.23187854775834277,14.676531789460228,12.567734431782005,-4.703289688809008,4,0,0,1,0,DROWSY
2026-07-21T13:20:00.623271,0.1946666095727811,0.22707153808709443,13.911796761278964,12.796578533523908,-4.770416851636327,4,0,0,1,0,DROWSY
2026-07-21T13:20:00.714874,0.1795745893996411,0.2251411641684074,15.031351078294534,11.310825316335725,-5.015723382753009,4,0,0,1,0,DROWSY
2026-07-21T13:20:00.818170,0.19537278757867688,0.22787147548342535,14.00220965873632,12.247452287426407,-4.984523474711068,4,0,0,1,0,DROWSY
2026-07-21T13:20:00.917565,0.18771947114902332,0.2452292387445578,14.223623865774897,13.503548231016413,-4.593292023753605,4,0,0,1,0,DROWSY
2026-07-21T13:20:01.017715,0.1863576067582201,0.22903282288784665,13.84870488219181,14.032765555852913,-4.242857909843792,4,0,0,1,0,DROWSY
2026-07-21T13:20:01.106307,0.18535826192926702,0.23733980927921935,-0.11971721721897666,11.223016445246637,-8.15117395961176,4,0,0,1,0,DROWSY
2026-07-21T13:20:01.207936,0.19305315918560928,0.22832164644536826,14.007372633750606,14.843854313405851,-4.007929000523404,4,0,0,1,0,DROWSY
2026-07-21T13:20:01.302084,0.1922794435139224,0.23602790876298776,0.8471060693231038,10.593580703403585,-8.099958782058188,4,0,0,1,0,DROWSY
2026-07-21T13:20:01.401715,0.2035274819466274,0.22378142237460197,13.525012557760448,14.632132897941196,-4.345421626315897,5,0,0,1,0,DROWSY
2026-07-21T13:20:01.503336,0.19541888957877374,0.22378142237460197,-0.6334323881654882,10.998763866201893,-8.309176168103782,5,0,0,1,0,DROWSY
2026-07-21T13:20:01.599077,0.16604548770406888,0.22707153808709443,0.1806718317337186,10.263259805522413,-8.406128756634063,5,0,0,1,0,DROWSY
2026-07-21T13:20:01.701707,0.14061714963855693,0.24073817165757194,-0.12893926679362266,8.44236804564442,-8.573604966588418,5,0,0,1,0,DROWSY
2026-07-21T13:20:01.792803,0.14610262081652503,0.22851374805821825,14.119487832485845,11.47701622826285,-5.351489054315294,5,0,0,1,0,DROWSY
2026-07-21T13:20:01.888844,0.1854629224004413,0.2371032040465751,14.344553171088194,11.211453765322466,-5.215649617715684,5,0,0,1,0,DROWSY
2026-07-21T13:20:01.986754,0.1941121527053875,0.2376417900454073,15.0218385633016,10.245772550911479,-5.014305146892639,5,0,0,1,0,DROWSY
2026-07-21T13:20:02.087959,0.19385195226285024,0.23306031721416795,13.58727951649061,12.957390750616264,-4.963839601162391,5,0,0,1,0,DROWSY
2026-07-21T13:20:02.179661,0.1805854413791875,0.23187854775834277,-0.12107605977544722,9.651525281568636,-8.366249315016052,5,0,0,1,0,DROWSY
2026-07-21T13:20:02.277847,0.18427475688397527,0.2376417900454073,14.419045904179569,11.562302627095129,-4.915013986224295,5,0,0,1,0,DROWSY
2026-07-21T13:20:02.379458,0.17616279925661793,0.22903282288784665,14.533975944000076,12.07290770758929,-4.844652364702796,5,0,0,1,0,DROWSY
2026-07-21T13:20:02.474350,0.1827683254450882,0.22851374805821825,14.019624014183421,13.270295381108504,-4.592574656591495,5,0,0,1,0,DROWSY
2026-07-21T13:20:02.566974,0.18208709622797764,0.22903282288784665,14.305471832978725,12.537936816734709,-4.707481138691975,5,0,0,1,0,DROWSY
2026-07-21T13:20:02.667591,0.19552647820331512,0.22787147548342535,14.754299119265738,12.167173697603529,-4.589457604313878,5,0,0,1,0,DROWSY
2026-07-21T13:20:02.767797,0.19488764714176565,0.23704564956601556,13.967834682219518,14.16431100849102,-4.446877207185821,5,0,0,1,0,DROWSY
2026-07-21T13:20:02.865876,0.20149575905567768,0.23187854775834277,14.179868630254305,14.295219408920739,-4.5787743463502295,6,0,0,1,0,DROWSY
2026-07-21T13:20:02.956787,0.20149575905567768,0.23602790876298776,13.647686500164184,15.814202877485513,-4.248139390897023,6,0,0,1,0,DROWSY
2026-07-21T13:20:03.054885,0.1851608896239917,0.2444503829961032,-0.2786429056008046,10.848982563571797,-8.513126060732526,6,0,0,1,0,DROWSY
2026-07-21T13:20:03.165884,0.18541892073958818,0.23251344047172842,14.640640466020045,12.871500902619779,-4.371936744343259,6,0,0,1,0,DROWSY
2026-07-21T13:20:03.256845,0.18491377712388898,0.2371032040465751,14.843450944486278,11.380755882874409,-4.7127351157653266,6,0,0,1,0,DROWSY
2026-07-21T13:20:03.348944,0.18740939659030437,0.23761113890676241,15.08058131032982,9.934515339585678,-5.036547137731162,6,0,0,1,0,DROWSY
2026-07-21T13:20:03.442890,0.19295942364321386,0.2371032040465751,13.625763195525906,11.294588498806599,-5.136170024405402,6,0,0,1,0,DROWSY
2026-07-21T13:20:03.543832,0.18725907283545146,0.23720053733148005,13.497127200251839,11.481979002787998,-4.8156073826423835,6,0,0,1,0,DROWSY
2026-07-21T13:20:03.639950,0.19923770733035734,0.22378142237460197,-0.2073849669014578,8.185012520751714,-7.988980912777459,6,0,0,1,0,DROWSY
2026-07-21T13:20:03.736056,0.2006982602505974,0.23187854775834277,-0.6391543133857738,8.60078753692369,-7.765194729059982,7,0,0,1,0,DROWSY
2026-07-21T13:20:03.832269,0.19164566371700997,0.23251344047172842,-1.8896659359619434,7.266339424153536,-8.785773760391395,7,0,0,1,0,DROWSY
2026-07-21T13:20:03.920357,0.20583824834311581,0.23251344047172842,-0.5091689056770008,8.31618726100607,-8.339563918084849,7,0,0,1,0,DROWSY
2026-07-21T13:20:04.022596,0.19520329930939687,0.23306031721416795,-2.1011932799169983,6.937183346314373,-8.347639930950288,7,0,0,1,0,DROWSY
2026-07-21T13:20:04.118640,0.20259531289880123,0.23306031721416795,-1.6681048657371207,8.807050667335595,-8.419681057825056,7,0,0,1,0,DROWSY
2026-07-21T13:20:04.214384,0.20531452562560176,0.22903282288784665,-1.131006895771094,8.837479503246042,-8.458750468991905,7,0,0,1,0,DROWSY
2026-07-21T13:20:04.313585,0.21073723314848114,0.23251344047172842,-0.9421788392899373,8.294109373014912,-8.306270882200314,7,0,0,1,0,DROWSY
2026-07-21T13:20:04.408194,0.18919194638787268,0.23723082544499619,-1.177270476962974,8.211846960091638,-8.132672733548247,7,0,0,1,0,DROWSY
2026-07-21T13:20:04.503783,0.18387734126653318,0.2277666136664202,-1.7283556724912046,9.270121404764327,-8.185680831523815,7,0,0,1,0,DROWSY
2026-07-21T13:20:04.602502,0.19888097288368795,0.23251344047172842,-0.8814462143437822,9.319792811509751,-8.612647535969185,7,0,0,1,0,DROWSY
2026-07-21T13:20:04.700049,0.19507964863184468,0.22307962971345596,-1.8280586709134923,9.95280227602585,-8.503888902751605,7,0,0,1,0,DROWSY
2026-07-21T13:20:04.795678,0.20680622758918493,0.22832164644536826,-1.2744705378002266,9.232226324223578,-8.367891539941585,8,0,0,1,0,DROWSY
2026-07-21T13:20:04.893790,0.22612071877509782,0.22378142237460197,-0.8210650501373493,9.971040396232455,-8.38759122356069,8,0,0,1,0,DROWSY
2026-07-21T13:20:04.988405,0.21498336324968234,0.22903282288784665,-0.2338794760983376,9.510412801391078,-8.446827689330313,8,0,0,1,0,DROWSY
2026-07-21T13:20:05.088040,0.22497500409459129,0.23251344047172842,-1.2147766447666868,9.242570591208208,-8.288300458842636,8,0,0,1,0,DROWSY
2026-07-21T13:20:05.177640,0.2131026040514266,0.23251344047172842,-1.5636255849875909,9.255286415801542,-8.34254552881271,8,0,0,1,0,DROWSY
2026-07-21T13:20:05.273007,0.20735478894336812,0.2335374115051151,-1.0166945528969222,8.716024374677257,-8.188586567353584,8,0,0,1,0,DROWSY
2026-07-21T13:20:05.372789,0.23279834044847791,0.22707153808709443,-1.1977921542614354,8.227031655906796,-8.06945934328885,8,0,0,1,0,DROWSY
2026-07-21T13:20:05.463838,0.19250550985281406,0.22832164644536826,-0.5376360132850664,8.084591422892967,-7.673635017867709,8,0,0,1,0,DROWSY
2026-07-21T13:20:05.569666,0.2069729959683964,0.22903282288784665,-1.3775050964757725,7.151358455122286,-8.207055605907096,8,0,0,1,0,DROWSY
2026-07-21T13:20:05.665898,0.19338438425152504,0.22903282288784665,-1.2707264184410292,7.817400069302126,-8.039195312069394,8,0,0,1,0,DROWSY
2026-07-21T13:20:05.766154,0.18526983913580888,0.23699026047845054,13.746474823970033,8.822957639013467,-5.3534917053243305,8,0,0,1,0,DROWSY
2026-07-21T13:20:05.862269,0.1926151625348736,0.23360385027471237,12.811810766502191,10.543095253108305,-5.213575586796736,8,0,0,1,0,DROWSY
2026-07-21T13:20:05.961792,0.172769218338079,0.23187854775834277,-0.3887887909259291,8.81891742945079,-8.107999753660346,8,0,0,1,0,DROWSY
2026-07-21T13:20:06.060396,0.18072234195465536,0.23657799702093973,-0.9656167992199016,8.943655355525372,-8.437312096450402,8,0,0,1,0,DROWSY
2026-07-21T13:20:06.160522,0.16201149437110743,0.22948556060596978,-1.179790495362738,8.484771671118732,-8.281738436965062,8,0,0,1,0,DROWSY
2026-07-21T13:20:06.263654,0.13737661704273055,0.2335374115051151,-0.8645798168504086,8.741606555378574,-8.203814967021435,8,0,0,1,0,DROWSY
2026-07-21T13:20:06.355759,0.15226534915437814,0.23235322286670518,-1.4111337315528658,8.695090171194563,-8.141030083873751,8,0,0,1,0,DROWSY
2026-07-21T13:20:06.456478,0.14431389881015988,0.23235322286670518,0.32571785007147014,8.020406117971737,-8.107656913519532,8,0,0,1,0,DROWSY
2026-07-21T13:20:06.549080,0.15684620049750045,0.23187854775834277,-0.0034872389551026117,8.9817881503877,-8.271585124196287,8,0,0,1,0,DROWSY
2026-07-21T13:20:06.645838,0.16400509702307925,0.23306031721416795,0.06235300615819028,8.049169517668346,-7.715439929015112,8,0,0,1,0,DROWSY
2026-07-21T13:20:06.743952,0.18486771590161055,0.22707153808709443,0.17953994941399287,7.958394586580374,-8.196634962489012,8,0,0,1,0,DROWSY
2026-07-21T13:20:06.838391,0.17106008364723949,0.22430776121780355,-0.10485255429904328,7.69066390080044,-7.958787880834071,8,0,0,1,0,DROWSY
2026-07-21T13:20:06.936718,0.15505696653716017,0.22787147548342535,-1.0073829738226436,7.5447893964754105,-8.22207282839967,8,0,0,1,0,DROWSY
2026-07-21T13:20:07.036353,0.16490936981772944,0.223999550039312,-1.1900527752836183,7.5948694653663695,-8.42474135853166,8,0,0,1,0,DROWSY
2026-07-21T13:20:07.132081,0.17856406839971878,0.23652271720704338,-1.2783364346072972,8.376124797375445,-8.543114716870775,8,0,0,1,0,DROWSY
2026-07-21T13:20:07.236772,0.17016512460958091,0.23187854775834277,-1.1019554238067144,7.944885342868024,-8.576299426543304,8,0,0,1,0,DROWSY
2026-07-21T13:20:07.334906,0.1780076520837176,0.22787147548342535,-0.5843308258420166,8.73083816663967,-8.502566545828241,8,0,0,1,0,DROWSY
2026-07-21T13:20:07.432651,0.1780076520837176,0.22787147548342535,-0.5042104137079377,8.454695547586082,-8.543824657323032,8,0,0,1,0,DROWSY
2026-07-21T13:20:07.530426,0.17073071124892403,0.22307962971345596,-1.6182461818360707,8.93952254305269,-8.699924317132707,8,0,0,1,0,DROWSY
2026-07-21T13:20:07.625557,0.14736592849700358,0.22307962971345596,-1.1596050130277433,8.4181460078288,-8.630520776606861,8,0,0,1,0,DROWSY
2026-07-21T13:20:07.717597,0.18259846320698608,0.24191994111339712,-1.1545914581274985,8.78855076571404,-8.671034660041288,8,0,0,1,0,DROWSY
2026-07-21T13:20:07.816804,0.19551529994667022,0.23171623146452053,-1.5916831781067629,9.872521603916478,-8.730849723922644,8,0,0,1,0,DROWSY
2026-07-21T13:20:07.913648,0.1794896838002669,0.2312076951869452,-1.2445395735951195,9.850895423994809,-8.506085733947218,8,0,0,1,0,DROWSY
2026-07-21T13:20:08.008254,0.19314010664656323,0.22307962971345596,-1.9530157290640204,9.569919914987606,-8.582495205964713,8,0,0,1,0,DROWSY
2026-07-21T13:20:08.111711,0.19494989949393005,0.23235322286670518,-2.015139466674242,9.394320652402236,-8.789522413907669,8,0,0,1,0,DROWSY
2026-07-21T13:20:08.213184,0.1907176901667061,0.23235322286670518,-1.8342868573355133,9.813095529596268,-8.809155518366405,8,0,0,1,0,DROWSY
2026-07-21T13:20:08.314674,0.17411583376147013,0.24556587293656096,-1.6867280845420964,10.605302011478555,-8.842018249804921,8,0,0,1,0,DROWSY
2026-07-21T13:20:08.415671,0.21988831259837938,0.22707153808709443,-1.7317236070968818,10.383519674140771,-8.525307704966831,9,0,0,1,0,DROWSY
2026-07-21T13:20:08.513745,0.21271288395161222,0.23187854775834277,-1.4647561473618964,9.320018898150257,-8.27862129778996,9,0,0,1,0,DROWSY
2026-07-21T13:20:08.606348,0.19658874478529134,0.2192246107478584,11.841758699821384,12.802196223701044,-4.891208012620041,9,0,0,1,0,DROWSY
2026-07-21T13:20:08.700396,0.1772501793637372,0.22353629268823894,-1.7728934584222884,9.904148143325461,-8.107175970121611,9,0,0,1,0,DROWSY
2026-07-21T13:20:08.797498,0.20735478894336812,0.23235322286670518,11.39022542617164,13.799351026662329,-4.696093075243937,9,0,0,1,0,DROWSY
2026-07-21T13:20:08.903353,0.19230811635137954,0.23241405299109438,11.70783161174387,12.957307935953084,-5.0211159744131635,9,0,0,1,0,DROWSY
2026-07-21T13:20:09.003449,0.18237369075018595,0.22353629268823894,-1.498599911974054,9.548921747658675,-8.548265277230122,9,0,0,1,0,DROWSY
2026-07-21T13:20:09.101687,0.18211283353689506,0.22430776121780355,-0.3532829975831362,9.8358204916007,-8.446473001181586,9,0,0,1,0,DROWSY
2026-07-21T13:20:09.195656,0.1724956620850699,0.2335374115051151,-0.45164310076251013,9.383627719613209,-8.554649616192757,9,0,0,1,0,DROWSY
2026-07-21T13:20:09.286390,0.18930147902476588,0.2365285804219428,-1.1373739124319684,9.09290620056103,-8.626713386176473,9,0,0,1,0,DROWSY
2026-07-21T13:20:09.379497,0.21020904039056998,0.23235322286670518,-1.0360628148680462,8.829045029846418,-8.113467155070312,10,0,0,1,0,DROWSY
2026-07-21T13:20:09.481136,0.18671634074449384,0.22832164644536826,-0.8694714392062224,9.986870948966583,-8.25566438512947,10,0,0,1,0,DROWSY
2026-07-21T13:20:09.582802,0.17481980799168217,0.23306031721416795,-0.5254284799733568,8.845296663939592,-8.292411648831935,10,0,0,1,0,DROWSY
2026-07-21T13:20:09.676336,0.1732867197607763,0.22755321114123186,-1.191415950180783,9.347212934835452,-8.393207297888884,10,0,0,1,0,DROWSY
2026-07-21T13:20:09.773932,0.1861383811348289,0.22755321114123186,0.20832241621656067,9.907690851292857,-8.282652205851347,10,0,0,1,0,DROWSY
2026-07-21T13:20:09.870065,0.1858470699230615,0.2365285804219428,0.20321400945320534,9.551757754772385,-7.915150316645111,10,0,0,1,0,DROWSY
2026-07-21T13:20:09.968872,0.1981406102873119,0.24473071162190438,-0.4304817284454998,9.499002181311296,-8.048633505453282,10,0,0,1,0,DROWSY
2026-07-21T13:20:10.063928,0.20552637965445622,0.23235322286670518,14.148787202295807,10.790297341928541,-4.80187276282976,11,0,0,1,0,DROWSY
2026-07-21T13:20:10.160630,0.2193976859033689,0.22903282288784665,13.572856054468588,10.258653545359518,-5.101434031047916,11,0,0,1,0,DROWSY
2026-07-21T13:20:10.264250,0.20253878834902966,0.23699026047845054,14.445939987077537,10.053205181402372,-5.133276963451436,11,0,0,1,0,DROWSY
2026-07-21T13:20:10.362388,0.208796358496526,0.2376417900454073,14.76036852850848,11.009483132237742,-4.786958606658118,11,0,0,1,0,DROWSY
2026-07-21T13:20:10.455829,0.20310865884216692,0.23187854775834277,-1.6100792675642879,6.903316550559854,-8.03213028650835,11,0,0,1,0,DROWSY
2026-07-21T13:20:10.553857,0.20339120748661754,0.22430776121780355,-0.8924023771739655,8.91369231932559,-7.96646325429909,11,0,0,1,0,DROWSY
2026-07-21T13:20:10.653593,0.2024928077405474,0.2247669382822276,-1.1488654190134753,8.45498491126404,-7.938165215335986,11,0,0,1,0,DROWSY
2026-07-21T13:20:10.756219,0.19960356218535807,0.24123098316956063,13.460560506332229,10.55307611320516,-5.01970001892721,11,0,0,1,0,DROWSY
2026-07-21T13:20:10.850906,0.186620241773902,0.22787147548342535,13.258584823425082,10.51497149531185,-4.691584027528904,11,0,0,1,0,DROWSY
2026-07-21T13:20:10.943377,0.21164683579833432,0.2365285804219428,-1.3291508376102001,9.319083113897717,-7.821657748651089,11,0,0,1,0,DROWSY
2026-07-21T13:20:11.038479,0.19851210876833297,0.22832191752284534,13.380376152166491,10.46490338117498,-4.758843370409153,11,0,0,1,0,DROWSY
2026-07-21T13:20:11.141672,0.19322958528552853,0.22832191752284534,13.820806489633952,9.94040742459638,-5.0908402639063866,11,0,0,1,0,DROWSY
2026-07-21T13:20:11.242388,0.18054773845742067,0.24123098316956063,-1.4239172495348669,6.919753713907468,-7.833566523764062,11,0,0,1,0,DROWSY
2026-07-21T13:20:11.336065,0.201830996719068,0.22353629268823894,-1.418145667023083,6.830960352525291,-7.507301995553043,12,0,0,1,0,DROWSY
2026-07-21T13:20:11.429710,0.2090278250404193,0.23235322286670518,13.824478023456521,7.664439765654234,-5.675036123825095,12,0,0,1,0,DROWSY
2026-07-21T13:20:11.525818,0.19812692914265811,0.23235322286670518,12.86411071620455,10.70123722253078,-4.975650880815721,12,0,0,1,0,DROWSY
2026-07-21T13:20:11.623894,0.23188480013503215,0.22755321114123186,13.908777012952953,11.543638786447586,-5.01177753172945,12,0,0,1,0,DROWSY
2026-07-21T13:20:11.733890,0.22932520844470883,0.2365285804219428,-1.6620600722655752,7.43610836048516,-7.982756488773004,12,0,0,1,0,DROWSY
2026-07-21T13:20:11.827450,0.2200509807183211,0.23235322286670518,13.013009676293564,10.808453762705334,-4.968768448367143,12,0,0,1,0,DROWSY
2026-07-21T13:20:11.923550,0.21773871642670167,0.23306031721416795,12.919386467277604,10.48687079067863,-5.503630111308951,12,0,0,1,0,DROWSY
2026-07-21T13:20:12.020163,0.20680622758918493,0.2312076951869452,-1.8812408124364026,7.950882311428862,-8.349832030866086,12,0,0,1,0,DROWSY
2026-07-21T13:20:12.116859,0.225408968468242,0.22353629268823894,13.13973949236177,10.35495690276893,-5.666896335786674,12,0,0,1,0,DROWSY
2026-07-21T13:20:12.217805,0.22180550446514574,0.23773404877800505,13.681344309621522,10.502562291029243,-5.284609391010093,12,0,0,1,0,DROWSY
2026-07-21T13:20:12.314908,0.20616739652763547,0.22755321114123186,-2.425698461953033,8.060804724630872,-8.267065711499265,12,0,0,1,0,DROWSY
2026-07-21T13:20:12.416789,0.21781724610061215,0.23306031721416795,13.632940948707784,9.32458781558316,-5.662254032710422,12,0,0,1,0,DROWSY
2026-07-21T13:20:12.514346,0.21386977741814361,0.23306031721416795,-1.115644236895264,6.273168941298385,-7.889115282733653,12,0,0,1,0,DROWSY
2026-07-21T13:20:12.616033,0.21270595379090557,0.23665413512084688,-1.9056680903552206,6.922042078473101,-8.257198975111297,12,0,0,1,0,DROWSY
2026-07-21T13:20:12.712847,0.19552647820331512,0.24039012580418767,-1.4407696760341366,7.7964346194153755,-8.363908534269003,12,0,0,1,0,DROWSY
2026-07-21T13:20:12.805990,0.20493668044636038,0.2409188586374244,-1.965705674092419,9.700135397525747,-8.476549376898323,12,0,0,1,0,DROWSY
2026-07-21T13:20:12.907626,0.19552647820331512,0.2365285804219428,-1.6301290725116644,9.697533022521842,-8.317597508460121,12,0,0,1,0,DROWSY
2026-07-21T13:20:13.006086,0.20237446023933187,0.23235322286670518,13.632564198932926,10.674396488685977,-5.082776280299328,12,0,0,1,0,DROWSY
2026-07-21T13:20:13.103925,0.20595732892499496,0.23364469858508305,14.086148229427863,12.118775503589859,-4.4617491928686945,12,0,0,1,0,DROWSY
2026-07-21T13:20:13.197716,0.20611574476410466,0.23235322286670518,13.738960938099893,11.27244177871159,-4.695594417113256,12,0,0,1,0,DROWSY
2026-07-21T13:20:13.291845,0.2041463907145052,0.2335374115051151,-0.9631354628838835,8.346845605387177,-7.914699885072649,12,0,0,1,0,DROWSY
2026-07-21T13:20:13.385894,0.18032890560215892,0.22755321114123186,-0.6341999754766334,7.44997144402887,-7.651590758743857,12,0,0,1,0,DROWSY
2026-07-21T13:20:13.487025,0.18526732993712244,0.22880597127839444,-0.7514524195093486,7.054969540321332,-7.507368134234914,12,0,0,1,0,DROWSY
2026-07-21T13:20:13.583164,0.1981406102873119,0.22353629268823894,-1.1687515197968423,6.191608767168671,-7.809474996489962,12,0,0,1,0,DROWSY
2026-07-21T13:20:13.680794,0.19949927956903207,0.2335374115051151,14.10608844780461,10.52097537195575,-4.738291467578023,12,0,0,1,0,DROWSY
2026-07-21T13:20:13.782818,0.20138378797716583,0.23171623146452053,-1.853274852961448,7.963833486297759,-7.733853429611621,13,0,0,1,0,DROWSY
2026-07-21T13:20:13.882875,0.20121417785767423,0.23193925361268514,-1.2957542515993339,7.114240206704831,-7.86079175048916,13,0,0,1,0,DROWSY
2026-07-21T13:20:13.980528,0.21712524149200518,0.2247669382822276,13.491569690025187,11.964892706334478,-4.6731261138088485,13,0,0,1,0,DROWSY
2026-07-21T13:20:14.078091,0.19148622186968578,0.23773404877800505,-1.4635178239551863,9.192106445848363,-7.558200613633206,13,0,0,1,0,DROWSY
2026-07-21T13:20:14.176205,0.20658845088749747,0.23235322286670518,13.35174419082793,11.524221775039498,-4.31087406808993,13,0,0,1,0,DROWSY
2026-07-21T13:20:14.273829,0.19053956406706252,0.24123098316956063,13.45513534341518,11.410314559851596,-4.24431605677745,13,0,0,1,0,DROWSY
2026-07-21T13:20:14.367814,0.19522088301148843,0.22392489815260436,-1.2637418604073787,7.874587063684801,-7.285317202873376,13,0,0,1,0,DROWSY
2026-07-21T13:20:14.469527,0.18735014320505572,0.22832191752284534,13.830601074045006,11.00270212514273,-4.307857158075734,13,0,0,1,0,DROWSY
2026-07-21T13:20:14.587561,0.21504316631702372,0.22353629268823894,-1.278413314404645,7.227456092966195,-7.478028761359738,14,0,0,1,0,DROWSY
2026-07-21T13:20:14.686149,0.22514580949027968,0.23235322286670518,-0.9055096013540549,6.825261774825813,-7.482704370896887,14,0,0,1,0,DROWSY
2026-07-21T13:20:14.786779,0.2214588994549502,0.23123193571063136,-1.0360870417310366,8.074077225073234,-7.809130813795054,14,0,0,1,0,DROWSY
2026-07-21T13:20:14.887297,0.21319293435049097,0.23123193571063136,-1.2664365211769564,8.673694367010134,-7.757724302380768,14,0,0,1,0,DROWSY
2026-07-21T13:20:14.981936,0.2180509446919643,0.22665414318011526,-1.2538273315186075,6.728646126791196,-7.67533665126632,14,0,0,1,0,DROWSY
2026-07-21T13:20:15.083873,0.20502583428262583,0.23171623146452053,-0.9016161343759563,5.396293875510646,-7.680996931129332,14,0,0,1,0,DROWSY
2026-07-21T13:20:15.179496,0.20483519868356292,0.23602790876298776,-0.2803404430953833,5.865753062106198,-7.56253396658617,14,0,0,1,0,DROWSY
2026-07-21T13:20:15.276397,0.2172312215592973,0.22430776121780355,13.924069943184804,6.803910307380402,-5.494554902211007,14,0,0,1,0,DROWSY
2026-07-21T13:20:15.376667,0.22514880099954154,0.22707153808709443,-1.2912972467031523,5.375052583217633,-7.429300263965819,14,0,0,1,0,DROWSY
2026-07-21T13:20:15.469750,0.22919501272363105,0.22707153808709443,-1.3920966886794304,5.815893211697669,-7.500313529772136,14,0,0,1,0,DROWSY
2026-07-21T13:20:15.569810,0.21732381542151985,0.23235322286670518,-1.0690139843162854,6.6355735748194595,-7.758988357842169,14,0,0,1,0,DROWSY
2026-07-21T13:20:15.674746,0.20084302253738606,0.22353629268823894,-1.0253396541212965,6.544355656398906,-7.819107344233303,14,0,0,1,0,DROWSY
2026-07-21T13:20:15.870792,0.1978167934623709,0.22353629268823894,-1.1624142147658176,5.510373695272503,-7.725313310302143,14,0,0,1,0,DROWSY
2026-07-21T13:20:15.972731,0.1753441546373442,0.22353629268823894,-1.0322144194735756,5.227604538614238,-8.002590937040825,14,0,0,1,0,DROWSY
2026-07-21T13:20:16.068379,0.18076936261120227,0.22755321114123186,-0.3038045914478573,6.174930219419157,-8.101252432930822,14,0,0,1,0,DROWSY
2026-07-21T13:20:16.173481,0.1833912494593474,0.23235322286670518,-0.4235469120636708,5.089045320619352,-8.019359777623247,14,0,0,1,0,DROWSY
2026-07-21T13:20:16.272094,0.19016247709282114,0.22755321114123186,-0.7853135871911263,5.981249254288419,-8.059641711709006,14,0,0,1,0,DROWSY
2026-07-21T13:20:16.368152,0.16199724594678944,0.22755321114123186,-0.9243338635776013,5.53796237218089,-7.8857259067051295,14,0,0,1,0,DROWSY
2026-07-21T13:20:16.464894,0.1870852505114986,0.22755321114123186,-1.0193585213599476,7.205384954468994,-8.18264907285752,14,0,0,1,0,DROWSY
2026-07-21T13:20:16.564443,0.1822308789404116,0.2365285804219428,0.13571743705270478,7.921918698918076,-7.911458830847608,14,0,0,1,0,DROWSY
2026-07-21T13:20:16.663643,0.16198057838976684,0.2365285804219428,-0.7547005353663678,8.000705765926744,-8.214269273405584,14,0,0,1,0,DROWSY
2026-07-21T13:20:16.757840,0.13642270759509173,0.22755321114123186,-0.4031373431658949,8.3995880622051,-7.828079999174771,14,0,0,1,0,DROWSY
2026-07-21T13:20:16.862829,0.1228564476122802,0.22755321114123186,-0.5110720773222113,8.04731147587421,-7.98653187685864,14,0,0,1,0,DROWSY
2026-07-21T13:20:16.963518,0.1303355890755924,0.2409188586374244,-1.2026957788256993,7.240379411941292,-8.369158121505457,14,0,0,1,0,DROWSY
2026-07-21T13:20:17.058367,0.1537964839503922,0.24484873317737096,-0.6430429298904414,7.906182659116311,-8.457054380988833,14,0,0,1,0,DROWSY
2026-07-21T13:20:17.156762,0.14828797612063851,0.23603341933704375,0.2650255573059326,8.644125242563986,-7.952057679635656,14,0,0,1,0,DROWSY
2026-07-21T13:20:17.254715,0.13937625002109796,0.23171623146452053,-0.5387754092920432,8.351387436859856,-7.90732916728056,14,0,0,1,0,DROWSY
2026-07-21T13:20:17.355830,0.14177931733953375,0.2225818566883412,0.8258555463916366,7.686925679646762,-7.45254779846673,14,0,0,1,0,DROWSY
2026-07-21T13:20:17.454515,0.15035287248693435,0.23773404877800505,0.23537382605411494,6.990926519038948,-7.857985563886496,14,0,0,1,0,DROWSY
2026-07-21T13:20:17.554916,0.16099031822507032,0.22755321114123186,0.17371341651147532,6.549632624920448,-7.826063349824715,14,0,0,1,0,DROWSY
2026-07-21T13:20:17.656911,0.1463023301740687,0.23235322286670518,0.255291330279789,7.015842602327536,-7.758140817137866,14,0,0,1,0,DROWSY
2026-07-21T13:20:17.754549,0.18521675021948514,0.24123098316956063,0.7622920952753702,5.508296608027892,-7.844662934006815,14,0,0,1,0,DROWSY
2026-07-21T13:20:17.857358,0.1537837831720878,0.23171623146452053,0.994655790012672,8.157689374204889,-8.04586537495246,14,0,0,1,0,DROWSY
2026-07-21T13:20:17.950088,0.15337188717856015,0.23235322286670518,0.04447925787735585,6.94521865815965,-7.991416980667667,14,0,0,1,0,DROWSY
2026-07-21T13:20:18.053117,0.1566875230089681,0.23241405299109438,0.36980982721289024,7.606445795171984,-7.883565876435929,14,0,0,1,0,DROWSY
2026-07-21T13:20:18.149730,0.15630980006361772,0.22265309566414576,0.31118883015079746,7.29310946303595,-8.116087112812481,14,0,0,1,0,DROWSY
2026-07-21T13:20:18.249834,0.1156935067885286,0.23275715607586353,1.1482742158125063,6.666048582427986,-8.006511481438551,14,0,0,1,0,DROWSY
2026-07-21T13:20:18.351338,0.12059987755532858,0.23080071531453691,1.1407402771378088,7.12300629237187,-7.796651118577788,14,0,0,1,0,DROWSY
2026-07-21T13:20:18.448844,0.11933164791162174,0.22796318368270369,-0.009830455328255994,7.023186692240636,-7.944571990270998,14,0,0,1,0,DROWSY
2026-07-21T13:20:18.545941,0.1276590037206635,0.2409188586374244,1.420192776506127,7.132250816378654,-7.758191908282895,14,0,0,1,0,DROWSY
2026-07-21T13:20:18.647277,0.12669037331176985,0.22755321114123186,0.6364322509976716,5.900561562245138,-7.721406346780942,14,0,0,1,0,DROWSY
2026-07-21T13:20:18.746896,0.14974611501543325,0.22755321114123186,0.06466422806730066,6.963356964932444,-7.972452944297254,14,0,0,1,0,DROWSY
2026-07-21T13:20:18.844079,0.1449775656029419,0.22665414318011526,0.3239749310695288,7.8168519118431155,-8.049798289255309,14,0,0,1,0,DROWSY
2026-07-21T13:20:18.952336,0.16512029454506574,0.22832164644536826,-0.5863206717262699,6.489464595775148,-7.981697882939081,14,0,0,1,0,DROWSY
2026-07-21T13:20:19.051980,0.1570213509308998,0.22707153808709443,-1.302354531823255,5.849775515710823,-7.979634359589026,14,0,0,1,0,DROWSY
2026-07-21T13:20:19.153629,0.1822018950561981,0.23171623146452053,-0.4208809705519343,7.071895539042801,-7.771918342051131,14,0,0,1,0,DROWSY
2026-07-21T13:20:19.249247,0.16344045266663731,0.23171623146452053,-0.8053996645320183,5.723054577132698,-7.300073137705626,14,0,0,1,0,DROWSY
2026-07-21T13:20:19.344495,0.15868003697822386,0.22209336717623113,-1.1561052314721394,7.923205367969859,-7.414434198274511,14,0,0,1,0,DROWSY
2026-07-21T13:20:19.441324,0.16305164287747986,0.23556535824788583,-1.2215299117607685,8.53666147715311,-7.85948781898763,14,0,0,1,0,DROWSY
2026-07-21T13:20:19.540834,0.16305164287747986,0.23171623146452053,-0.08806775316426751,8.092661274834752,-7.255314063902715,14,0,0,1,0,DROWSY
2026-07-21T13:20:19.637937,0.17370100427693783,0.23171623146452053,-1.1833584085583766,6.418765706066792,-7.287955734422942,14,0,0,1,0,DROWSY
2026-07-21T13:20:19.733038,0.1633197923113237,0.22755321114123186,-0.6310544975219159,7.356304113800548,-7.647088594861725,14,0,0,1,0,DROWSY
2026-07-21T13:20:19.831262,0.1556348898131334,0.22755321114123186,-0.751874198940385,7.310487565542844,-7.114694844317773,14,0,0,1,0,DROWSY
2026-07-21T13:20:19.933395,0.17700847059702224,0.22755321114123186,15.131752741002657,11.032218923696677,-4.12158646393064,14,0,0,1,0,DROWSY
2026-07-21T13:20:20.041350,0.19865228993447281,0.2365285804219428,15.241798647434848,11.153125924340939,-4.207524754311265,14,0,0,1,0,DROWSY
2026-07-21T13:20:20.145808,0.19031656438712297,0.2365285804219428,15.428932115375858,11.15380367795153,-4.530680984913033,14,0,0,1,0,DROWSY
2026-07-21T13:20:20.237554,0.1851990642717259,0.2365285804219428,15.855924233878227,10.639449703023928,-4.505235980323704,14,0,0,1,0,DROWSY
2026-07-21T13:20:20.330701,0.1779017495596527,0.2319061215770917,16.24965157660648,7.45818863552011,-5.136656766646752,14,0,0,1,0,DROWSY
2026-07-21T13:20:20.433826,0.1904601323943531,0.22665414318011526,16.295454022379715,6.603440608683319,-5.451216621023093,14,0,0,1,0,DROWSY
2026-07-21T13:20:20.532930,0.19312160649275623,0.23275715607586353,16.90090115445568,7.578172502326087,-4.806475104075588,14,0,0,1,0,DROWSY
2026-07-21T13:20:20.626586,0.19987616216389337,0.24085580253582464,16.160793339051054,9.354626043453823,-4.424420480490625,14,0,0,1,0,DROWSY
2026-07-21T13:20:20.725682,0.18357662726375196,0.24130580952314964,16.226637860250065,9.667080369654697,-4.282358671622006,14,0,0,1,0,DROWSY
2026-07-21T13:20:20.818264,0.16996978793271328,0.2365285804219428,17.270504742948162,9.845680234420017,-3.9886557459774963,14,0,0,1,0,DROWSY
2026-07-21T13:20:20.914523,0.17804005477696,0.2365285804219428,15.56374933951821,8.456575335612426,-4.725107854537299,14,0,0,1,0,DROWSY
2026-07-21T13:20:21.010919,0.17855780582508446,0.2360883413428812,17.06941374143068,7.81154589320296,-4.882586123618097,14,0,0,1,0,DROWSY
2026-07-21T13:20:21.118359,0.17491210419884895,0.22706249591066405,17.037742040849054,8.475383509042269,-4.664820686962827,14,0,0,1,0,DROWSY
2026-07-21T13:20:21.214503,0.21285255893035102,0.2361160705149159,0.5015495031593957,6.867302797298397,-7.45862893840163,15,0,0,1,0,DROWSY
2026-07-21T13:20:21.310953,0.19773353865664356,0.22665414318011526,17.238807738235693,11.384769532195484,-3.9965592482203363,15,0,0,1,0,DROWSY
2026-07-21T13:20:21.409094,0.2008680207941182,0.23566375639127374,16.375854008065204,9.041290273586482,-4.704124933295418,15,0,0,1,0,DROWSY
2026-07-21T13:20:21.502189,0.1675706445535043,0.23171623146452053,1.2887722870448783,5.41395340007367,-7.0083633880365594,15,0,0,1,0,DROWSY
2026-07-21T13:20:21.602337,0.16253154506921752,0.22796318368270369,0.932510000622301,7.7629317711485255,-6.884127545633408,15,0,0,1,0,DROWSY
2026-07-21T13:20:21.697980,0.19072190568995256,0.2400033424874408,0.3821241758495262,5.934084982600065,-7.079749847686878,15,0,0,1,0,DROWSY
2026-07-21T13:20:21.798073,0.1967518408861228,0.23603341933704375,1.776077340125397,5.149621217602395,-6.876124563767627,15,0,0,1,0,DROWSY
2026-07-21T13:20:21.892164,0.20579389439837656,0.2365607092653353,1.5495480569392726,5.2255307367870945,-6.71731010624605,16,0,0,1,0,DROWSY
2026-07-21T13:20:21.991523,0.2306854892395972,0.2359315935057433,17.115012937803613,5.126145632666997,-4.575372837508155,16,0,0,1,0,DROWSY
2026-07-21T13:20:22.088757,0.1926139448540068,0.231586555910703,19.370916529873966,2.4645867211771515,-4.459965439915749,16,0,0,1,0,DROWSY
2026-07-21T13:20:22.193213,0.19616778737690388,0.22706249591066405,20.959800187339255,-2.6199102576934035,-5.741948578552808,16,0,0,1,0,DROWSY
2026-07-21T13:20:22.294006,0.16961248050876299,0.23088703629569973,21.074859791861968,-4.386350964911744,-6.369850403122115,16,0,0,1,0,DROWSY
2026-07-21T13:20:22.389536,0.18055192269165654,0.24002534513504403,4.1023063579189625,-1.125428167970377,-4.809230984659563,16,0,0,1,0,DROWSY
2026-07-21T13:20:22.491143,0.14817178789762792,0.26144731854787223,9.346245788177981,1.213542276854241,-4.786171796950042,16,0,0,1,0,DROWSY
2026-07-21T13:20:22.588827,0.17162642377193052,0.23336736122129598,6.935424740290756,2.481536561939942,-2.4508443214020383,16,0,0,1,0,DROWSY
2026-07-21T13:20:22.680932,0.1489408900597847,0.24980227334040644,23.877343977257595,0.9277625991038182,-2.002125784597382,16,0,0,1,0,DROWSY
2026-07-21T13:20:22.782889,0.13683426946325475,0.23414896383587852,8.382424969030922,2.4901136662816956,-4.698976288525362,16,0,0,1,0,DROWSY
2026-07-21T13:20:22.877835,0.12006640059519441,0.2400599444316577,28.675221098019875,3.1525619871409476,-1.7790187784273144,16,0,0,1,0,DROWSY
2026-07-21T13:20:22.972932,0.12277087148708493,0.22846554332652066,15.598219375365403,6.662838604417973,-2.3019593769951787,16,0,0,1,0,DROWSY
2026-07-21T13:20:23.066866,0.11958617587958656,0.2397470176636875,14.355540784089328,2.315676049374756,-5.870218924019528,16,0,0,1,0,DROWSY
2026-07-21T13:20:23.169481,0.14768251181863712,0.23416118524246776,10.663289355962604,0.982379254372971,-4.745390394270636,16,0,0,1,0,DROWSY
2026-07-21T13:20:23.270571,0.17656577990519948,0.24141106438290721,33.06995567386841,-0.8703147476809504,-3.6004841115066313,16,0,0,1,0,DROWSY
2026-07-21T13:20:23.368828,0.1534378368728737,0.24516072459929178,29.392090148632263,0.33331859917432854,-3.6644009763852523,16,0,0,1,0,DROWSY
2026-07-21T13:20:23.465906,0.16792950906052345,0.22842778087237706,34.6456041332998,-2.2245385382568506,-4.660117791624799,16,0,0,1,0,DROWSY
2026-07-21T13:20:23.561346,0.1474241360015503,0.24141106438290721,34.46073226513016,-1.367624043219036,-4.261814828311913,16,0,0,1,0,DROWSY
2026-07-21T13:20:23.658105,0.20328558737085872,0.2583003660710436,29.288930030959534,-3.2618790990008684,-5.5206305564059335,17,0,0,1,0,DROWSY
2026-07-21T13:20:23.759377,0.18440054860912955,0.23603341933704375,21.437606440327727,-1.1499598154800335,-4.8980189337552815,17,0,0,1,0,DROWSY
2026-07-21T13:20:23.855673,0.18847758181382585,0.23186350243340104,24.68428949425379,-2.000569828501996,-4.408741480962249,17,0,0,1,0,DROWSY
2026-07-21T13:20:23.955793,0.2269712772436689,0.23150786252513952,23.902747960794045,-3.258525581461141,-2.927256379363257,17,0,0,1,0,DROWSY
2026-07-21T13:20:24.056398,0.23085154377658607,0.2330847291385785,22.96894313835429,-4.531671137427997,-3.941370871926239,17,0,0,1,0,DROWSY
2026-07-21T13:20:24.148832,0.22784653775820413,0.23253386342514,20.250722931225624,-3.4560329692080316,-3.4127224809121515,17,0,0,1,0,DROWSY
2026-07-21T13:20:24.244543,0.23570088742547204,0.22842778087237706,19.62132866188503,-3.048323559554837,-3.2110360541019247,17,0,0,1,0,DROWSY
2026-07-21T13:20:24.339843,0.23075043594455874,0.22820368769352323,19.397468489458248,0.5720818783414737,-1.5977069098555035,17,0,0,1,0,DROWSY
2026-07-21T13:20:24.436464,0.18836660663785004,0.23144180007526186,16.32303393682335,3.520532690602771,-1.212431606074972,17,0,0,1,0,DROWSY
2026-07-21T13:20:24.529945,0.20805659004540175,0.24120461411230354,17.00473165390514,5.048441617191467,-1.2051805211189617,17,0,0,1,0,DROWSY
2026-07-21T13:20:24.630062,0.21697874226283,0.23227746590386206,19.011918589804424,5.673782780025475,-0.857779445757842,17,0,0,1,0,DROWSY
2026-07-21T13:20:24.727368,0.18924070265998946,0.23741091989208343,19.819535334769483,6.293093473006411,-0.5129797095332833,17,0,0,1,0,DROWSY
2026-07-21T13:20:24.821951,0.20823553710394424,0.24573860789690666,19.28654953924797,5.030401339500593,-0.297570705672797,17,0,0,1,0,DROWSY
2026-07-21T13:20:24.919857,0.1957698313206421,0.2289375606204396,19.871424400409495,6.283201879182527,0.21160345978054806,17,0,0,1,0,DROWSY
2026-07-21T13:20:25.017791,0.20798022836382413,0.23757725695052173,20.072862005275113,3.5503423384131736,-0.9968423117675513,17,0,0,1,0,DROWSY
2026-07-21T13:20:25.119895,0.2232076795306277,0.24149731047327352,21.892338254630886,-1.3935566718414525,-2.0893676025453374,17,0,0,1,0,DROWSY
2026-07-21T13:20:25.212041,0.22217938563282488,0.22962366707138923,23.036144738917386,-2.034839985209612,-1.831385346065474,17,0,0,1,0,DROWSY
2026-07-21T13:20:25.316004,0.2058200673226201,0.22962366707138923,23.841471966833126,-2.0120052522662633,-2.0353591486540097,17,0,0,1,0,DROWSY
2026-07-21T13:20:25.421185,0.21345722101733525,0.2326072590656971,21.526183730755463,2.676891934422426,-1.241227504082218,17,0,0,1,0,DROWSY
2026-07-21T13:20:25.523898,0.2011934923893729,0.2327798548148034,22.082463905813256,1.0245857017746678,-1.6048548514202992,17,0,0,1,0,DROWSY
2026-07-21T13:20:25.623009,0.22039484547848667,0.2501167190986959,22.21702272446666,3.5554619848561697,-0.6822977150610257,17,0,0,1,0,DROWSY
2026-07-21T13:20:25.717752,0.23159790319104556,0.23730311630916912,22.56949638651224,4.325535817728026,-0.6073785753626737,17,0,0,1,0,DROWSY
2026-07-21T13:20:25.808536,0.2193079097417752,0.2289375606204396,22.844773445583883,5.36253027186005,-0.2936531004941685,17,0,0,1,0,DROWSY
2026-07-21T13:20:25.903653,0.21019240880856377,0.2368056652128979,21.23551634971531,3.2262002673747765,-0.9243264100999227,17,0,0,1,0,DROWSY
2026-07-21T13:20:26.008000,0.21768542528816837,0.2328835968632491,21.175013553538747,4.78566604399988,-0.46650155260704196,17,0,0,1,0,DROWSY
2026-07-21T13:20:26.107822,0.20840763356725717,0.24108936144309123,20.715749162960265,7.383610105383611,0.0013913328061221364,17,0,0,1,0,DROWSY
2026-07-21T13:20:26.203875,0.23797011801809714,0.23210585341947826,20.602549846517974,6.2600764419358805,-0.2577331112302943,17,0,0,1,0,DROWSY
2026-07-21T13:20:26.306498,0.2323838910216755,0.22809843577569752,20.952502758715866,6.134695117774623,-0.28055830914721014,17,0,0,1,0,DROWSY
2026-07-21T13:20:26.398610,0.20422101415212263,0.22809843577569752,21.820567763860566,5.816902967678145,-0.5379145256921163,17,0,0,1,0,DROWSY
2026-07-21T13:20:26.504361,0.22365062372166594,0.24573860789690666,19.925239157109473,4.01982869281517,-1.1538404197341947,17,0,0,1,0,DROWSY
2026-07-21T13:20:26.602612,0.19720194527089496,0.2327798548148034,20.03184738291057,4.726576506220718,-1.1126896174132241,17,0,0,1,0,DROWSY
2026-07-21T13:20:26.703130,0.21734384142031266,0.2328835968632491,20.796258147939938,5.260247714964411,-0.8678752986639608,17,0,0,1,0,DROWSY
2026-07-21T13:20:26.795730,0.2175175580337842,0.2327798548148034,20.868222265883475,6.05095997902636,-0.46608284707377834,17,0,0,1,0,DROWSY
2026-07-21T13:20:26.895730,0.2339567425746532,0.22417041574862664,21.012063980321813,5.487037124492668,-0.4337917510262628,17,0,0,1,0,DROWSY
2026-07-21T13:20:26.988324,0.22615759195631435,0.23262036191850743,20.573833420510397,6.509951615366323,-0.17956121470976427,17,0,0,1,0,DROWSY
2026-07-21T13:20:27.086755,0.2303633591519994,0.2279299108647889,21.1782861212007,4.1832234456347575,-0.7878141284620028,17,0,0,1,0,DROWSY
2026-07-21T13:20:27.180878,0.2212198676935639,0.2368056652128979,20.12336618739039,6.65195393790109,-0.01127873397985013,17,0,0,1,0,DROWSY
2026-07-21T13:20:27.277481,0.22430163139844456,0.2289375606204396,20.549306762785392,5.506054531650629,-0.33741080979467597,17,0,0,1,0,DROWSY
2026-07-21T13:20:27.372579,0.22046679117562834,0.22878070033438377,21.368799261775138,4.417913460805609,-0.570666448649888,17,0,0,1,0,DROWSY
2026-07-21T13:20:27.471867,0.2034871685138419,0.22820368769352323,20.746300060614885,5.436325940437285,-0.16001691729687195,17,0,0,1,0,DROWSY
2026-07-21T13:20:27.574125,0.22666568316345204,0.23272403288640459,21.911545522148828,3.8496502908123365,-0.7041243600351379,17,0,0,1,0,DROWSY
2026-07-21T13:20:27.669238,0.22533965570284584,0.2241046242609822,21.38750607366515,5.621589926332024,-0.21710587454217034,17,0,0,1,0,DROWSY
2026-07-21T13:20:27.766866,0.23025287543136191,0.23686497080895863,21.008101244059162,4.897198183076703,-0.3397617081928672,17,0,0,1,0,DROWSY
2026-07-21T13:20:27.860568,0.21696077606722436,0.2415030054886715,21.38990956003869,3.346438529801328,-0.997084159439936,17,0,0,1,0,DROWSY
2026-07-21T13:20:27.957990,0.2395561886727713,0.2280350850198276,22.315485207558027,4.299037725902338,-0.7365660420104803,17,0,0,1,0,DROWSY
2026-07-21T13:20:28.050844,0.2226819651137506,0.24091783095878427,21.097898472162058,6.185174123775812,-0.36126561277330893,17,0,0,1,0,DROWSY
2026-07-21T13:20:28.160460,0.24014364896045387,0.2280350850198276,21.191073641091975,6.324052818464448,0.22049902829107282,17,0,0,1,1,DROWSY
2026-07-21T13:20:28.257691,0.19733411679690238,0.23686497080895863,21.6195611003551,3.8216007270466297,-0.7726994937135032,17,0,0,1,1,DROWSY
2026-07-21T13:20:28.354867,0.20219267507492197,0.2280350850198276,21.6442561142741,3.270681170507666,-0.7191747706309286,17,0,0,1,1,DROWSY
2026-07-21T13:20:28.451970,0.207437710324185,0.2241046242609822,21.548799702535803,2.2350144488368473,-1.2556103729997972,17,0,0,1,1,DROWSY
2026-07-21T13:20:28.548078,0.1934031960334056,0.219473614091172,4.721398609710235,8.779659305310789,-3.1006625776456946,17,0,0,1,0,DROWSY
2026-07-21T13:20:28.657776,0.18345524191333062,0.23216647881498811,3.921203034514747,11.44713844419586,-3.7881461127461598,17,0,0,1,0,DROWSY
2026-07-21T13:20:28.770687,0.20817147269278963,0.22809843577569752,19.925029593080353,4.9544422982587815,-0.7993401328078562,17,0,0,1,0,DROWSY
2026-07-21T13:20:28.877493,0.2232132797182489,0.23198870374559916,20.307290693544758,8.56186744117238,0.7516595618763802,17,0,0,1,0,DROWSY
2026-07-21T13:20:28.980192,0.2195045848392816,0.23216647881498811,20.95737512340591,10.026166615958621,1.309795935259615,17,0,0,1,0,DROWSY
2026-07-21T13:20:29.079407,0.20414564201258878,0.23210585341947826,19.81454968784257,12.989383176673714,1.9295367670264625,17,0,0,1,0,DROWSY
2026-07-21T13:20:29.172297,0.21197475081814565,0.23227746590386206,19.637871553718753,8.145723403713768,0.09086572889654576,17,0,0,1,0,DROWSY
2026-07-21T13:20:29.272895,0.23715584312057753,0.22727272727272727,18.91248357051481,12.032586871209638,1.420474231618158,17,0,0,1,0,DROWSY
2026-07-21T13:20:29.371846,0.20271166252508394,0.22711686391537025,16.152540099598127,11.617634984870001,-0.14194404427939844,17,0,0,1,0,DROWSY
2026-07-21T13:20:29.467905,0.17675393052105792,0.22645037532512852,0.7479602190087462,10.226536700768026,-4.284603668937743,17,0,0,1,0,DROWSY
2026-07-21T13:20:29.569389,0.15222781153357126,0.22238322195685692,-1.151658528126859,8.342371996475954,-5.043577444063093,17,0,0,1,0,DROWSY
2026-07-21T13:20:29.686942,0.16888257915570348,0.23643744119216994,0.02004533365129646,8.00196743095988,-4.799412617382468,17,0,0,1,0,DROWSY
2026-07-21T13:20:29.790645,0.16519563977841636,0.22767887974464476,0.5996792778093436,6.740715271627929,-4.560653819975845,17,0,0,1,0,DROWSY
2026-07-21T13:20:29.887958,0.1758862183045641,0.23198870374559916,-0.7975802164219203,6.500574970847021,-4.328536438897055,17,0,0,1,0,DROWSY
2026-07-21T13:20:29.988803,0.20116989117408723,0.22809843577569752,0.07052279134785522,5.2128171292010865,-4.1342308205471285,18,0,0,1,0,DROWSY
2026-07-21T13:20:30.086994,0.19131402507852446,0.2454670673618225,-0.23006739102521578,5.553470327114052,-4.194686907050072,18,0,0,1,0,DROWSY
2026-07-21T13:20:30.183094,0.1738782860691786,0.23198185335531854,-1.1246498200577832,5.304788649972031,-4.077800382370414,18,0,0,1,0,DROWSY
2026-07-21T13:20:30.284901,0.18172759277561995,0.22711686391537025,-1.6539340703769483,5.852683661419649,-4.054186731083325,18,0,0,1,0,DROWSY
2026-07-21T13:20:30.385888,0.1943526800285557,0.2367100365373109,-1.4308106450837101,5.929749863764231,-3.9725317513688,18,0,0,1,0,DROWSY
2026-07-21T13:20:30.484393,0.18416074939557947,0.231586555910703,0.40319160595734616,3.6937671573440856,-3.245922676821076,18,0,0,1,0,DROWSY
2026-07-21T13:20:30.580489,0.17877142767641263,0.23150786252513952,0.3498937261458934,2.5824238179250023,-2.7355782611699295,18,0,0,1,0,DROWSY
2026-07-21T13:20:30.679998,0.1707119930253202,0.24141106438290721,15.054542400177098,3.567161367658898,-1.805929095286615,18,0,0,1,0,DROWSY
2026-07-21T13:20:30.779928,0.17674981301269682,0.22645037532512852,-0.23174911438658796,5.14382898050828,-3.6418286661725636,18,0,0,1,0,DROWSY
2026-07-21T13:20:30.874018,0.17891268013735173,0.22645037532512852,0.6133346299010896,7.745408894370713,-4.145888718919241,18,0,0,1,0,DROWSY
2026-07-21T13:20:30.978826,0.1586829218556837,0.23586978156833077,1.0382826491644153,6.690658184749953,-3.807958415450542,18,0,0,1,0,DROWSY
2026-07-21T13:20:31.080589,0.1487676783359106,0.2313099079250033,14.173271933587671,2.2883168612202143,-2.0074136820877015,18,0,0,1,0,DROWSY
2026-07-21T13:20:31.182932,0.18260794112334433,0.222072599201791,13.606416171609482,-3.355378439334242,-3.123653493578985,18,0,0,1,0,DROWSY
2026-07-21T13:20:31.283041,0.18595856373003294,0.22645037532512852,13.878736533713152,-2.176827550760635,-2.91234737527094,18,0,0,1,0,DROWSY
2026-07-21T13:20:31.378643,0.17346839516636237,0.23580708684517032,13.869855525011161,-3.3740719180797534,-2.448274421277347,18,0,0,1,0,DROWSY
2026-07-21T13:20:31.474331,0.16754276428524595,0.22809843577569752,17.262868882743305,-0.3098565424613296,-2.3316023862929285,18,0,0,1,0,DROWSY
2026-07-21T13:20:31.572425,0.15874998796646916,0.2454670673618225,17.25600017087848,0.9209777929897682,-2.126352255652506,18,0,0,1,0,DROWSY
2026-07-21T13:20:31.679170,0.16540151900744957,0.22809843577569752,17.648191271963753,-0.3668727542126021,-2.0057881788017937,18,0,0,1,0,DROWSY
2026-07-21T13:20:31.774092,0.16043170815891317,0.2328835968632491,19.091358918185364,0.40290038990334115,-1.9374304887886922,18,0,0,1,0,DROWSY
2026-07-21T13:20:31.892391,0.1647051504024002,0.24573860789690666,19.541466974053492,1.4350171227309583,-1.6488272436045293,18,0,0,1,0,DROWSY
2026-07-21T13:20:31.991030,0.1645683283739673,0.2327798548148034,19.723361671773972,0.9914978420661151,-1.8442361521337034,18,0,0,1,0,DROWSY
2026-07-21T13:20:32.091870,0.16986980459098205,0.2327798548148034,19.13765431857604,3.7998119540540123,-0.8852623007918794,18,0,0,1,0,DROWSY
2026-07-21T13:20:32.183970,0.17451949548481754,0.23216647881498811,3.0740016643689216,6.375398616949007,-3.096030337134255,18,0,0,1,0,DROWSY
2026-07-21T13:20:32.282077,0.17220861487436134,0.22809843577569752,19.361787480433435,1.7476266967391776,-1.029016814775673,18,0,0,1,0,DROWSY
2026-07-21T13:20:32.386387,0.17517481543982133,0.23685873350429346,18.574093835309696,1.4126050762377758,-1.9625351318114213,18,0,0,1,0,DROWSY
2026-07-21T13:20:32.485994,0.19503714120210158,0.22400420350975234,19.43403606860548,0.23257307659558507,-2.0312503004883524,18,0,0,1,0,DROWSY
2026-07-21T13:20:32.589576,0.1842244380878469,0.22809843577569752,2.634856203130852,6.649494121371516,-3.414038239807877,18,0,0,1,0,DROWSY
2026-07-21T13:20:32.694575,0.17569068807496696,0.2328835968632491,18.531432147575998,3.3624482512286478,-1.4423894448341628,18,0,0,1,0,DROWSY
2026-07-21T13:20:32.819492,0.17273458849435025,0.22820368769352323,18.632566246362956,1.5987062893056743,-1.9810586873327054,18,0,0,1,0,DROWSY
2026-07-21T13:20:32.941136,0.1830856318544462,0.22809843577569752,18.02028810786865,2.8519305496349046,-1.8351196461887014,18,0,0,1,0,DROWSY
2026-07-21T13:20:33.037967,0.19379893657803418,0.22047023006174954,18.553247369420006,1.068526539777299,-2.164466944153162,18,0,0,1,0,DROWSY
2026-07-21T13:20:33.147612,0.18299084903538537,0.22047023006174954,19.382177872175077,0.49543463231975166,-2.245337877300784,18,0,0,1,0,DROWSY
2026-07-21T13:20:33.250626,0.19102674904785633,0.2327798548148034,19.54185574503842,-1.1739468037310035,-2.649836044368442,18,0,0,1,0,DROWSY
2026-07-21T13:20:33.367412,0.15827710515872756,0.2327798548148034,20.348480045878063,0.38453890840868443,-1.9264999484174439,18,0,0,1,0,DROWSY
2026-07-21T13:20:33.475893,0.18275621056511604,0.22400479295856274,20.19627190274838,0.6140805447220914,-2.024516718354249,18,0,0,1,0,DROWSY
2026-07-21T13:20:33.580702,0.18661248732676805,0.22378475782410853,2.4015605445041786,4.986859257447505,-3.4495322640130026,18,0,0,1,0,DROWSY
2026-07-21T13:20:33.684862,0.21162874369359014,0.22730423863902846,2.9113079459752385,5.702253596692878,-3.1710480715083076,19,0,0,1,0,DROWSY
2026-07-21T13:20:33.784903,0.2020474324389173,0.23638216283503674,2.493141820026807,5.563787126668175,-3.1977427124341693,19,0,0,1,0,DROWSY
2026-07-21T13:20:33.905849,0.20432570486179008,0.23216647881498811,19.075517983471997,-2.6012167532346244,-3.073153596539697,19,0,0,1,0,DROWSY
2026-07-21T13:20:34.004458,0.2034931892585623,0.22427032086347945,20.767023120483884,-2.5008087308637634,-3.1088631098725727,19,0,0,1,0,DROWSY
2026-07-21T13:20:34.103567,0.20800742098985897,0.22417041574862664,19.931469234324226,-1.092051311138684,-2.779856824807382,19,0,0,1,0,DROWSY
2026-07-21T13:20:34.198760,0.2101942333309348,0.23686497080895863,19.910484979021135,-1.808360997161512,-2.7318571686550115,19,0,0,1,0,DROWSY
2026-07-21T13:20:34.293402,0.21640299686763048,0.2366769120807801,19.272652518606918,-1.8896246386654882,-3.0920304705005037,19,0,0,1,0,DROWSY
2026-07-21T13:20:34.406033,0.2153464093742516,0.22417041574862664,20.105361436958106,-5.761876316877524,-4.323681857681208,19,0,0,1,0,DROWSY
2026-07-21T13:20:34.515862,0.1939814714443226,0.22427032086347945,19.815232985011363,-4.943383222511765,-3.7307754911779227,19,0,0,1,0,DROWSY
2026-07-21T13:20:34.616566,0.2322687657253818,0.22809843577569752,20.072702488110906,-5.447509198170504,-4.070664763925038,19,0,0,1,0,DROWSY
2026-07-21T13:20:34.718412,0.21061447657795684,0.22820368769352323,20.309135278732043,-4.362276769586454,-3.6655344243463617,19,0,0,1,0,DROWSY
2026-07-21T13:20:34.820519,0.2003842543760736,0.24081698175470725,19.493624084515716,-2.0306070267655687,-3.0485726626694714,19,0,0,1,0,DROWSY
2026-07-21T13:20:34.936007,0.20683072027416366,0.22400420350975234,19.433539070136106,-1.025299295476512,-3.0872276960725173,19,0,0,1,0,DROWSY
2026-07-21T13:20:35.036391,0.2055227633094335,0.22883900100019258,20.028429725438514,-1.5710965115287003,-2.8311621871363286,19,0,0,1,0,DROWSY
2026-07-21T13:20:35.137479,0.20446028296068178,0.23685873350429346,18.677908306951906,-0.5582650323406335,-2.98800698805357,19,0,0,1,0,DROWSY
2026-07-21T13:20:35.242887,0.21122556391185765,0.23216647881498811,19.00107506642982,-2.7654526205984524,-2.9304863330556543,19,0,0,1,0,DROWSY
2026-07-21T13:20:35.346299,0.21563925396908074,0.2327798548148034,18.65072392722496,-1.1495878964026776,-2.6283500878881227,19,0,0,1,0,DROWSY
2026-07-21T13:20:35.451460,0.22071560460402517,0.22809843577569752,19.17795555846928,-0.6853127286031465,-2.113006905193231,19,0,0,1,0,DROWSY
2026-07-21T13:20:35.550327,0.22839814709166342,0.22868220824386049,18.43450710129025,-0.39956986486902535,-2.399427116245448,19,0,0,1,0,DROWSY
2026-07-21T13:20:35.647924,0.23130173974756876,0.22792333907700157,18.03201382839552,2.128033359503835,-1.9736266866971164,19,0,0,1,0,DROWSY
2026-07-21T13:20:35.750540,0.22359909976446268,0.2326072590656971,18.94189359823349,-1.902817197163106,-2.5112130462005666,19,0,0,1,0,DROWSY
2026-07-21T13:20:35.847287,0.2502530248163305,0.23198185335531854,16.928095336511205,7.5002914264023355,-0.4799923804286266,19,0,0,0,0,SAFE
2026-07-21T13:20:35.947446,0.23597073913286246,0.23685873350429346,18.57386962032166,3.0593358032323392,-1.1701551955301852,19,0,0,0,0,SAFE
2026-07-21T13:20:36.051496,0.24492291193203025,0.2326072590656971,17.902601665475288,2.696832296821872,-1.3241997853367309,19,0,0,0,0,SAFE
2026-07-21T13:20:36.148924,0.2466303144401171,0.23210585341947826,17.04834553198512,9.667870765855248,0.1776271700334746,19,0,0,0,0,SAFE
2026-07-21T13:20:36.244528,0.2424632974066705,0.24076077765260961,16.02838484937456,5.708008697777371,-0.669141999323017,19,0,0,0,0,SAFE
2026-07-21T13:20:36.343365,0.25847115328403664,0.23638216283503674,0.8292031887688438,9.78288994574446,-2.8351492376232685,19,0,0,0,0,SAFE
2026-07-21T13:20:36.442057,0.25316738034953945,0.2367100365373109,14.52456781896774,7.750693900278902,-0.3063041922612797,19,0,0,0,0,SAFE
2026-07-21T13:20:36.544157,0.2646003880371852,0.23649930936713157,12.455208933323291,12.82780838627739,0.410065689738758,19,0,0,0,0,SAFE
2026-07-21T13:20:36.640909,0.26018837204756573,0.22325045202912847,12.903507154438273,12.333812945766807,0.5570732336923641,19,0,0,0,0,SAFE
2026-07-21T13:20:36.731478,0.24006422699583502,0.23150786252513952,12.006040532222755,13.48019549538412,-0.06670358405293086,19,0,0,0,0,SAFE
2026-07-21T13:20:36.824289,0.24613983130706243,0.23223696982238698,-3.0823321515927944,10.845507884497842,-4.404579065678369,19,0,0,0,0,SAFE
2026-07-21T13:20:36.923395,0.2447300369484977,0.24144350556985011,-3.193663485113433,8.203094661547029,-4.163350213218319,19,0,0,0,0,SAFE
2026-07-21T13:20:37.021520,0.23060164036704509,0.23006775056670675,-3.693901693474345,4.856218975945936,-5.445370016539021,19,0,0,0,0,SAFE
2026-07-21T13:20:37.122128,0.23542914184993333,0.22995453232967172,-6.6746880720796185,5.695468633505263,-5.064504369090891,19,0,0,0,0,SAFE
2026-07-21T13:20:37.222412,0.24354467466357124,0.22479130349477733,-6.821843058052792,7.665462368710529,-5.231622749709737,19,0,0,0,0,SAFE
2026-07-21T13:20:37.323600,0.25092242908579854,0.22560264121711415,-7.0201779930358725,8.103098313993856,-4.899760065904275,19,0,0,0,0,SAFE
2026-07-21T13:20:37.419397,0.18567947045662153,0.24114285107087569,-8.822224665021366,9.774617916599636,-4.111223781881854,19,0,0,0,0,SAFE
2026-07-21T13:20:37.514209,0.20830019974167596,0.23286764202289537,-10.086005414574089,7.5936143838700385,-3.8454787991025783,19,0,0,0,0,SAFE
2026-07-21T13:20:37.613352,0.24937448456965294,0.22533494665125064,-12.09623732662078,7.691825742124025,-3.958631742012312,19,0,0,0,0,SAFE
2026-07-21T13:20:37.706097,0.223970844272954,0.2377789863719664,-10.878056836445893,7.853003148349786,-3.9289042496469615,19,0,0,0,0,SAFE
2026-07-21T13:20:37.801259,0.24288212014459265,0.23693319068572088,-10.841256549637023,7.749007872627644,-4.07345598069922,19,0,0,0,0,SAFE
2026-07-21T13:20:37.893340,0.22743042390978227,0.24144350556985011,-10.829778854001916,6.954467143536174,-3.9671344283233045,19,0,0,0,0,SAFE
2026-07-21T13:20:37.987537,0.23847463849393857,0.23718758639283766,-9.624581637006003,8.463662652139854,-4.1083652541448155,19,0,0,0,0,SAFE
2026-07-21T13:20:38.080672,0.2350306716049914,0.22360679774997896,-9.47877453681636,7.985417878263096,-3.733995525249124,19,0,0,0,0,SAFE
2026-07-21T13:20:38.175892,0.2390655585596112,0.24160319418998633,-9.433995685318763,8.513499466404253,-3.7042783559560597,19,0,0,0,0,SAFE
2026-07-21T13:20:38.276837,0.2458356009041877,0.23198870374559916,-9.503663244275543,9.743830366099077,-4.119177116587237,19,0,0,0,0,SAFE
2026-07-21T13:20:38.380528,0.2315036107259727,0.23162687951313596,-7.655228322059003,11.759673193575079,-3.748854208108225,19,0,0,0,0,SAFE
2026-07-21T13:20:38.481897,0.2477709854104551,0.21822689541046172,-8.455776359178088,10.285840328062484,-3.6751361921541794,19,0,0,0,0,SAFE
2026-07-21T13:20:38.591317,0.23170313253592856,0.22784824637036566,-8.171696905049203,8.598433288636267,-3.385621954263164,19,0,0,0,0,SAFE
2026-07-21T13:20:38.685916,0.23871472483646342,0.23150786252513952,-8.71345299044944,10.555397600948961,-4.213985645128734,19,0,0,0,0,SAFE
2026-07-21T13:20:38.784018,0.16414324592058957,0.2326803115618832,-8.3417675547432,9.620187340807327,-3.6511486528572954,19,0,0,0,0,SAFE
2026-07-21T13:20:38.877860,0.17918026228419187,0.22325045202912847,-7.579466752764574,10.583473406929922,-3.9098180241588207,19,0,0,0,0,SAFE
2026-07-21T13:20:38.972450,0.19783814348708456,0.2326803115618832,-5.97375431076253,11.840204865359466,-3.9430176710929423,19,0,0,0,0,SAFE
2026-07-21T13:20:39.072311,0.22657804566694117,0.23618730486536516,-4.699512374540319,13.37051680762856,-3.9138692513414544,20,0,0,0,0,SAFE
2026-07-21T13:20:39.170951,0.22379222134197327,0.23216647881498811,-4.4537927980373695,12.800893937115461,-3.951947973827093,20,0,0,0,0,SAFE
2026-07-21T13:20:39.269764,0.2607208810845061,0.23150786252513952,-3.9471390559635324,13.532320594308208,-3.7119544743895836,20,0,0,0,0,SAFE
2026-07-21T13:20:39.374928,0.25679053962691417,0.22325045202912847,-4.208095852059586,13.825476435693773,-3.8620437929593865,20,0,0,0,0,SAFE
2026-07-21T13:20:39.474027,0.2560247158098566,0.22335717681509662,-4.219071314943761,14.721068466929685,-3.601256056867514,20,0,0,0,0,SAFE
2026-07-21T13:20:39.570951,0.25969041528609377,0.22730423863902846,-3.4823831999705988,17.95286900710925,-3.10492105663551,20,0,0,0,0,SAFE
2026-07-21T13:20:39.667929,0.2607507829018477,0.22741688632347157,-3.0703534964276287,16.623836066040802,-2.8685988876002395,20,0,0,0,0,SAFE
2026-07-21T13:20:39.771381,0.2396654939636823,0.2224150398048947,-1.6130835555357805,18.75594836832033,-2.666630962067307,20,0,0,0,0,SAFE
2026-07-21T13:20:39.864977,0.20816985388077375,0.23132287818675165,11.255157068818278,19.68305289191422,3.516911597550603,20,0,0,0,0,SAFE
2026-07-21T13:20:39.967126,0.22278618526883703,0.23469387755102042,-1.205533727876741,22.99493960221755,-2.2998317798834926,20,0,0,0,0,SAFE
2026-07-21T13:20:40.061715,0.26202230018269734,0.22931682645752738,-1.2670092334227263,29.727634624651085,0.11667929422969027,20,0,0,0,0,SAFE
2026-07-21T13:20:40.153404,0.27182496138912915,0.23213360455284,-4.883012687447547,41.678268107730645,3.523578072479279,20,0,0,0,0,SAFE
2026-07-21T13:20:40.250494,0.27958629997326,0.2438111251560624,-5.5222401255220745,40.55433379512054,3.9297798075575505,20,0,0,0,0,SAFE
2026-07-21T13:20:40.348883,0.31593853962863405,0.23123050045445465,-5.313828399305436,42.04865775184193,3.727892642172071,20,0,0,0,0,SAFE
2026-07-21T13:20:40.446481,0.2543981234509633,0.22069560054573475,-9.071149018255284,46.832055982209084,2.4657153753959866,20,0,0,0,0,SAFE
2026-07-21T13:20:40.545872,0.2616736866348195,0.2130352520572231,-7.69904652466505,46.43870499004132,2.151774135521791,20,0,0,0,0,SAFE
2026-07-21T13:20:40.640196,0.30965765574579057,0.23726470419684892,-10.65338573814958,47.45461161059765,0.2697581168723794,20,0,0,0,0,SAFE
2026-07-21T13:20:40.734391,0.30757217228128875,0.21685517328499063,-11.69352515976226,48.29394954502123,-0.9025043383200082,20,0,0,0,0,SAFE
2026-07-21T13:20:40.834825,0.3071156248348397,0.23366166663666268,-10.316511824830371,48.01753576024981,-0.024764680478132316,20,0,0,0,0,SAFE
2026-07-21T13:20:40.929183,0.27881472799976875,0.23514084958495618,-10.676452571360784,48.364355623862195,-0.6473746821575467,20,0,0,0,0,SAFE
2026-07-21T13:20:41.015876,0.2881144173497413,0.22759693642179638,-12.320697449994725,48.626184471067205,-2.281619100609161,20,0,0,0,0,SAFE
2026-07-21T13:20:41.114333,0.26738127092914676,0.21739777861587473,-13.419108841581192,48.232488847541426,-2.1180002938131492,20,0,0,0,0,SAFE
2026-07-21T13:20:41.210848,0.23319964192661424,0.2394980286432011,-12.3531028387751,47.88259815250536,-1.7552724008862546,20,0,0,0,0,SAFE
2026-07-21T13:20:41.313959,0.25490795130597343,0.2338121822373046,-12.422603853326478,47.54464926039613,-2.402861444012402,20,0,0,0,0,SAFE
2026-07-21T13:20:41.411066,0.23843473754919847,0.22834459443109356,-14.31533029122997,47.768792477145645,-3.5746999598379494,20,0,0,0,0,SAFE
2026-07-21T13:20:41.520076,0.25585498382646893,0.20990332522519517,-15.041457710433775,49.055280026388736,-4.588826432963476,20,0,0,0,0,SAFE
2026-07-21T13:20:41.615985,0.2515436780877359,0.23101249502241397,-17.41137207865691,50.066263274713414,-5.7775566500948505,20,0,0,0,0,SAFE
2026-07-21T13:20:41.711342,0.3004702492851782,0.21988418907182386,-17.472401186754922,49.68059116118529,-6.027045892669848,20,0,0,0,0,SAFE
2026-07-21T13:20:41.804136,0.3142287719720248,0.24474678771949165,-18.939246945565714,50.3754605843042,-6.530071434260193,20,0,0,0,0,SAFE
2026-07-21T13:20:41.898743,0.2804654709214338,0.2306732930428637,-18.098738053343624,50.0141487631165,-5.765464386116541,20,0,0,0,0,SAFE
2026-07-21T13:20:41.991353,0.2764063604922493,0.20884107644557476,-16.620113394716213,49.7506644500015,-5.434839849826321,20,0,0,0,0,SAFE
2026-07-21T13:20:42.084434,0.28368968693691365,0.23807125993383604,-17.225534313598814,49.310912390998794,-4.992024831895468,20,0,0,0,0,SAFE
2026-07-21T13:20:42.182039,0.2804481448306483,0.24089678730297504,-17.020333561851544,51.80648159586409,-6.0331913909843,20,0,0,0,0,SAFE
2026-07-21T13:20:42.276880,0.2749399119205661,0.2038946632647975,-13.80923558103646,49.45979126827086,-4.103099245290846,20,0,0,0,0,SAFE
2026-07-21T13:20:42.373994,0.2266943317840392,0.20884107644557476,-14.313395615834622,48.660227799768904,-3.685169498037819,20,0,0,0,0,SAFE
2026-07-21T13:20:42.478046,0.24727110062152366,0.21699319534626466,-14.278044578301603,49.44545777755133,-3.7891704387880134,20,0,0,0,0,SAFE
2026-07-21T13:20:42.579167,0.2872762229675125,0.21298327548684426,-14.130198975939976,49.372830999619524,-3.4328120326013742,20,0,0,0,0,SAFE
2026-07-21T13:20:42.680559,0.28372794354913494,0.22397916286372446,-12.64261872726641,49.03697311610992,-2.9283158789391077,20,0,0,0,0,SAFE
2026-07-21T13:20:42.771515,0.30074695341052377,0.21485303285302043,-11.379186738892372,47.78329002261647,-2.514940984352145,20,0,0,0,0,SAFE
2026-07-21T13:20:42.870626,0.27153120076013404,0.2219688116906258,-10.661448501061756,48.198983487796305,-2.2086887734693645,20,0,0,0,0,SAFE
2026-07-21T13:20:42.974384,0.3173839476563505,0.2118567993035179,-10.361925331558865,46.83031230174561,-2.184676028290394,20,0,0,0,0,SAFE
2026-07-21T13:20:43.085000,0.2334527198112799,0.2245346307717373,2.724834274952258,34.89348607106123,5.691009232571901,20,0,0,0,1,DISTRACTED
2026-07-21T13:20:43.179398,0.2743646373030262,0.21683714770272464,-11.329839158292742,-24.736772554178177,-0.20406855314521888,20,0,0,0,0,SAFE
2026-07-21T13:20:43.285897,0.2450524105946918,0.22755321114123186,2.8209512739620664,-38.54198159150985,-8.9760695326286,20,0,0,0,0,SAFE
2026-07-21T13:20:43.392681,0.2849118534163129,0.23420677655004257,-16.260161027246397,-32.61449440156399,4.426440711962248,20,0,0,0,0,SAFE
2026-07-21T13:20:43.497573,0.36860500575536076,0.24088835224499072,6.294736500818942,-63.84204053195118,-16.3537287645496,20,0,0,0,0,SAFE
2026-07-21T13:20:43.586653,0.4263391788674886,0.2513964559570827,7.879595555489715,-66.89190572552849,-16.482647119283257,20,0,0,0,0,SAFE
2026-07-21T13:20:43.687534,0.5525920719089854,0.23375956582714721,6.738571735115755,-68.89883622462774,-16.600286497927584,20,0,0,0,0,SAFE
2026-07-21T13:20:43.783002,0.4577093164872278,0.26122699144273337,8.342064846810786,-69.40531538431688,-15.543055281236207,20,0,0,0,0,SAFE
2026-07-21T13:20:43.886196,0.4952388960069022,0.25008495196103064,6.827763553205955,-70.0131200492647,-15.827141609377378,20,0,0,0,0,SAFE
2026-07-21T13:20:43.986616,0.5046460427558612,0.21832187779978623,7.886290291265055,-69.57819580382225,-17.250121816672532,20,0,0,0,0,SAFE
2026-07-21T13:20:44.078223,0.4763694292479008,0.2403434684087336,7.17230102425799,-71.1000021236197,-16.42148456791847,20,0,0,0,0,SAFE
2026-07-21T13:20:44.177332,0.4944603121128971,0.2427210289708863,9.004564147532562,-71.77474836656205,-18.064427539532403,20,0,0,0,0,SAFE
2026-07-21T13:20:44.274172,0.4590573610511374,0.21545320693150527,11.18983768389674,-70.5180705946929,-21.018643458093692,20,0,0,0,0,SAFE
2026-07-21T13:20:44.374437,0.5170050688324891,0.23472175859661634,2.2736172906835463,-68.30175537572806,-14.36810717208607,20,0,0,0,0,SAFE
2026-07-21T13:20:44.471721,0.4378980023539808,0.22683733724631738,3.355762748458517,-68.45618780459772,-16.26899653648988,20,0,0,0,0,SAFE
2026-07-21T13:20:44.572407,0.4868165771225034,0.23390666431847024,0.7982161357165012,-68.99956919524871,-14.310111943165566,20,0,0,0,0,SAFE
2026-07-21T13:20:44.670513,0.4384190685110064,0.22683733724631738,-0.45895120412592405,-67.19259034937029,-13.430427211195706,20,0,0,0,0,SAFE
2026-07-21T13:20:44.767633,0.4334334649085128,0.23375956582714721,-20.932537971710417,-43.933266198519725,6.040907897418285,20,0,0,0,0,SAFE
2026-07-21T13:20:44.869185,0.4527929207098904,0.22572563052789058,0.7455849208246264,-67.47557669549656,-14.039643393453332,20,0,0,0,0,SAFE
2026-07-21T13:20:44.962796,0.46004619473023955,0.22615782425003672,-1.5549917698149045,-67.22284346126669,-11.876197631444796,20,0,0,0,0,SAFE
2026-07-21T13:20:45.060912,0.44639544660169883,0.2167205138648404,-22.39143662769351,-44.566225778338044,7.218180594472451,20,0,0,0,0,SAFE
2026-07-21T13:20:45.160925,0.37615228021410513,0.22536081778715367,-22.410778961624686,-44.13764054756996,7.323782474182268,20,0,0,0,0,SAFE
2026-07-21T13:20:45.257607,0.3806361663957728,0.2118567993035179,-22.34044835452235,-43.6974985840121,6.87127965199137,20,0,0,0,0,SAFE
2026-07-21T13:20:45.360398,0.4840270494440278,0.22683733724631738,-1.4746669889066766,-67.22532898563479,-12.042958633803408,20,0,0,0,0,SAFE
2026-07-21T13:20:45.463153,0.4316546743660448,0.21943211938604806,-22.55782554287981,-44.67104690939393,7.36394912231774,20,0,0,0,0,SAFE
2026-07-21T13:20:45.561902,0.4428744394476755,0.2128804249133696,-20.8768502025774,-45.36146450328439,7.063190421823551,20,0,0,0,0,SAFE
2026-07-21T13:20:45.657855,0.4487179487179487,0.22687758272789474,0.5802701321250936,-68.65553782231333,-12.465170049682513,20,0,0,0,0,SAFE
2026-07-21T13:20:45.753630,0.3929923216089506,0.22191546522986827,-22.0296893410615,-43.662430337475385,8.732627675243721,20,0,0,0,0,SAFE
2026-07-21T13:20:45.850891,0.4419255546628056,0.22881835806999595,-22.768871247059565,-42.346283296552876,8.295792708857835,20,0,0,0,0,SAFE
2026-07-21T13:20:45.949898,0.3965354028642238,0.21973452574089286,-22.845154932788375,-43.08007871077055,8.819401132839143,20,0,0,0,0,SAFE
2026-07-21T13:20:46.037485,0.4071172522060459,0.22188007849009164,-4.525348896931064,-65.72802653934632,-7.619707644343094,20,0,0,0,0,SAFE
2026-07-21T13:20:46.134992,0.43422694388315375,0.2204928870141955,-3.319106800855991,-66.4243950766183,-8.986102223539632,20,0,0,0,0,SAFE
2026-07-21T13:20:46.231350,0.4648093679715827,0.22773637692382878,-0.715751677507626,-66.38721179719062,-9.69163840280325,20,0,0,0,0,SAFE
2026-07-21T13:20:46.339706,0.420259670558198,0.2342606428329091,-20.52027179553653,-43.60624979595385,8.753776255457039,20,0,0,0,1,DISTRACTED
2026-07-21T13:20:46.445910,0.3604129850840414,0.2271684498057685,-19.02145598854264,-43.0159118006144,8.922653903016533,20,0,0,0,1,DISTRACTED
2026-07-21T13:20:46.537868,0.3612884572639846,0.2204928870141955,-17.810730957647223,-42.867692233984016,8.698768222739963,20,0,0,0,1,DISTRACTED
2026-07-21T13:20:46.643810,0.3782635907613072,0.22058823529411764,0.4267773853109986,-65.16242710149575,-8.008732963213134,20,0,0,0,1,DISTRACTED
2026-07-21T13:20:46.750925,0.32904127028110347,0.23493232574403436,0.19472947653250117,-65.04278020095336,-7.320418319357145,20,0,0,0,1,DISTRACTED
2026-07-21T13:20:46.858671,0.36099884218602873,0.23532721030233913,-2.1695968569629542,-63.54570665926289,-5.345843058842263,20,0,0,0,1,DISTRACTED
2026-07-21T13:20:46.959507,0.35309908480182584,0.23645350910231985,-18.287805286468796,-40.077610244588435,9.364275240609956,20,0,0,0,1,DISTRACTED
2026-07-21T13:20:47.063116,0.34684970624024036,0.22409499397212365,-17.808436360746015,-39.833906963066944,9.557663430819758,20,0,0,0,1,DISTRACTED
2026-07-21T13:20:47.157971,0.3685242828320481,0.23645640933717305,-18.48719108863378,-38.891873710091865,9.765179336163115,20,0,0,0,1,DISTRACTED
2026-07-21T13:20:47.260127,0.3432606231168589,0.22213653792282628,-18.282034132336605,-40.10933621635151,9.418570082711087,20,0,0,0,1,DISTRACTED
2026-07-21T13:20:47.360738,0.30674492703210654,0.23006760315738603,-17.215461136531587,-40.181569503857425,9.286320876765366,20,0,0,0,1,DISTRACTED
2026-07-21T13:20:47.457456,0.3149923689108037,0.2236842105263158,-17.65612073938857,-40.17979624883485,8.380143688470604,20,0,0,0,1,DISTRACTED
2026-07-21T13:20:47.554499,0.34127817800072213,0.22111277717085587,-16.494180565679954,-41.68814026597098,8.372869811241772,20,0,0,0,1,DISTRACTED
2026-07-21T13:20:47.657125,0.32813793184468837,0.23529411764705882,1.7723403091555099,-64.29216782271835,-8.504421784385642,20,0,0,0,1,DISTRACTED
2026-07-21T13:20:47.760872,0.36424372364138075,0.20833333333333334,1.8562182907561748,-63.970852493168245,-8.928258769471626,20,0,0,0,1,DISTRACTED
2026-07-21T13:20:47.859970,0.3380755802683262,0.21476137683389868,0.5505394143574733,-63.89194355016158,-7.320051361463356,20,0,0,0,1,DISTRACTED
2026-07-21T13:20:47.960388,0.3108955583681058,0.2361111111111111,0.10404326873634773,-63.565639592468976,-7.161523213496849,20,0,0,0,1,DISTRACTED
2026-07-21T13:20:48.063772,0.34485221023797846,0.24229228371543546,-0.8599123410121194,-63.29800810780738,-6.373411100779464,20,0,0,0,1,DISTRACTED
2026-07-21T13:20:48.161327,0.3385544317849525,0.21621621621621623,-18.81131151980597,-38.84153768773634,9.076799787706461,20,0,0,0,1,DISTRACTED
2026-07-21T13:20:48.258372,0.2864865968130344,0.24285714285714285,-17.5700833898035,-39.10206568019055,8.267388007571466,20,0,0,0,1,DISTRACTED
2026-07-21T13:20:48.354840,0.32120720679795994,0.2351924128151419,-16.21790527415871,-39.74010112927314,7.806079853387655,20,0,0,0,1,DISTRACTED
2026-07-21T13:20:48.451378,0.30160436190648926,0.2361111111111111,-16.755735035245237,-40.50913114302622,8.22424606303965,20,0,0,0,1,DISTRACTED
2026-07-21T13:20:48.542521,0.36111966357590064,0.227975188366293,1.1922502779188164,-63.608911523658186,-7.637458045355373,20,0,0,0,1,DISTRACTED
2026-07-21T13:20:48.632521,0.3321077777681544,0.2357490960034391,2.733920638359706,-63.052683394869575,-9.191187545432456,20,0,0,0,1,DISTRACTED
2026-07-21T13:20:48.742672,0.3432556087752897,0.2351924128151419,-16.33198200826766,-41.13041595765787,8.108212518884892,20,0,0,0,1,DISTRACTED
2026-07-21T13:20:48.841579,0.32562144100720924,0.22857142857142856,-17.553786915048164,-40.74971548335746,8.422452355805733,20,0,0,0,1,DISTRACTED
2026-07-21T13:20:48.934667,0.3378822892744087,0.22847819119101592,-17.696338648940184,-40.350651121206496,8.49341130116372,20,0,0,0,1,DISTRACTED
2026-07-21T13:20:49.032763,0.32539654257581035,0.2301516154308297,1.6624669094332774,-63.586219128578506,-8.396270336234409,20,0,0,0,1,DISTRACTED
2026-07-21T13:20:49.120750,0.312731467410781,0.23529411764705882,0.7039402356170115,-63.88634400142735,-7.817604245109834,20,0,0,0,1,DISTRACTED
2026-07-21T13:20:49.221413,0.32422884552179626,0.23602007154300292,-16.53223519970132,-40.20381233899177,8.713264792446791,20,0,0,0,1,DISTRACTED
2026-07-21T13:20:49.321887,0.3137845240669102,0.23645350910231985,1.8232710470605582,-63.41135285853311,-7.708378218033204,20,0,0,0,1,DISTRACTED
2026-07-21T13:20:49.414016,0.3569644088061953,0.2222222222222222,2.0343952527691727,-64.53052442224971,-8.104072033312576,20,0,0,0,1,DISTRACTED
2026-07-21T13:20:49.510610,0.3336901624817583,0.23654471585946388,1.673640268007432,-64.30611428026783,-8.234982992883204,20,0,0,0,1,DISTRACTED
2026-07-21T13:20:49.604129,0.34369862913824395,0.24231301312615308,-16.66076234728115,-41.512778623250476,8.980820972229179,20,0,0,0,1,DISTRACTED
2026-07-21T13:20:49.702870,0.33635136088711337,0.23654471585946388,2.1387684539047314,-64.2849797045385,-8.319049411232498,20,0,0,0,1,DISTRACTED
2026-07-21T13:20:49.804477,0.3088154054715995,0.24275807814045441,-16.985997396247654,-41.21035651543496,8.959263414408339,20,0,0,0,1,DISTRACTED
2026-07-21T13:20:49.900898,0.358992065700418,0.2301516154308297,0.20800086194248024,-63.8370593783456,-7.076879141585039,20,0,0,0,1,DISTRACTED
2026-07-21T13:20:49.997991,0.3247156324086302,0.21794871794871795,-0.284633858749487,-63.874126538218654,-6.937200801736964,20,0,0,0,1,DISTRACTED
2026-07-21T13:20:50.093756,0.3601523473338049,0.21613729078331967,1.6066018495577623,-64.06747091350557,-7.7841460413459345,20,0,0,0,1,DISTRACTED
2026-07-21T13:20:50.190726,0.3571495281451957,0.23578377027018985,-16.83091520948298,-40.89415039033985,8.713757901838992,20,0,0,0,1,DISTRACTED
2026-07-21T13:20:50.287372,0.3266677914802919,0.24292873300565015,-17.087328550952094,-41.47229374320363,8.679207099576182,20,0,0,0,1,DISTRACTED
2026-07-21T13:20:50.382451,0.3056000878634409,0.2351924128151419,-17.648711637733612,-41.99883700383421,9.018556429874781,20,0,0,0,1,DISTRACTED
2026-07-21T13:20:50.474035,0.31817139635430436,0.24275807814045441,-17.176394093326337,-40.4940629327835,8.610378031151656,20,0,0,0,1,DISTRACTED
2026-07-21T13:20:50.564125,0.321675950453009,0.24292873300565015,-18.179383238157612,-41.34346232774475,9.794115362628027,20,0,0,0,1,DISTRACTED
2026-07-21T13:20:50.662893,0.27881515622727293,0.23006760315738603,-17.288308552638682,-40.2123590647634,9.090094234036581,20,0,0,0,1,DISTRACTED
2026-07-21T13:20:50.768085,0.3024373696347284,0.20871527569122003,-17.056659271171696,-40.51450174502575,8.753438825678382,20,0,0,0,1,DISTRACTED
2026-07-21T13:20:50.862432,0.3209359570376295,0.22265582697057498,2.738391492981691,-63.57806173047376,-8.751468720715536,20,0,0,0,1,DISTRACTED
2026-07-21T13:20:50.960126,0.3462188989276992,0.2433031363125914,2.0289594403334092,-63.89158627286888,-7.704247163252148,20,0,0,0,1,DISTRACTED
2026-07-21T13:20:51.055908,0.2973138718576884,0.22857142857142856,-15.967811878969883,-39.778720139824465,8.2426592699078,20,0,0,0,1,DISTRACTED
2026-07-21T13:20:51.161400,0.34461801878096565,0.21655902248342854,2.197781205593884,-63.001739985726644,-8.82335872941141,20,0,0,0,1,DISTRACTED
2026-07-21T13:20:51.256917,0.3075067072344318,0.23654471585946388,-16.908489780223533,-39.43014136057111,8.904012516455266,20,0,0,0,1,DISTRACTED
2026-07-21T13:20:51.354047,0.3156970737495022,0.22409499397212365,-16.76985987472642,-37.98775576038242,8.102356393605586,20,0,0,0,1,DISTRACTED
2026-07-21T13:20:51.455680,0.26132076896159073,0.2278872858419663,-17.232853628089345,-38.859170287826686,9.091555415858318,20,0,0,0,1,DISTRACTED
2026-07-21T13:20:51.546449,0.25746207889174905,0.2125,-16.894598073154725,-37.76887576791406,8.188703637522988,20,0,0,0,1,DISTRACTED
2026-07-21T13:20:51.639916,0.3009630087051621,0.21621621621621623,-16.290141829239275,-38.7393187308506,7.888981400657442,20,0,0,0,1,DISTRACTED
2026-07-21T13:20:51.729746,0.30707823179878374,0.24355142022606588,3.750898628734973,-62.40270627304123,-9.464863799101465,20,0,0,0,1,DISTRACTED
2026-07-21T13:20:51.822455,0.3128095653660431,0.23107003162622486,2.586170828279876,-61.36094121475661,-8.371633848859176,20,0,0,0,1,DISTRACTED
2026-07-21T13:20:51.917652,0.29692190612003533,0.2301516154308297,1.9150602398016758,-61.36158951389321,-7.593863725712964,20,0,0,0,1,DISTRACTED
2026-07-21T13:20:52.014522,0.3141371376693012,0.22964587145727716,-15.610472941785218,-39.36642126045801,7.643123974614882,20,0,0,0,1,DISTRACTED
2026-07-21T13:20:52.116854,0.3034440756259616,0.22972972972972974,1.4924249193953472,-62.094107096423116,-8.380367232695136,20,0,0,0,1,DISTRACTED
2026-07-21T13:20:52.214565,0.29955255561111455,0.23676013879409538,1.2047720218589006,-61.39000883937159,-8.153092343254201,20,0,0,0,1,DISTRACTED
2026-07-21T13:20:52.309158,0.311812548815318,0.23676013879409538,-16.886286905675348,-37.26417250938009,7.985995819478674,20,0,0,0,1,DISTRACTED
2026-07-21T13:20:52.406723,0.2687386845877639,0.21794871794871795,-16.240889753070064,-36.66420944836145,7.315390124889904,20,0,0,0,1,DISTRACTED
2026-07-21T13:20:52.507632,0.29438413235395855,0.22213653792282628,-15.221680162312396,-37.55238336798586,7.422760321137851,20,0,0,0,1,DISTRACTED
2026-07-21T13:20:52.604270,0.27731141129433684,0.23602007154300292,-15.601198361659925,-36.88276156618248,7.2803523245657145,20,0,0,0,1,DISTRACTED
2026-07-21T13:20:52.706879,0.3003744546414362,0.23006760315738603,-15.415293022269424,-38.113927137868316,7.567357077468506,20,0,0,0,1,DISTRACTED
2026-07-21T13:20:52.807374,0.2601783762100636,0.2222222222222222,-16.128736816423668,-37.173255735782845,8.218866399913665,20,0,0,0,1,DISTRACTED
2026-07-21T13:20:52.906268,0.29322812644805646,0.22972972972972974,-16.141114202728886,-37.099251691557576,7.9559147279745,20,0,0,0,1,DISTRACTED
2026-07-21T13:20:53.009947,0.2819509461740883,0.24285714285714285,-16.306450642148775,-37.54474596568832,8.570709511605573,20,0,0,0,1,DISTRACTED
2026-07-21T13:20:53.108909,0.2761879020572372,0.23684210526315788,3.6134024847944204,-60.68610704189111,-8.37697163359988,20,0,0,0,1,DISTRACTED
2026-07-21T13:20:53.211419,0.28012765060609457,0.2351924128151419,-14.946183018786286,-38.32608082266805,8.39489203447709,20,0,0,0,1,DISTRACTED
2026-07-21T13:20:53.317392,0.28613721837541284,0.23714666768717257,-15.75396868471418,-38.11274111643552,7.992110448004243,20,0,0,0,1,DISTRACTED
2026-07-21T13:20:53.417999,0.27901006457792327,0.23602007154300292,-14.819277887554023,-38.29338471588825,7.744222052997792,20,0,0,0,1,DISTRACTED
2026-07-21T13:20:53.521474,0.26823377223148437,0.23645350910231985,-15.607531544365486,-37.40361990175761,7.787522581992377,20,0,0,0,1,DISTRACTED
2026-07-21T13:20:53.616568,0.3116059313992633,0.22213653792282628,-15.235604786258989,-37.7975569498258,7.670597060254976,20,0,0,0,1,DISTRACTED
2026-07-21T13:20:53.713213,0.27547045895535754,0.22964587145727716,-15.161560084955767,-36.49309783373657,7.5054151137432035,20,0,0,0,1,DISTRACTED
2026-07-21T13:20:53.813807,0.27712343347334717,0.24275807814045441,-15.235327538753864,-37.56695767951589,7.612849512736056,20,0,0,0,1,DISTRACTED
2026-07-21T13:20:53.908437,0.28860989325026937,0.23602007154300292,-14.623097402807304,-36.60347236043065,7.328717190981633,20,0,0,0,1,DISTRACTED
2026-07-21T13:20:54.005822,0.2772636390764269,0.2293948465637519,-14.982341495374698,-36.72744922977254,7.28735536845841,20,0,0,0,1,DISTRACTED
2026-07-21T13:20:54.103325,0.3090673974312287,0.23084263773979105,-13.877149056312447,-35.35637197840998,6.879072229785196,20,0,0,0,1,DISTRACTED
2026-07-21T13:20:54.197982,0.3046853537901099,0.21223487201154198,-14.605977125088145,-35.36719855548242,6.960131124372296,20,0,0,0,1,DISTRACTED
2026-07-21T13:20:54.291926,0.30790522048225455,0.24382992454708538,-14.690559032915928,-35.04254085130271,7.117614622531334,20,0,0,0,1,DISTRACTED
2026-07-21T13:20:54.391518,0.3073243965420037,0.2304651352177946,-13.515232864095736,-35.56182955108381,6.389655117982328,20,0,0,0,1,DISTRACTED
2026-07-21T13:20:54.490625,0.33660978830622185,0.23177022053491075,-12.824881826599295,-35.138649163125905,6.08931635529684,20,0,0,0,1,DISTRACTED
2026-07-21T13:20:54.586937,0.25616074560564417,0.2316384283197311,-12.720645086680207,-34.833260356955606,5.935601912284033,20,0,0,0,1,DISTRACTED
2026-07-21T13:20:54.690919,0.31041191799222706,0.24306399177793403,-12.57709333944652,-34.25611130419409,6.11495926067165,20,0,0,0,1,DISTRACTED
2026-07-21T13:20:54.784344,0.2949021982364708,0.2073170731707317,-13.446959670498984,-35.057482720379106,6.807741603838216,20,0,0,0,1,DISTRACTED
2026-07-21T13:20:54.886905,0.31329364982503227,0.23107003162622486,-13.00817591808837,-34.70158570922975,6.556049954808934,20,0,0,0,1,DISTRACTED
2026-07-21T13:20:54.992488,0.3083539852750835,0.2375502023180765,-12.882613400065168,-34.07786900612428,6.529642009749475,20,0,0,0,1,DISTRACTED
2026-07-21T13:20:55.091741,0.3038714995873909,0.22471927624751503,-13.245821030600638,-35.53993970277104,6.137591184869936,20,0,0,0,1,DISTRACTED
2026-07-21T13:20:55.197861,0.2847352833493299,0.23720368048348808,-12.672775965580172,-34.6619340101376,6.1928060906538684,20,0,0,0,1,DISTRACTED
2026-07-21T13:20:55.303412,0.3005045740782593,0.2316384283197311,-13.019801113685219,-35.04415035992412,6.576013356974778,20,0,0,0,1,DISTRACTED
2026-07-21T13:20:55.400658,0.2960223618201964,0.23143213013869557,-12.61126693692546,-35.164254749715035,6.159808987121449,20,0,0,0,1,DISTRACTED
2026-07-21T13:20:55.503278,0.3033537634193213,0.23143213013869557,-13.290237918011456,-35.35071715846912,6.290298063794964,20,0,0,0,1,DISTRACTED
2026-07-21T13:20:55.605884,0.29723735760042924,0.23668831140272167,-13.093442236843345,-34.535578073651365,6.775944621477302,20,0,0,0,1,DISTRACTED
2026-07-21T13:20:55.712393,0.27718927590424386,0.21925149171034317,-13.108233478069195,-35.08514049916908,6.508185732009215,20,0,0,0,1,DISTRACTED
2026-07-21T13:20:55.815936,0.2843066534909996,0.23813845928188856,-13.313117229782591,-33.75833360740048,6.277333170793541,20,0,0,0,1,DISTRACTED
2026-07-21T13:20:55.917039,0.3220049020298713,0.22626451878199838,-12.419823212665051,-33.65542684005912,6.289033014137828,20,0,0,0,1,DISTRACTED
2026-07-21T13:20:56.011881,0.29672354361407294,0.23668831140272167,-13.453608913256971,-34.92349436532905,7.233111573743423,20,0,0,0,1,DISTRACTED
2026-07-21T13:20:56.114380,0.2990056880284638,0.23177022053491075,-12.68075056432977,-35.26322321511702,6.7873819990623,20,0,0,0,1,DISTRACTED
2026-07-21T13:20:56.216134,0.310702867308064,0.21925149171034317,-13.808366491888023,-35.367545952113694,7.661543930357756,20,0,0,0,1,DISTRACTED
2026-07-21T13:20:56.314381,0.31192113162922286,0.23681560617029723,-13.491188076185068,-35.35067740170158,6.685078943882039,20,0,0,0,1,DISTRACTED
2026-07-21T13:20:56.413487,0.3036226411115426,0.23681560617029723,-13.221664034074166,-35.20051575586744,6.7057767169494795,20,0,0,0,1,DISTRACTED
2026-07-21T13:20:56.511507,0.29723735760042924,0.23069340713295722,-12.446740446473285,-35.74770500802912,6.455411428068679,20,0,0,0,1,DISTRACTED
2026-07-21T13:20:56.614113,0.30537084508008205,0.225,-12.677685734114363,-34.52376598895745,6.769247937424437,20,0,0,0,1,DISTRACTED
2026-07-21T13:20:56.707207,0.28054637496941837,0.23170731707317074,4.368920505439405,-57.38395484554748,-7.842994201834699,20,0,0,0,1,DISTRACTED
2026-07-21T13:20:56.795995,0.28248925587111184,0.2319590352943743,-13.245560228266157,-35.26367718139499,6.7600392907392335,20,0,0,0,1,DISTRACTED
2026-07-21T13:20:56.894603,0.2928814641992507,0.2316384283197311,-12.732315128002938,-34.6741792429184,6.7041606891279,20,0,0,0,1,DISTRACTED
2026-07-21T13:20:56.987862,0.28735142338358693,0.22087051361325663,-12.857564578715909,-34.218343769395474,6.727711277339203,20,0,0,0,1,DISTRACTED
2026-07-21T13:20:57.084398,0.2695592779575706,0.22645672993271512,-12.576475478732277,-35.46865857876597,6.382524414537195,20,0,0,0,1,DISTRACTED
2026-07-21T13:20:57.183222,0.30171956985849213,0.23742581602192916,-13.013732018894075,-35.13313548079222,6.702698787708815,20,0,0,0,1,DISTRACTED
2026-07-21T13:20:57.274810,0.26961376171160906,0.2316384283197311,-12.9969916829169,-35.52504282100215,6.497502259122819,20,0,0,0,1,DISTRACTED
2026-07-21T13:20:57.378434,0.2682073785794263,0.24917412704246236,-12.777348518476742,-34.85241603287206,6.898247337268926,20,0,0,0,1,DISTRACTED
2026-07-21T13:20:57.480364,0.32390604885221796,0.24881839297281758,-13.323834491241143,-36.08243532305904,6.897266934314766,20,0,0,0,1,DISTRACTED
2026-07-21T13:20:57.583886,0.30117922526611685,0.2316384283197311,-13.626475045351242,-35.623251471060485,7.440261931378468,20,0,0,0,1,DISTRACTED
2026-07-21T13:20:57.689510,0.30790522048225455,0.2261904761904762,-13.35766168898627,-35.23396894798994,7.2251863245043655,20,0,0,0,1,DISTRACTED
2026-07-21T13:20:57.790637,0.31182516776048097,0.21428571428571427,-13.51514715058454,-34.72649483949844,7.422259792710392,20,0,0,0,1,DISTRACTED
2026-07-21T13:20:57.888559,0.311912997927099,0.23170731707317074,4.024351669100781,-57.33779278981924,-7.401811798616535,20,0,0,0,1,DISTRACTED
2026-07-21T13:20:57.981143,0.3070030154153531,0.23177022053491075,-13.295589638163051,-35.32556051649946,7.525567513203345,20,0,0,0,1,DISTRACTED
2026-07-21T13:20:58.083348,0.287598699790441,0.23170731707317074,-13.187309955332779,-35.67260077148684,7.262589873287574,20,0,0,0,1,DISTRACTED
2026-07-21T13:20:58.189881,0.29360129514292665,0.21422500151660062,-13.18022469222251,-35.12759610641544,7.1086693146916495,20,0,0,0,1,DISTRACTED
2026-07-21T13:20:58.298452,0.30232317186574353,0.2429574961866436,-12.98969322249593,-34.46498042819147,7.102203870129571,20,0,0,0,1,DISTRACTED
2026-07-21T13:20:58.394047,0.2714793378330609,0.23280098076697395,-13.91950553336585,-34.76282429573106,7.3953904136752895,20,0,0,0,1,DISTRACTED
2026-07-21T13:20:58.489652,0.2788739080446553,0.23731041234379235,-12.968121195673803,-35.29625329454809,7.043301800757969,20,0,0,0,1,DISTRACTED
2026-07-21T13:20:58.585904,0.3013772999437333,0.2261263904897451,4.947723017963483,-56.764178506657586,-7.930612634826474,20,0,0,0,1,DISTRACTED
2026-07-21T13:20:58.678625,0.3025922957239662,0.2261263904897451,-12.89169997487258,-33.93517375150998,6.863898482151548,20,0,0,0,1,DISTRACTED
2026-07-21T13:20:58.773821,0.31306859770122847,0.2316384283197311,-13.090829097319414,-34.482645911758794,6.906120769788603,20,0,0,0,1,DISTRACTED
2026-07-21T13:20:58.865916,0.3025808533879236,0.21223487201154198,-12.614650565591461,-35.40357912191084,6.792256829361368,20,0,0,0,1,DISTRACTED
2026-07-21T13:20:58.963588,0.3122168472036896,0.22471927624751503,-12.625655585784699,-35.28019863103183,6.905426181482516,20,0,0,0,1,DISTRACTED
2026-07-21T13:20:59.054935,0.2928762506788161,0.23813845928188856,-12.304818830380242,-35.012774343050175,6.37807903143795,20,0,0,0,1,DISTRACTED
2026-07-21T13:20:59.146124,0.3023097470795155,0.2326124524752062,-11.916037905522415,-33.99451177285441,6.438182075144106,20,0,0,0,1,DISTRACTED
2026-07-21T13:20:59.253142,0.2699670678827777,0.2259344597233847,-13.727625323957113,-35.0141845568656,7.137060687016315,20,0,0,0,1,DISTRACTED
2026-07-21T13:20:59.354456,0.28188413235395854,0.23802777946288955,-13.358480134141786,-34.208794711623405,7.004033589730609,20,0,0,0,1,DISTRACTED
2026-07-21T13:20:59.454975,0.2869862818491285,0.23809523809523808,-13.993477184461,-34.10118573153862,7.285220633141276,20,0,0,0,1,DISTRACTED
2026-07-21T13:20:59.550406,0.2522839661328152,0.23742581602192916,-13.356764524316759,-35.415008805961925,6.880539033572762,20,0,0,0,1,DISTRACTED
2026-07-21T13:20:59.647505,0.2629784067765549,0.23249527748763854,-13.032689162354586,-33.09937751806019,6.728155772899743,20,0,0,0,1,DISTRACTED
2026-07-21T13:20:59.741109,0.24506313132499552,0.22093023255813954,3.6322061815643565,-56.04746552353237,-7.091876196543069,20,0,0,0,1,DISTRACTED
2026-07-21T13:20:59.844074,0.26739060993132413,0.22087051361325663,-14.5150930009423,-33.08890422335539,7.449873180159027,20,0,0,0,1,DISTRACTED
2026-07-21T13:20:59.945933,0.2941210901981423,0.22727272727272727,3.0935417066162074,-56.813096367183675,-7.032612149433362,20,0,0,0,1,DISTRACTED
2026-07-21T13:21:00.047903,0.2831772968898682,0.22093023255813954,-14.160571268799742,-34.70011764271382,7.135907727850269,20,0,0,0,1,DISTRACTED
2026-07-21T13:21:00.144980,0.26166702210215237,0.2326124524752062,-13.339759752084404,-34.029383339450625,6.631688591807109,20,0,0,0,1,DISTRACTED
2026-07-21T13:21:00.246988,0.2817373070656527,0.22093023255813954,-13.921773028158839,-34.11626543338609,7.086236404884038,20,0,0,0,1,DISTRACTED
2026-07-21T13:21:00.348587,0.28950641466320715,0.23112159002825114,-13.395274509048534,-33.49133470960876,6.985404080004989,20,0,0,0,1,DISTRACTED
2026-07-21T13:21:00.446960,0.2609039737323193,0.2261904761904762,-14.510634289662221,-33.01881000488572,7.469687290123593,20,0,0,0,1,DISTRACTED
2026-07-21T13:21:00.539997,0.275052558817805,0.21422500151660062,-13.875414969213693,-34.627302016808976,7.13717936699078,20,0,0,0,1,DISTRACTED
2026-07-21T13:21:00.644467,0.27034233245138456,0.23138644665646918,-12.567425678119633,-33.695213893517504,6.4507429944922405,20,0,0,0,1,DISTRACTED
2026-07-21T13:21:00.743298,0.27034233245138456,0.21428571428571427,-13.301790652180017,-33.16622156151773,6.826933807729288,20,0,0,0,1,DISTRACTED
2026-07-21T13:21:00.839468,0.2557779667637611,0.2316384283197311,-12.887514131263316,-33.57417016920898,6.631678445436935,20,0,0,0,1,DISTRACTED
2026-07-21T13:21:00.941489,0.30116477488720383,0.2261263904897451,-12.58887081877262,-33.14809496431504,6.6918548854428535,20,0,0,0,1,DISTRACTED
2026-07-21T13:21:01.052129,0.2699804894354321,0.21944693209237684,4.606709510112751,-55.883965262626006,-7.464632004659137,20,0,0,0,1,DISTRACTED
2026-07-21T13:21:01.151737,0.2620534533197946,0.23802777946288955,-12.853654304461571,-33.438213255177835,6.7999481476792685,20,0,0,0,1,DISTRACTED
2026-07-21T13:21:01.245881,0.29385888683436895,0.2432704740395318,-11.580865126276592,-33.7413203389494,5.468638320768311,20,0,0,0,1,DISTRACTED
2026-07-21T13:21:01.344441,0.27856717716382834,0.22087051361325663,-11.91465237794418,-33.33601414781309,6.39102693565183,20,0,0,0,1,DISTRACTED
2026-07-21T13:21:01.438385,0.2845862867388451,0.23197682008911225,-13.286739989857836,-34.09298626147736,6.276875310782181,20,0,0,0,1,DISTRACTED
2026-07-21T13:21:01.541012,0.32757286125596224,0.23197682008911225,-12.6808074695262,-33.9071183849673,6.995886132941699,20,0,0,0,1,DISTRACTED
2026-07-21T13:21:01.643183,0.29163538565899905,0.23280098076697395,-12.987393074801531,-34.34989642956786,7.028531921336175,20,0,0,0,1,DISTRACTED
2026-07-21T13:21:01.740292,0.29264389105413613,0.23802777946288955,-13.870150544640921,-33.74632698810998,7.069142895698493,20,0,0,0,1,DISTRACTED
2026-07-21T13:21:01.839985,0.295915668780413,0.22087051361325663,-12.503377840046198,-32.39779837508571,6.311154932143383,20,0,0,0,1,DISTRACTED
2026-07-21T13:21:01.936598,0.3114552293943289,0.2261263904897451,-12.591517541772191,-32.67184727409275,6.715829226518105,20,0,0,0,1,DISTRACTED
2026-07-21T13:21:02.025879,0.3161578474228386,0.2386738405513498,-12.857178198128253,-31.950769128730194,6.5373585150134215,20,0,0,0,1,DISTRACTED
2026-07-21T13:21:02.129780,0.2722709833764031,0.23191981065969708,-12.85437620197547,-33.01286572633967,6.420721870694304,20,0,0,0,1,DISTRACTED
2026-07-21T13:21:02.232495,0.26862259045243986,0.22751281263904768,-13.07374521519273,-32.30977773189326,6.843169527038341,20,0,0,0,1,DISTRACTED
2026-07-21T13:21:02.333123,0.3073243965420037,0.22645672993271512,-13.134024469828205,-33.629005552714005,6.9090626708932685,20,0,0,0,1,DISTRACTED
2026-07-21T13:21:02.434413,0.27730356345349483,0.22721405353294152,-13.016138221098856,-32.50442420741686,6.774771519791948,20,0,0,0,1,DISTRACTED
2026-07-21T13:21:02.540622,0.307679672653034,0.21585335085629445,-13.1864065022734,-32.52244748382686,6.682919847739043,20,0,0,0,1,DISTRACTED
2026-07-21T13:21:02.654543,0.3043000364951052,0.2261904761904762,-13.581993038464134,-32.52803005530883,7.044627662992998,20,0,0,0,1,DISTRACTED
2026-07-21T13:21:02.752642,0.29837447411536977,0.24356435361382367,-13.468278031175146,-32.056169588392365,7.089201903386971,20,0,0,0,1,DISTRACTED
2026-07-21T13:21:02.852212,0.2689316840696264,0.23249527748763854,-15.093887322828067,-33.35510330377186,7.922389117358954,20,0,0,0,1,DISTRACTED
2026-07-21T13:21:02.952963,0.29307317483850337,0.22093023255813954,-14.847384250718079,-32.95371914252652,7.510153882712781,20,0,0,0,1,DISTRACTED
2026-07-21T13:21:03.049608,0.28729117297408,0.23863636363636365,-13.99728514195607,-33.11191269589236,7.5466877210530106,20,0,0,0,1,DISTRACTED
2026-07-21T13:21:03.150708,0.28118376646274834,0.23809523809523808,-13.051753125652255,-33.58284625129624,6.928138301841308,20,0,0,0,1,DISTRACTED
2026-07-21T13:21:03.253797,0.2961009924646034,0.23255813953488372,-13.003059897988578,-33.30183488269522,6.933761756376135,20,0,0,0,1,DISTRACTED
2026-07-21T13:21:03.346203,0.2924217649386961,0.23761611562312773,-11.713356898201283,-32.61023372689656,6.145308033826673,20,0,0,0,1,DISTRACTED
2026-07-21T13:21:03.448946,0.2655274182001449,0.23280098076697395,-12.906282385870952,-31.814556677135116,6.713662302985603,20,0,0,0,1,DISTRACTED
2026-07-21T13:21:03.550552,0.28772258444315646,0.23863636363636365,4.099722425692477,-54.13694554294828,-6.915393075220891,20,0,0,0,1,DISTRACTED
2026-07-21T13:21:03.664799,0.2842081265096469,0.22757156352773233,-12.196263866963534,-31.594419054963414,6.660192746711624,20,0,0,0,1,DISTRACTED
2026-07-21T13:21:03.759496,0.28867147693404377,0.22751281263904768,-12.782985941500982,-32.78874581812634,6.744124401370392,20,0,0,0,1,DISTRACTED
2026-07-21T13:21:03.861189,0.27963651919591836,0.2323069967623409,5.578815622581487,-54.35692057788381,-7.580184027132162,20,0,0,0,1,DISTRACTED
2026-07-21T13:21:03.976002,0.28194294283065097,0.23761611562312773,-11.904889566385407,-32.04072758426246,6.231349090312199,20,0,0,0,1,DISTRACTED
2026-07-21T13:21:04.073055,0.2543923818726588,0.22721405353294152,-13.064537515823389,-32.0252664570347,6.838564555690887,20,0,0,0,1,DISTRACTED
2026-07-21T13:21:04.173779,0.2782472133108627,0.23249527748763854,-12.135001209233593,-32.73449157048296,6.395793541262974,20,0,0,0,1,DISTRACTED
2026-07-21T13:21:04.270906,0.2682073785794263,0.2316384283197311,-12.17722661418,-33.282107598349675,6.745395194579301,20,0,0,0,1,DISTRACTED
2026-07-21T13:21:04.366028,0.30663507300328824,0.23280098076697395,-12.43049732293909,-32.745566984197445,6.86783689052876,20,0,0,0,1,DISTRACTED
2026-07-21T13:21:04.459952,0.2774741489901226,0.21944693209237684,-12.537512132123851,-34.25965229475946,6.699532051775057,20,0,0,0,1,DISTRACTED
2026-07-21T13:21:04.554176,0.31359606501644477,0.2261263904897451,-12.749147662214966,-33.56439186155378,7.257864761998342,20,0,0,0,1,DISTRACTED
2026-07-21T13:21:04.661559,0.31359606501644477,0.24260186828791772,-13.38143905105855,-34.842831722121055,7.3277686854383255,20,0,0,0,1,DISTRACTED
2026-07-21T13:21:04.761572,0.3078720188490368,0.22643936834263328,-14.476167731346209,-35.08043294154783,8.58763767746563,20,0,0,0,1,DISTRACTED
2026-07-21T13:21:04.857603,0.33413920199085695,0.23170731707317074,-15.455089623965705,-35.01353246062779,9.18591872478341,20,0,0,0,1,DISTRACTED
2026-07-21T13:21:04.961842,0.356344199471078,0.24358974358974358,-15.792776404201305,-35.40829858907288,9.358159926981626,20,0,0,0,1,DISTRACTED
2026-07-21T13:21:05.065947,0.3377921884663968,0.23840830464810056,-15.07428457185543,-34.966209195055754,8.979392094207201,20,0,0,0,1,DISTRACTED
2026-07-21T13:21:05.167705,0.35297317853116517,0.2367587019801597,-15.224062177520352,-35.406984407381835,9.159485836350859,20,0,0,0,1,DISTRACTED
2026-07-21T13:21:05.268973,0.36485943833411894,0.23204580947951153,-15.579145812360139,-35.61239536609445,9.5316248866364,20,0,0,0,1,DISTRACTED
2026-07-21T13:21:05.371101,0.34738907720253254,0.2426776695296637,-14.687142827995643,-36.15543376806956,9.244688689279915,20,0,0,0,1,DISTRACTED
2026-07-21T13:21:05.477425,0.3128490413578542,0.225,-14.943399733418914,-35.72680320515463,9.151712818980217,20,0,0,0,1,DISTRACTED
2026-07-21T13:21:05.580637,0.3596439791633168,0.2375,-15.110471756586321,-36.01109821662277,9.36760787715526,20,0,0,0,1,DISTRACTED
2026-07-21T13:21:05.683384,0.35786459462695075,0.2375,-15.185993018217886,-35.777253808927476,9.472322382928867,20,0,0,0,1,DISTRACTED
2026-07-21T13:21:05.776960,0.3568177716010286,0.225,-15.426167476229352,-35.973395142546494,9.653399865939603,20,0,0,0,1,DISTRACTED
2026-07-21T13:21:05.881582,0.34384494408680844,0.22527656678577504,-15.681194254515304,-36.001113154168955,9.75490014241158,20,0,0,0,1,DISTRACTED
2026-07-21T13:21:05.979596,0.34845630483571166,0.24415053152172858,-15.303896738733641,-35.54110742953038,9.659502655254336,20,0,0,0,1,DISTRACTED
2026-07-21T13:21:06.070942,0.3267733128704763,0.23777266236587657,-15.54615054001755,-35.660091870494334,9.54291656499252,20,0,0,0,1,DISTRACTED
2026-07-21T13:21:06.167934,0.3417583212826047,0.2252969352791958,-15.452382209586517,-36.21316166991799,9.52526572402633,20,0,0,0,1,DISTRACTED
2026-07-21T13:21:06.273271,0.3829651141280027,0.21951219512195122,-15.698872867391827,-36.285935005745046,9.192343670113216,20,0,0,0,1,DISTRACTED
2026-07-21T13:21:06.374112,0.352498070819338,0.225,-15.650774334153766,-36.28919951841406,9.286795093077117,20,0,0,0,1,DISTRACTED
2026-07-21T13:21:06.480079,0.35754807115306164,0.23742581602192916,-15.84666609846991,-36.04082517394484,8.9633373770452,20,0,0,0,1,DISTRACTED
2026-07-21T13:21:06.580238,0.3239039368899802,0.21985068752829204,-15.999785960425726,-34.976955307785595,8.782164362390137,20,0,0,0,1,DISTRACTED
2026-07-21T13:21:06.678862,0.33186889134964026,0.23170731707317074,-15.629829327646945,-34.867473753915284,8.457921610326943,20,0,0,0,1,DISTRACTED
2026-07-21T13:21:06.793254,0.322305862966894,0.2261263904897451,1.8299212601888541,-58.02964117920093,-6.125481689580994,20,0,0,0,1,DISTRACTED
2026-07-21T13:21:06.911847,0.32419142658482036,0.22093023255813954,-15.328340693134237,-34.44278446277746,8.263895907403358,20,0,0,0,1,DISTRACTED
2026-07-21T13:21:07.008905,0.32429702453822823,0.225,-15.984880204178637,-35.062598153342634,8.379544775832473,20,0,0,0,1,DISTRACTED
2026-07-21T13:21:07.106813,0.29206741189646623,0.2261263904897451,-16.117488887505658,-34.260682903515324,8.219569310504784,20,0,0,0,1,DISTRACTED
2026-07-21T13:21:07.209455,0.32212460426808487,0.23249527748763854,-16.152073279404846,-34.09839194019946,8.708658510077354,20,0,0,0,1,DISTRACTED
2026-07-21T13:21:07.307068,0.325150097388774,0.2261263904897451,-15.465811950834734,-34.373887735241674,8.155528877293271,20,0,0,0,1,DISTRACTED
2026-07-21T13:21:07.404420,0.2807021000147463,0.2261904761904762,-14.390202509739566,-33.997301202121676,7.816570810151602,20,0,0,0,1,DISTRACTED
2026-07-21T13:21:07.505025,0.27741801933546817,0.23170731707317074,-14.601314709467488,-35.14739696249623,7.8708887124194185,20,0,0,0,1,DISTRACTED
2026-07-21T13:21:07.602921,0.28061337739786274,0.2375,-13.792211664895973,-36.577969846042656,8.427756125905203,20,0,0,0,1,DISTRACTED
2026-07-21T13:21:07.698199,0.29756935709995047,0.2375,-15.37875918371492,-36.25315352753647,9.364894629008157,20,0,0,0,1,DISTRACTED
2026-07-21T13:21:07.807468,0.3336589916957069,0.23170731707317074,-14.900626370147137,-37.18631656693171,8.728825536021722,20,0,0,0,1,DISTRACTED
2026-07-21T13:21:07.905923,0.3716876549602537,0.23076923076923078,-14.11599345168733,-36.547556565496315,8.86023800180754,20,0,0,0,1,DISTRACTED
2026-07-21T13:21:07.997182,0.3460734164934395,0.22492972044182763,-14.195707768042752,-37.04593839719698,8.749613610526954,20,0,0,0,1,DISTRACTED
2026-07-21T13:21:08.094105,0.34522183437655873,0.225,-15.066984636504657,-36.919171763647675,9.417860757170793,20,0,0,0,1,DISTRACTED
2026-07-21T13:21:08.201726,0.3379815254669112,0.24229228371543546,-15.526933012771508,-37.833340325183904,9.596741938840735,20,0,0,0,1,DISTRACTED
2026-07-21T13:21:08.302916,0.3714820103462515,0.21832546622982568,-15.408381775083086,-37.763840658041644,9.383635838102618,20,0,0,0,1,DISTRACTED
2026-07-21T13:21:08.401371,0.36240665375503367,0.2236842105263158,-15.415869319872428,-37.628362308053276,9.72311397321064,20,0,0,0,1,DISTRACTED
2026-07-21T13:21:08.500456,0.3723435735928063,0.23784695471649933,-15.892550026895435,-37.18067223127938,9.568057144680688,20,0,0,0,1,DISTRACTED
2026-07-21T13:21:08.598571,0.3771443640122386,0.22972972972972974,-15.477881050923997,-37.56268685667148,9.49966893636456,20,0,0,0,1,DISTRACTED
2026-07-21T13:21:08.697679,0.4076027605520286,0.21655902248342854,-15.391314452614438,-37.49270927815575,9.737304865039897,20,0,0,0,1,DISTRACTED
2026-07-21T13:21:08.790929,0.3436823259329983,0.2252969352791958,-15.20640793694534,-37.50856574128921,9.538996467438409,20,0,0,0,1,DISTRACTED
2026-07-21T13:21:08.907732,0.36413163760039935,0.22508614751876646,-16.588197011832193,-37.02429154633248,9.951971132228367,20,0,0,0,1,DISTRACTED
2026-07-21T13:21:09.005621,0.34936829289323373,0.23676013879409538,-15.53501144923436,-37.08899105500215,9.668440897047818,20,0,0,0,1,DISTRACTED
2026-07-21T13:21:09.100714,0.3471698688714174,0.24394559458102494,-15.502238888548646,-37.465874650506464,9.75793975278292,20,0,0,0,1,DISTRACTED
2026-07-21T13:21:09.196353,0.3401312352652383,0.23784695471649933,-15.435576759267263,-37.06615362711297,9.626780888263514,20,0,0,0,1,DISTRACTED
2026-07-21T13:21:09.291463,0.342585707780944,0.23784695471649933,-15.50592421500744,-36.47060713084222,9.569908837821492,20,0,0,0,1,DISTRACTED
2026-07-21T13:21:09.383622,0.3351784904002005,0.225,-15.235223589898368,-36.64801756251318,9.84014463489344,20,0,0,0,1,DISTRACTED
2026-07-21T13:21:09.477238,0.348364874048648,0.2240708732358737,-14.955039200386551,-36.94238590519529,9.533937414797533,20,0,0,0,1,DISTRACTED
2026-07-21T13:21:09.572331,0.3296699259548658,0.22536732957408004,-15.119636671537734,-36.549937056437315,9.462187698943225,20,0,0,0,1,DISTRACTED
2026-07-21T13:21:09.673501,0.35356312585540506,0.2236842105263158,-15.085665838253078,-37.15053325077271,10.070549251257967,20,0,0,0,1,DISTRACTED
2026-07-21T13:21:09.776584,0.35088779159772737,0.2240708732358737,-15.295144396198793,-37.07490152100632,9.987969675487488,20,0,0,0,1,DISTRACTED
2026-07-21T13:21:09.874241,0.3715790217696233,0.23170731707317074,-14.778277844299112,-37.35294981879948,9.164112578996615,20,0,0,0,1,DISTRACTED
2026-07-21T13:21:09.989844,0.3965585471394385,0.2298904858002032,2.7334692865100294,-63.14870522926353,-8.913084329141185,20,0,0,0,1,DISTRACTED
2026-07-21T13:21:10.086002,0.45244835575818293,0.23512661414360964,1.525622307026623,-66.57284166036881,-11.286730679084798,20,0,0,0,1,DISTRACTED
2026-07-21T13:21:10.178930,0.45549968551785497,0.22538239113719757,4.695138388893895,-70.03918835129049,-14.71329001984094,20,0,0,0,1,DISTRACTED
2026-07-21T13:21:10.271512,0.6499704731725796,0.24874827683153033,1.2115939271613172,-72.96802146659559,-13.448920424020173,20,0,0,0,1,DISTRACTED
2026-07-21T13:21:10.374896,0.5061137632426413,0.2734911809419416,5.672751707586059,-72.08876438266414,-16.999811899520296,20,0,0,0,1,DISTRACTED
2026-07-21T13:21:10.464483,0.6781990577732063,0.23273723541973923,6.604029758795377,-75.76864654949324,-19.535519499683488,20,0,0,0,1,DISTRACTED
2026-07-21T13:21:10.569121,0.8076858703718036,0.22932163917736914,8.3632796745691,-76.13976941008102,-21.20218709731506,20,0,0,0,1,DISTRACTED
2026-07-21T13:21:10.664032,0.7069124491675081,0.23180595961676556,11.293406956876396,-76.07843898773105,-22.9869343125101,20,0,0,0,1,DISTRACTED
2026-07-21T13:21:10.758950,0.8341150342426463,0.24872747634500744,11.078023818287335,-76.16633322739672,-25.006184652814255,20,0,0,0,1,DISTRACTED
2026-07-21T13:21:10.858641,0.7639336753314765,0.23273580120572934,11.914382804485058,-75.75315474209302,-25.805551685767597,20,0,0,0,1,DISTRACTED
2026-07-21T13:21:10.964176,0.8622923327401606,0.2138585417891184,11.497968325643882,-75.41407720088192,-25.24538817010216,20,0,0,0,1,DISTRACTED
2026-07-21T13:21:11.079960,0.9671638555827057,0.24111191843798455,8.579997885621538,-74.70461654701477,-23.819886703833504,20,0,0,0,1,DISTRACTED
2026-07-21T13:21:11.184982,1.0618750716762195,0.21832187779978623,9.271499664094563,-74.57749141148078,-23.41606746626374,20,0,0,0,1,DISTRACTED
2026-07-21T13:21:11.279868,0.7881859028927234,0.23130176301930014,14.91484282856274,-73.67663963576776,-29.041068704517045,20,0,0,0,1,DISTRACTED
2026-07-21T13:21:11.380890,0.6495316608958939,0.24879554907550325,11.492147442097746,-73.0263221510683,-24.575777890063733,20,0,0,0,1,DISTRACTED
2026-07-21T13:21:11.478490,0.8022265000104079,0.23249527748763857,13.355842064371103,-73.98675379991548,-27.621624879653695,20,0,0,0,1,DISTRACTED
2026-07-21T13:21:11.574472,0.8672706111612554,0.2404683488772662,11.225246212555732,-74.33007121789409,-25.42451689507476,20,0,0,0,1,DISTRACTED
2026-07-21T13:21:11.671784,0.7044785653899066,0.223606797749979,11.245532408108573,-74.21434292521894,-28.13703050862648,20,0,0,0,1,DISTRACTED
2026-07-21T13:21:11.766541,0.9103581194799977,0.22526112460303874,12.947052192052013,-74.46288352914604,-28.627469095644273,20,0,0,0,1,DISTRACTED
2026-07-21T13:21:11.864223,0.6497310571808764,0.2266841002216577,11.431073830681015,-75.07730820848735,-25.62211677444111,20,0,0,0,1,DISTRACTED
2026-07-21T13:21:11.962727,0.8071005173284529,0.22207172149305077,12.843926751883373,-75.14490575658377,-28.366644620092586,20,0,0,0,1,DISTRACTED
2026-07-21T13:21:12.067463,0.6616517109538046,0.21597764111920156,8.056828517993267,-75.73483461833669,-23.553239939902,20,0,0,0,1,DISTRACTED
2026-07-21T13:21:12.176591,0.8222561099843126,0.22347765722650156,12.144978930257594,-75.00190495610025,-26.689034638165282,20,0,0,0,1,DISTRACTED
2026-07-21T13:21:12.270713,0.7931474567430766,0.20884107644557476,7.774219959337387,-74.61989678835896,-23.21765114248302,20,0,0,0,1,DISTRACTED
2026-07-21T13:21:12.366311,0.6919087606403321,0.2162331074483201,9.093515414931659,-74.05523306994381,-24.03721069256548,20,0,0,0,1,DISTRACTED
2026-07-21T13:21:12.460911,0.6778633837768988,0.2298800390508541,5.62135342141363,-74.68392602759381,-20.312621011682353,20,0,0,0,1,DISTRACTED
2026-07-21T13:21:12.563451,0.5508542037677728,0.23784485931955193,10.164481139964778,-75.75175321071455,-23.447851018909546,20,0,0,0,1,DISTRACTED
2026-07-21T13:21:12.654119,0.6274833548318554,0.23267300617885583,7.733652753088876,-74.39059405808268,-22.56082837207333,20,0,0,0,1,DISTRACTED
2026-07-21T13:21:12.752316,0.7339115059805527,0.2252579922130895,8.828485610076797,-75.0358476342854,-24.086362635965287,20,0,0,0,1,DISTRACTED
2026-07-21T13:21:12.847542,0.7177976582769411,0.23492270908808077,8.884772062955676,-74.28578473951592,-23.465689712397392,20,0,0,0,1,DISTRACTED
2026-07-21T13:21:12.946947,0.43427789495836844,0.2726122548911825,11.632357709130929,-72.85794167636584,-24.941695145876224,20,0,0,0,1,DISTRACTED
2026-07-21T13:21:13.051394,0.43240245818753104,0.3162331074483201,8.587429078202064,-68.92334782291198,-20.295310822315002,20,0,0,0,1,DISTRACTED
2026-07-21T13:21:13.154148,0.40821734991530784,0.22763382697233606,4.4941408790489845,-62.842911952099826,-12.95237137705928,20,0,0,0,1,DISTRACTED
2026-07-21T13:21:13.260873,0.343218945789161,0.2369008773281391,-15.51000609320505,-37.22166492677981,4.732518741109519,20,0,0,0,1,DISTRACTED
2026-07-21T13:21:13.362481,0.3643108112041924,0.2247361455226769,-15.047695603644229,-35.69029318898963,4.984515740873115,20,0,0,0,1,DISTRACTED
2026-07-21T13:21:13.461473,0.3506353696573753,0.23046638387921276,-15.97384043722812,-36.217122778469786,5.6111232471730865,20,0,0,0,1,DISTRACTED
2026-07-21T13:21:13.558673,0.34036022835406954,0.2361805205459142,-15.502303163570332,-36.845761128498935,5.541835877380441,20,0,0,0,1,DISTRACTED
2026-07-21T13:21:13.657943,0.366717820109139,0.23575992355522646,-16.6107053061138,-35.98417928563492,5.817994109186817,20,0,0,0,1,DISTRACTED
2026-07-21T13:21:13.761563,0.35365856609589624,0.2432851952382522,-15.844858052140097,-36.45619668304273,6.191480964905118,20,0,0,0,1,DISTRACTED
2026-07-21T13:21:13.858161,0.33986188325488303,0.22339988461332028,-14.816523826071347,-37.63887673048044,5.289571374185672,20,0,0,0,1,DISTRACTED
2026-07-21T13:21:13.954413,0.34109519145658457,0.23649291959934365,-15.277465451565405,-36.91880984073769,5.9277255519274465,20,0,0,0,1,DISTRACTED
2026-07-21T13:21:14.056023,0.3133293796406779,0.22452825823806485,-14.087964050268113,-36.40187204875382,5.10111018102031,20,0,0,0,1,DISTRACTED
2026-07-21T13:21:14.156424,0.34874646185280145,0.2438654415988774,-16.316408592690777,-35.99600100251133,6.399453804407668,20,0,0,0,1,DISTRACTED
2026-07-21T13:21:14.267442,0.27728829026848095,0.21978532386175798,-14.778068244101718,-35.53104687443661,5.047598983263953,20,0,0,0,1,DISTRACTED
2026-07-21T13:21:14.363933,0.2878443477912721,0.23025735707145464,-12.980752481707611,-35.248653674286395,4.71254762555385,20,0,0,0,1,DISTRACTED
2026-07-21T13:21:14.464531,0.3098814385818911,0.2247361455226769,-12.065426898491921,-34.29797735120414,4.268442982413381,20,0,0,0,1,DISTRACTED
2026-07-21T13:21:14.560997,0.269376200325264,0.2314271112120203,-12.302312972796528,-33.08263231152959,4.04516522802299,20,0,0,0,1,DISTRACTED
2026-07-21T13:21:14.649105,0.32686224165148814,0.2319568889116583,-11.84556709637647,-33.478394158668316,3.4179512967454517,20,0,0,0,1,DISTRACTED
2026-07-21T13:21:14.749045,0.3136084765439393,0.236666565521108,-12.387234275263381,-33.49543739211354,3.8677381684772003,20,0,0,0,1,DISTRACTED
2026-07-21T13:21:14.848136,0.3125420747388957,0.23813845928188856,-13.110171758492157,-33.54709464755439,4.083518143400041,20,0,0,0,1,DISTRACTED
2026-07-21T13:21:14.948265,0.29625582668122463,0.23718081910236405,-13.293563394682764,-33.37917945813668,5.281604829404751,20,0,0,0,1,DISTRACTED
2026-07-21T13:21:15.052435,0.2929572357865696,0.23780243758314415,-13.1531213289324,-33.60215414515239,4.859916273836157,20,0,0,0,1,DISTRACTED
2026-07-21T13:21:15.152947,0.31452298314914795,0.23243677658951462,-12.461435792078447,-33.28449806953929,4.376421745543078,20,0,0,0,1,DISTRACTED
2026-07-21T13:21:15.246403,0.2958948270534595,0.23197682008911225,-12.967570707344663,-32.77051834146861,5.178706258488604,20,0,0,0,1,DISTRACTED
2026-07-21T13:21:15.350519,0.30298813582838957,0.22693100086353515,-11.989463876413708,-33.678815057212276,4.594704521425521,20,0,0,0,1,DISTRACTED
2026-07-21T13:21:15.456146,0.3139304805841412,0.2314271112120203,-11.792329349194006,-33.47197799009862,4.641728130557247,20,0,0,0,1,DISTRACTED
2026-07-21T13:21:15.565802,0.17516203359292662,0.2351007483012526,0.708061705815112,-46.40029753468653,-6.746110076302585,20,0,0,0,1,DISTRACTED
2026-07-21T13:21:15.658780,0.10216964901160713,0.22395937091280052,3.182934668328528,-47.39906037561342,-7.789138311518599,20,0,0,0,1,DISTRACTED
2026-07-21T13:21:15.752489,0.18200997343477113,0.24532423830651182,-3.30254537509461,-15.810723368225103,-0.366030519629823,20,0,0,0,0,SAFE
2026-07-21T13:21:15.847746,0.18850781918032194,0.23079881831307533,-1.9359926048805107,-7.4189024772938215,-1.3587497477885688,20,0,0,0,0,SAFE
2026-07-21T13:21:15.938924,0.21620836353609607,0.22645037532512852,1.1422548974523465,-3.1239360577317137,-1.6840944945822403,21,0,0,0,0,SAFE
2026-07-21T13:21:16.035581,0.24309798772957963,0.22624938977445755,-0.5273143038014325,-1.8184664419396095,-1.6674652703085973,21,0,0,0,0,SAFE
2026-07-21T13:21:16.141985,0.24036822905391417,0.22784824637036566,13.626788067763272,1.3621541929697856,-1.8524816969730296,21,0,0,0,0,SAFE
2026-07-21T13:21:16.233988,0.2603973252182911,0.21879347419717765,0.21113280276478008,6.9403820948150505,-2.905480231627975,21,0,0,0,0,SAFE
2026-07-21T13:21:16.330093,0.22122048663257426,0.23649105043783636,-1.1787401307101106,3.0685214819404814,-3.4473203747377226,21,0,0,0,0,SAFE
2026-07-21T13:21:16.432922,0.2120099077979375,0.23659050365585,-3.1222972509955014,2.5612602462175054,-3.6861312253224994,21,0,0,0,0,SAFE
2026-07-21T13:21:16.527020,0.22405256096590598,0.2325582289124148,-3.1616404805252785,6.327344789762629,-3.5030682878949446,21,0,0,0,0,SAFE
2026-07-21T13:21:16.623616,0.2511110463347002,0.22335836539261958,-0.8284850161742554,7.4472912857508,-3.4421748958676766,21,0,0,0,0,SAFE
2026-07-21T13:21:16.726453,0.25836635842760564,0.22706249591066405,-1.5009149011831084,11.396918068853228,-3.843537021055046,21,0,0,0,0,SAFE
2026-07-21T13:21:16.826388,0.290569038877897,0.23693319068572088,9.179646812225485,16.351508522757825,-0.6317528896125566,21,0,0,0,0,SAFE
2026-07-21T13:21:16.924576,0.2767104861810759,0.21836136026479563,-2.2184289503411208,15.362487495603688,-4.98044658578995,21,0,0,0,0,SAFE
2026-07-21T13:21:17.026929,0.2780580209760912,0.21836136026479563,-2.505676962980459,17.09062340737036,-5.176663823368305,21,0,0,0,0,SAFE
2026-07-21T13:21:17.126526,0.2900121596003573,0.23223696982238698,8.41452021630883,16.587743119333023,-1.307218892825631,21,0,0,0,0,SAFE
